budget,id,original_language,popularity,production_companies,production_countries,release_date,revenue,runtime,spoken_languages,status,title,vote_average,vote_count,year,month,profit,roi
237000000,19995,en,150.437577,"['Ingenious Film Partners', 'Twentieth Century Fox Film Corporation', 'Dune Entertainment', 'Lightstorm Entertainment']","['United States of America', 'United Kingdom']",2009-12-10,2787965087,162.0,"['English', 'Español']",Released,Avatar,7.2,11800,2009,12,2550965087,11.763565767932489
300000000,285,en,139.082615,"['Walt Disney Pictures', 'Jerry Bruckheimer Films', 'Second Mate Productions']",['United States of America'],2007-05-19,961000000,169.0,['English'],Released,Pirates of the Caribbean: At World's End,6.9,4500,2007,5,661000000,3.203333333333333
245000000,206647,en,107.376788,"['Columbia Pictures', 'Danjaq', 'B24']","['United Kingdom', 'United States of America']",2015-10-26,880674609,148.0,"['Français', 'English', 'Español', 'Italiano', 'Deutsch']",Released,Spectre,6.3,4466,2015,10,635674609,3.5945902408163266
250000000,49026,en,112.31295,"['Legendary Pictures', 'Warner Bros.', 'DC Entertainment', 'Syncopy']",['United States of America'],2012-07-16,1084939099,165.0,['English'],Released,The Dark Knight Rises,7.6,9106,2012,7,834939099,4.339756396
260000000,49529,en,43.926995,['Walt Disney Pictures'],['United States of America'],2012-03-07,284139100,132.0,['English'],Released,John Carter,6.1,2124,2012,3,24139100,1.0928426923076924
258000000,559,en,115.699814,"['Columbia Pictures', 'Laura Ziskin Productions', 'Marvel Enterprises']",['United States of America'],2007-05-01,890871626,139.0,"['English', 'Français']",Released,Spider-Man 3,5.9,3576,2007,5,632871626,3.4529907984496124
260000000,38757,en,48.681969,"['Walt Disney Pictures', 'Walt Disney Animation Studios']",['United States of America'],2010-11-24,591794936,100.0,['English'],Released,Tangled,7.4,3330,2010,11,331794936,2.2761343692307694
280000000,99861,en,134.279229,"['Marvel Studios', 'Prime Focus', 'Revolution Sun Studios']",['United States of America'],2015-04-22,1405403694,141.0,['English'],Released,Avengers: Age of Ultron,7.3,6767,2015,4,1125403694,5.019298907142857
250000000,767,en,98.885637,"['Warner Bros.', 'Heyday Films']","['United Kingdom', 'United States of America']",2009-07-07,933959197,153.0,['English'],Released,Harry Potter and the Half-Blood Prince,7.4,5293,2009,7,683959197,3.735836788
250000000,209112,en,155.790452,"['DC Comics', 'Atlas Entertainment', 'Warner Bros.', 'DC Entertainment', 'Cruel & Unusual Films', 'RatPac-Dune Entertainment']",['United States of America'],2016-03-23,873260194,151.0,['English'],Released,Batman v Superman: Dawn of Justice,5.7,7004,2016,3,623260194,3.493040776
270000000,1452,en,57.925623,"['DC Comics', 'Legendary Pictures', 'Warner Bros.', 'Bad Hat Harry Productions']",['United States of America'],2006-06-28,391081192,154.0,"['English', 'Français', 'Deutsch']",Released,Superman Returns,5.4,1400,2006,6,121081192,1.4484488592592593
200000000,10764,en,107.928811,['Eon Productions'],"['United Kingdom', 'United States of America']",2008-10-30,586090727,106.0,"['English', 'Español', 'Italiano', 'Français', 'Deutsch']",Released,Quantum of Solace,6.1,2965,2008,10,386090727,2.930453635
200000000,58,en,145.847379,"['Walt Disney Pictures', 'Jerry Bruckheimer Films', 'Second Mate Productions']","['Jamaica', 'United States of America', 'Bahamas', 'Dominica']",2006-06-20,1065659812,151.0,"['English', 'Türkçe', 'ελληνικά', '普通话']",Released,Pirates of the Caribbean: Dead Man's Chest,7.0,5246,2006,6,865659812,5.32829906
255000000,57201,en,49.046956,"['Walt Disney Pictures', 'Jerry Bruckheimer Films', 'Infinitum Nihil', 'Silver Bullet Productions (II)', 'Blind Wink Productions', 'Classic Media']",['United States of America'],2013-07-03,89289910,149.0,['English'],Released,The Lone Ranger,5.9,2311,2013,7,-165710090,0.35015650980392155
225000000,49521,en,99.398009,"['Legendary Pictures', 'Warner Bros.', 'DC Entertainment', 'Syncopy', 'Cruel and Unusual Films']","['United Kingdom', 'United States of America']",2013-06-12,662845518,143.0,['English'],Released,Man of Steel,6.5,6359,2013,6,437845518,2.94598008
225000000,2454,en,53.978602,"['Walt Disney', 'Walden Media', 'Stillking Films', 'Ozumi Films', 'Propeler', 'Silverbell Films', 'Revolution Sun Studios']","['Czech Republic', 'Poland', 'Slovenia', 'United States of America']",2008-05-15,419651413,150.0,['English'],Released,The Chronicles of Narnia: Prince Caspian,6.3,1630,2008,5,194651413,1.8651173911111112
220000000,24428,en,144.448633,"['Paramount Pictures', 'Marvel Studios']",['United States of America'],2012-04-25,1519557910,143.0,['English'],Released,The Avengers,7.4,11776,2012,4,1299557910,6.907081409090909
380000000,1865,en,135.413856,"['Walt Disney Pictures', 'Jerry Bruckheimer Films', 'Moving Picture Company (MPC)']",['United States of America'],2011-05-14,1045713802,136.0,"['English', 'Español']",Released,Pirates of the Caribbean: On Stranger Tides,6.4,4948,2011,5,665713802,2.7518784263157894
225000000,41154,en,52.035179,"['Amblin Entertainment', 'Media Magik Entertainment', 'Imagenation Abu Dhabi FZ', 'Hemisphere Media Capital', 'Parkes/MacDonald Productions']",['United States of America'],2012-05-23,624026776,106.0,['English'],Released,Men in Black 3,6.2,4160,2012,5,399026776,2.773452337777778
250000000,122917,en,120.965743,"['WingNut Films', 'New Line Cinema', 'Warner Bros. Pictures', '3Foot7', 'Metro-Goldwyn-Mayer (MGM)']","['New Zealand', 'United States of America']",2014-12-10,956019788,144.0,['English'],Released,The Hobbit: The Battle of the Five Armies,7.1,4760,2014,12,706019788,3.824079152
215000000,1930,en,89.866276,"['Columbia Pictures', 'Laura Ziskin Productions', 'Marvel Entertainment']",['United States of America'],2012-06-27,752215857,136.0,['English'],Released,The Amazing Spider-Man,6.5,6586,2012,6,537215857,3.4986784046511628
200000000,20662,en,37.668301,"['Imagine Entertainment', 'Universal Pictures', 'Scott Free Productions', 'Relativity Media']","['United Kingdom', 'United States of America']",2010-05-12,310669540,140.0,"['English', 'ภาษาไทย']",Released,Robin Hood,6.2,1398,2010,5,110669540,1.5533477
250000000,57158,en,94.370564,"['WingNut Films', 'New Line Cinema', 'Warner Bros. Pictures', 'Metro-Goldwyn-Mayer (MGM)']","['New Zealand', 'United States of America']",2013-12-11,958400000,161.0,['English'],Released,The Hobbit: The Desolation of Smaug,7.6,4524,2013,12,708400000,3.8336
180000000,2268,en,42.990906,"['New Line Cinema', 'Ingenious Film Partners', 'Depth of Field', 'Scholastic Productions']","['United Kingdom', 'United States of America']",2007-12-04,372234864,113.0,"['Íslenska', 'English', 'Pусский', 'Français']",Released,The Golden Compass,5.8,1303,2007,12,192234864,2.0679714666666666
207000000,254,en,61.22601,"['WingNut Films', 'Universal Pictures', 'Big Primate Pictures', 'MFPV Film']","['New Zealand', 'United States of America', 'Germany']",2005-12-14,550000000,187.0,['English'],Released,King Kong,6.6,2337,2005,12,343000000,2.657004830917874
200000000,597,en,100.025899,"['Paramount Pictures', 'Twentieth Century Fox Film Corporation', 'Lightstorm Entertainment']",['United States of America'],1997-11-18,1845034188,194.0,"['English', 'Français', 'Deutsch', 'svenska', 'Italiano', 'Pусский']",Released,Titanic,7.5,7562,1997,11,1645034188,9.22517094
250000000,271110,en,198.372395,"['Studio Babelsberg', 'Marvel Studios', 'Walt Disney Studios Motion Pictures', 'Vita-Ray Dutch Productions (III)', 'Deluxe Digital Studios']",['United States of America'],2016-04-27,1153304495,147.0,"['Română', 'English', 'Deutsch', 'Pусский']",Released,Captain America: Civil War,7.1,7241,2016,4,903304495,4.61321798
209000000,44833,en,64.928382,"['Universal Pictures', 'Hasbro', 'Bluegrass Films', 'Film 44']",['United States of America'],2012-04-11,303025485,131.0,"['English', 'ภาษาไทย']",Released,Battleship,5.5,2114,2012,4,94025485,1.4498827033492823
150000000,135397,en,418.708552,"['Universal Studios', 'Amblin Entertainment', 'Legendary Pictures', 'Fuji Television Network', 'Dentsu']",['United States of America'],2015-06-09,1513528810,124.0,['English'],Released,Jurassic World,6.5,8662,2015,6,1363528810,10.090192066666667
200000000,37724,en,93.004993,['Columbia Pictures'],"['United Kingdom', 'United States of America']",2012-10-25,1108561013,143.0,['English'],Released,Skyfall,6.9,7604,2012,10,908561013,5.542805065
200000000,558,en,35.149586,"['Columbia Pictures', 'Laura Ziskin Productions', 'Marvel Enterprises']",['United States of America'],2004-06-25,783766341,127.0,"['English', 'Pусский', '普通话']",Released,Spider-Man 2,6.7,4321,2004,6,583766341,3.918831705
200000000,68721,en,77.68208,['Marvel Studios'],"['China', 'United States of America']",2013-04-18,1215439994,130.0,['English'],Released,Iron Man 3,6.8,8806,2013,4,1015439994,6.07719997
200000000,12155,en,78.530105,"['Walt Disney Pictures', 'Team Todd', 'Tim Burton Productions', 'Roth Films', 'Zanuck Company, The']",['United States of America'],2010-03-03,1025491110,108.0,['English'],Released,Alice in Wonderland,6.4,4645,2010,3,825491110,5.12745555
210000000,36668,en,3.857526,"['Ingenious Film Partners', 'Twentieth Century Fox Film Corporation', ""Donners' Company"", 'Dune Entertainment', 'Major Studio Partners', 'Bad Hat Harry Productions', 'thinkfilm', 'Marvel Enterprises', 'X3 Canada Productions', 'X3US Productions', 'XM3 Service']","['Canada', 'United Kingdom', 'United States of America']",2006-05-24,459359555,104.0,['English'],Released,X-Men: The Last Stand,6.3,3525,2006,5,249359555,2.1874264523809526
200000000,62211,en,89.186492,"['Walt Disney Pictures', 'Pixar Animation Studios']",['United States of America'],2013-06-20,743559607,104.0,['English'],Released,Monsters University,7.0,3528,2013,6,543559607,3.717798035
150000000,8373,en,21.939663,"['Paramount Pictures', 'DreamWorks SKG', 'Amblin Entertainment', 'Di Bonaventura Pictures', 'Platinum Dunes', 'Hasbro Studios', 'Revolution Sun Studios']",['United States of America'],2009-06-19,836297228,150.0,"['English', 'Español']",Released,Transformers: Revenge of the Fallen,6.0,3138,2009,6,686297228,5.575314853333333
210000000,91314,en,116.840296,"['Paramount Pictures', 'Amblin Entertainment', 'Di Bonaventura Pictures', 'Platinum Dunes', 'China Movie Channel', 'Hasbro Studios', 'Ian Bryce Productions', 'Revolution Sun Studios']",['United States of America'],2014-06-25,1091405097,165.0,['English'],Released,Transformers: Age of Extinction,5.8,3095,2014,6,881405097,5.1971671285714285
200000000,68728,en,46.985445,"['Walt Disney Pictures', 'Roth Films']",['United States of America'],2013-03-07,491868548,130.0,['English'],Released,Oz: The Great and Powerful,5.7,3530,2013,3,291868548,2.45934274
200000000,102382,en,89.270217,"['Columbia Pictures', 'Marvel Enterprises', 'Avi Arad Productions', 'Matt Tolmach Productions']",['United States of America'],2014-04-16,705717432,142.0,['English'],Released,The Amazing Spider-Man 2,6.5,4179,2014,4,505717432,3.52858716
170000000,20526,en,73.79505,"['Walt Disney Pictures', 'LivePlanet', 'Prana Studios', 'Sean Bailey Productions', 'Revolution Sun Studios', 'Kontsept Film Company']",['United States of America'],2010-12-10,400062763,125.0,['English'],Released,TRON: Legacy,6.3,2841,2010,12,230062763,2.3533103705882352
200000000,49013,en,49.98659,"['Walt Disney Pictures', 'Pixar Animation Studios']",['United States of America'],2011-06-11,559852396,106.0,"['English', '日本語', 'Italiano', 'Français']",Released,Cars 2,5.8,2033,2011,6,359852396,2.79926198
200000000,44912,en,51.872839,"['De Line Pictures', 'Warner Bros.', 'DC Entertainment']",['United States of America'],2011-06-16,219851172,114.0,['English'],Released,Green Lantern,5.1,2487,2011,6,19851172,1.09925586
200000000,10193,en,59.995418,"['Walt Disney Pictures', 'Pixar Animation Studios']",['United States of America'],2010-06-16,1066969703,103.0,"['English', 'Español']",Released,Toy Story 3,7.6,4597,2010,6,866969703,5.334848515
200000000,534,en,71.862892,"['Columbia Pictures', 'The Halcyon Company', 'Wonderland Sound and Vision', 'Warner Bros.']","['Germany', 'Italy', 'United Kingdom', 'United States of America']",2009-05-20,371353001,115.0,"['English', 'Italiano']",Released,Terminator Salvation,5.9,2463,2009,5,171353001,1.856765005
190000000,168259,en,102.322217,"['Universal Pictures', 'Original Film', 'Fuji Television Network', 'Dentsu', 'One Race Films', 'China Film Co.', 'Québec Production Services Tax Credit', 'Media Rights Capital (MRC)', 'Abu Dhabi Film Commission', 'Colorado Office of Film, Television & Media']","['Japan', 'United States of America']",2015-04-01,1506249360,137.0,['English'],Released,Furious 7,7.3,4176,2015,4,1316249360,7.927628210526316
200000000,72190,en,81.834855,"['Paramount Pictures', 'GK Films', 'Skydance Productions', 'Hemisphere Media Capital', 'Apparatus Productions', 'Latina Pictures', '2DUX²']","['United States of America', 'Malta']",2013-06-20,531865000,116.0,['English'],Released,World War Z,6.7,5560,2013,6,331865000,2.659325
250000000,127585,en,118.078691,"['Twentieth Century Fox Film Corporation', ""Donners' Company"", 'Marvel Entertainment', 'Bad Hat Harry Productions', 'TSG Entertainment', 'Down Productions', 'Revolution Sun Studios']","['United Kingdom', 'United States of America']",2014-05-15,747862775,131.0,['English'],Released,X-Men: Days of Future Past,7.5,6032,2014,5,497862775,2.9914511
190000000,54138,en,78.291018,"['Paramount Pictures', 'Skydance Productions', 'Bad Robot', 'Kurtzman/Orci']",['United States of America'],2013-05-05,467365246,132.0,['English'],Released,Star Trek Into Darkness,7.4,4418,2013,5,277365246,2.4598170842105263
195000000,81005,en,43.349855,"['New Line Cinema', 'Original Film', 'Legendary Pictures', 'Warner Bros.', 'Big Kid Pictures', 'Bad Hat Harry Productions']",['United States of America'],2013-02-27,197687603,114.0,['English'],Released,Jack the Giant Slayer,5.5,2598,2013,2,2687603,1.0137825794871795
105000000,64682,en,61.196071,"['Village Roadshow Pictures', 'Bazmark Films', 'Warner Bros.', 'A&E Television Networks', 'Red Wagon Entertainment', 'Spectrum Films']","['United States of America', 'Australia']",2013-05-10,351040419,143.0,['English'],Released,The Great Gatsby,7.3,3769,2013,5,246040419,3.3432420857142855
150000000,9543,en,62.169881,"['Walt Disney Pictures', 'Jerry Bruckheimer Films']",['United States of America'],2010-05-19,335154643,116.0,['English'],Released,Prince of Persia: The Sands of Time,6.2,2317,2010,5,185154643,2.2343642866666666
180000000,68726,en,56.523205,"['Legendary Pictures', 'Warner Bros.', 'Disney Double Dare You (DDY)', 'Indochina Productions']","['United States of America', 'Canada']",2013-07-11,407602906,131.0,['English'],Released,Pacific Rim,6.7,4794,2013,7,227602906,2.264460588888889
195000000,38356,en,28.529607,"['Paramount Pictures', 'Di Bonaventura Pictures', 'Indochina Productions', 'Hasbro Studios']",['United States of America'],2011-06-28,1123746996,154.0,['English'],Released,Transformers: Dark of the Moon,6.1,3299,2011,6,928746996,5.762805107692308
185000000,217,en,75.674458,"['Lucasfilm', 'Paramount Pictures']",['United States of America'],2008-05-21,786636033,122.0,"['English', 'Deutsch', 'Pусский']",Released,Indiana Jones and the Kingdom of the Crystal Skull,5.7,2495,2008,5,601636033,4.252086664864865
175000000,105864,en,51.692953,"['Walt Disney Pictures', 'Pixar Animation Studios']",['United States of America'],2015-11-14,331926147,93.0,['English'],Released,The Good Dinosaur,6.6,1736,2015,11,156926147,1.89672084
185000000,62177,en,125.114374,"['Walt Disney Pictures', 'Pixar Animation Studios']",['United States of America'],2012-06-21,538983207,93.0,['English'],Released,Brave,6.7,4641,2012,6,353983207,2.9134227405405406
185000000,188927,en,65.352913,"['Paramount Pictures', 'Bad Robot', 'Perfect Storm Entertainment', 'Alibaba Pictures Group', 'Skydance Media', 'Sneaky Shark', 'Huahua Media']",['United States of America'],2016-07-07,343471816,122.0,['English'],Released,Star Trek Beyond,6.6,2568,2016,7,158471816,1.8566044108108108
180000000,10681,en,66.390712,"['Walt Disney Pictures', 'Pixar Animation Studios', 'FortyFour Studios']",['United States of America'],2008-06-22,521311860,98.0,['English'],Released,WALL·E,7.8,6296,2008,6,341311860,2.896177
140000000,5174,en,22.57178,['New Line Cinema'],['United States of America'],2007-08-08,258022233,91.0,"['Latin', 'English', 'Français', '日本語', '普通话']",Released,Rush Hour 3,6.1,783,2007,8,118022233,1.84301595
200000000,14161,en,45.274225,"['Columbia Pictures', 'Centropolis Entertainment', 'The Mark Gordon Company', 'Farewell Productions']","['Canada', 'United States of America']",2009-10-10,769653595,158.0,"['English', 'Français', 'हिन्दी', 'Italiano', 'Latin', '普通话', 'Português', 'Pусский', '']",Released,2012,5.6,4903,2009,10,569653595,3.848267975
200000000,17979,en,39.744242,"['Walt Disney', 'ImageMovers']",['United States of America'],2009-11-04,325233863,96.0,['English'],Released,A Christmas Carol,6.6,1095,2009,11,125233863,1.626169315
176000003,76757,en,85.36908,"['Village Roadshow Pictures', 'Dune Entertainment', 'Anarchos Productions', 'Warner Bros.']",['United States of America'],2015-02-04,183987723,124.0,['English'],Released,Jupiter Ascending,5.2,2768,2015,2,7987720,1.0453847719536686
180000000,258489,en,42.741719,"['Village Roadshow Pictures', 'Dark Horse Entertainment', 'Jerry Weintraub Productions', 'RatPac-Dune Entertainment', 'Beagle Pug Films', 'Riche Productions', 'Village Roadshow Films North America']","['Canada', 'United Kingdom', 'United States of America']",2016-06-29,356743061,109.0,['English'],Released,The Legend of Tarzan,5.5,2430,2016,6,176743061,1.9819058944444445
180000000,411,en,67.391328,"['Walt Disney', 'Walden Media']","['United Kingdom', 'United States of America']",2005-12-07,748806957,143.0,"['English', 'Deutsch']",Released,"The Chronicles of Narnia: The Lion, the Witch and the Wardrobe",6.7,2629,2005,12,568806957,4.16003865
178000000,246655,en,139.272042,"['Twentieth Century Fox Film Corporation', ""Donners' Company"", 'Marvel Entertainment', 'Bad Hat Harry Productions', 'TSG Entertainment', 'Kinberg Genre']",['United States of America'],2016-05-18,543934787,144.0,['English'],Released,X-Men: Apocalypse,6.4,4721,2016,5,365934787,3.0558134101123597
185000000,155,en,187.322927,"['DC Comics', 'Legendary Pictures', 'Warner Bros.', 'DC Entertainment', 'Syncopy']","['United Kingdom', 'United States of America']",2008-07-16,1004558444,152.0,"['English', '普通话']",Released,The Dark Knight,8.2,12002,2008,7,819558444,5.430045643243243
175000000,14160,en,92.201962,['Pixar Animation Studios'],['United States of America'],2009-05-13,735099082,96.0,['English'],Released,Up,7.7,6870,2009,5,560099082,4.200566182857143
175000000,15512,en,36.167578,['DreamWorks Animation'],['United States of America'],2009-03-19,381509870,94.0,['English'],Released,Monsters vs Aliens,6.0,1423,2009,3,206509870,2.1800564
140000000,1726,en,120.725053,['Marvel Studios'],['United States of America'],2008-04-30,585174222,126.0,"['English', 'فارسی', 'اردو', 'العربية']",Released,Iron Man,7.4,8776,2008,4,445174222,4.179815871428572
170000000,44826,en,32.319043,"['Paramount Pictures', 'Infinitum Nihil', 'GK Films']","['France', 'United States of America', 'United Kingdom']",2011-11-22,185770160,126.0,['English'],Released,Hugo,7.0,2141,2011,11,15770160,1.0927656470588236
170000000,8487,en,40.748915,"['Todman, Simon, LeMasters Productions', 'Warner Bros.', 'Peters Entertainment', 'Sonnenfeld Josephson Worldwide Entertainment']",['United States of America'],1999-06-29,222104681,106.0,['English'],Released,Wild Wild West,5.1,1020,1999,6,52104681,1.3064981235294117
145000000,1735,en,60.034162,"['Universal Pictures', 'China Film Co-Production Corporation', 'Relativity Media', 'Alphaville Films', 'Sommers Company, The']","['Germany', 'United States of America']",2008-07-01,401128639,112.0,"['English', '普通话', '']",Released,The Mummy: Tomb of the Dragon Emperor,5.2,1387,2008,7,256128639,2.7664044068965516
175000000,297761,en,90.23792,"['DC Comics', 'Dune Entertainment', 'Atlas Entertainment', 'Warner Bros.', 'DC Entertainment']",['United States of America'],2016-08-02,745000000,123.0,['English'],Released,Suicide Squad,5.9,7458,2016,8,570000000,4.257142857142857
175000000,2698,en,27.082182,"['Columbia Pictures', 'Universal Pictures', 'Spyglass Entertainment', 'Shady Acres Entertainment', 'Original Film', 'Playtone', 'Relativity Media']",['United States of America'],2007-06-09,173000000,96.0,['English'],Released,Evan Almighty,5.3,1151,2007,6,-2000000,0.9885714285714285
178000000,137113,en,79.456485,"['Village Roadshow Pictures', 'Warner Bros.', 'Viz Media', 'Province of British Columbia Production Services Tax Credit', '3 Arts Entertainment', 'RatPac-Dune Entertainment']","['Australia', 'United States of America']",2014-05-27,370541256,113.0,['English'],Released,Edge of Tomorrow,7.6,4858,2014,5,192541256,2.081692449438202
175000000,9804,en,44.640292,"['Universal Pictures', 'Gordon Company', 'Davis Entertainment', 'Licht/Mueller Film Corporation']",['United States of America'],1995-07-28,264218220,135.0,"['English', 'Deutsch', 'Español']",Released,Waterworld,5.9,992,1995,7,89218220,1.5098184
175000000,14869,en,32.852443,"['Paramount Pictures', 'Spyglass Entertainment', 'Di Bonaventura Pictures', 'Hasbro', 'Kontsept Film Company']","['Czech Republic', 'United States of America']",2009-08-04,302469017,118.0,"['English', 'Français', '']",Released,G.I. Joe: The Rise of Cobra,5.6,1962,2009,8,127469017,1.7283943828571429
175000000,150540,en,128.655964,"['Walt Disney Pictures', 'Pixar Animation Studios']",['United States of America'],2015-06-09,857611174,94.0,['English'],Released,Inside Out,8.0,6560,2015,6,682611174,4.90063528
175000000,278927,en,94.199316,"['Walt Disney Pictures', 'Walt Disney Studios Motion Pictures', 'Fairview Entertainment', 'Moving Picture Company (MPC)']","['United Kingdom', 'United States of America']",2016-04-07,966550600,106.0,['English'],Released,The Jungle Book,6.7,2892,2016,4,791550600,5.523146285714286
200000000,10138,en,77.300194,['Marvel Studios'],['United States of America'],2010-04-28,623933331,124.0,"['English', 'Pусский', 'Français']",Released,Iron Man 2,6.6,6849,2010,4,423933331,3.119666655
170000000,58595,en,77.178973,"['Universal Pictures', 'Roth Films']",['United States of America'],2012-05-30,396600000,127.0,['English'],Released,Snow White and the Huntsman,5.8,3118,2012,5,226600000,2.3329411764705883
180000000,102651,en,110.620647,"['Walt Disney Pictures', 'Walt Disney Studios Motion Pictures', 'Roth Films']",['United States of America'],2014-05-28,758539785,97.0,['English'],Released,Maleficent,7.0,4496,2014,5,578539785,4.214109916666667
170000000,119450,en,243.791743,"['Ingenious Media', 'Chernin Entertainment', 'TSG Entertainment']",['United States of America'],2014-06-26,710644566,130.0,['English'],Released,Dawn of the Planet of the Apes,7.3,4410,2014,6,540644566,4.180262152941176
175000000,64686,en,41.796339,"['Mid Atlantic Films', 'Stuber Productions', 'Universal', 'Moving Picture Company (MPC)', 'H2F Entertainment']",['United States of America'],2013-12-06,150962475,119.0,"['English', '日本語']",Released,47 Ronin,5.9,1326,2013,12,-24037525,0.8626427142857143
170000000,100402,en,72.225265,['Marvel Studios'],['United States of America'],2014-03-20,714766572,136.0,['English'],Released,Captain America: The Winter Soldier,7.6,5764,2014,3,544766572,4.204509247058824
165000000,10192,en,44.041186,['DreamWorks Animation'],['United States of America'],2010-05-16,752600867,93.0,['English'],Released,Shrek Forever After,6.0,1959,2010,5,587600867,4.561217375757575
190000000,158852,en,130.311355,"['Walt Disney Pictures', 'Babieka', 'A113']",['United States of America'],2015-05-19,209154322,130.0,['English'],Released,Tomorrowland,6.2,2846,2015,5,19154322,1.1008122210526317
165000000,177572,en,203.73459,"['Walt Disney Pictures', 'Walt Disney Animation Studios']",['United States of America'],2014-10-24,652105443,102.0,['English'],Released,Big Hero 6,7.8,6135,2014,10,487105443,3.9521542
165000000,82690,en,62.341073,['Walt Disney Animation Studios'],['United States of America'],2012-11-01,471222889,108.0,['English'],Released,Wreck-It Ralph,7.1,4570,2012,11,306222889,2.855896296969697
165000000,5255,en,47.323228,"['Golden Mean', 'Playtone', 'ImageMovers']",['United States of America'],2004-11-10,305875730,100.0,['English'],Released,The Polar Express,6.4,1474,2004,11,140875730,1.853792303030303
165000000,47933,en,48.775723,"['Twentieth Century Fox Film Corporation', 'Centropolis Entertainment', 'TSG Entertainment', 'Stereo D']",['United States of America'],2016-06-22,389681935,120.0,['English'],Released,Independence Day: Resurgence,4.9,2491,2016,6,224681935,2.3617086969696968
165000000,10191,en,67.263269,"['DreamWorks Animation', 'Vertigo Entertainment', 'Mad Hatter Entertainment']",['United States of America'],2010-03-05,494878759,98.0,['English'],Released,How to Train Your Dragon,7.5,4227,2010,3,329878759,2.999265206060606
200000000,296,en,69.405188,"['Columbia Pictures', 'Intermedia Films', 'Warner Bros.', 'C-2 Pictures', 'IMF Internationale Medien und Film GmbH & Co. 3. Produktions KG', 'Mostow/Lieberman Productions']","['Germany', 'United Kingdom', 'United States of America']",2003-07-02,435000000,109.0,['English'],Released,Terminator 3: Rise of the Machines,5.9,2143,2003,7,235000000,2.175
170000000,118340,en,481.098624,"['Marvel Studios', 'Moving Picture Company (MPC)', 'Bulletproof Cupid', 'Revolution Sun Studios']","['United Kingdom', 'United States of America']",2014-07-30,773328629,121.0,['English'],Released,Guardians of the Galaxy,7.9,9742,2014,7,603328629,4.548991935294118
165000000,157336,en,724.247784,"['Paramount Pictures', 'Legendary Pictures', 'Warner Bros.', 'Syncopy', 'Lynda Obst Productions']","['Canada', 'United States of America', 'United Kingdom']",2014-11-05,675120017,169.0,['English'],Released,Interstellar,8.1,10867,2014,11,510120017,4.0916364666666665
160000000,27205,en,167.58371,"['Legendary Pictures', 'Warner Bros.', 'Syncopy']","['United Kingdom', 'United States of America']",2010-07-14,825532764,148.0,"['English', '日本語', 'Français']",Released,Inception,8.1,13752,2010,7,665532764,5.159579775
15000000,315011,ja,9.476999,"['Cine Bazar', 'Toho Pictures']",['Japan'],2016-07-29,77000000,120.0,"['Italiano', 'Deutsch', 'English', '日本語']",Released,Shin Godzilla,6.5,143,2016,7,62000000,5.133333333333334
250000000,49051,en,108.849621,"['WingNut Films', 'New Line Cinema', 'Warner Bros. Pictures', 'Metro-Goldwyn-Mayer (MGM)']","['New Zealand', 'United States of America']",2012-11-26,1021103568,169.0,['English'],Released,The Hobbit: An Unexpected Journey,7.0,8297,2012,11,771103568,4.084414272
38000000,9799,en,6.909942,"['Universal Pictures', 'Original Film', 'Ardustry Entertainment', 'Mediastream Film GmbH & Co. Productions KG']","['Germany', 'United States of America']",2001-06-22,207283925,106.0,['English'],Released,The Fast and the Furious,6.6,3428,2001,6,169283925,5.454840131578948
150000000,4922,en,60.269279,"['Paramount Pictures', 'Warner Bros.', 'Kennedy/Marshall Company, The']",['United States of America'],2008-11-24,333932083,166.0,['English'],Released,The Curious Case of Benjamin Button,7.3,3292,2008,11,183932083,2.2262138866666668
160000000,49538,en,3.195174,"['Ingenious Film Partners', 'Ingenious Media', 'Twentieth Century Fox Film Corporation', ""Donners' Company"", 'Dune Entertainment', 'Dune Entertainment III', 'Marvel Entertainment', 'Bad Hat Harry Productions', 'Big Screen Productions']",['United States of America'],2011-05-24,353624124,132.0,"['Deutsch', 'English', 'Español', 'Français', 'Pусский']",Released,X-Men: First Class,7.1,5181,2011,5,193624124,2.210150775
160000000,131634,en,127.284427,"['Studio Babelsberg', 'Lionsgate', 'Color Force']","['Germany', 'United States of America']",2015-11-18,653428261,137.0,['English'],Released,The Hunger Games: Mockingjay - Part 2,6.6,3984,2015,11,493428261,4.08392663125
150000000,27022,en,35.580815,"['Walt Disney Pictures', 'Jerry Bruckheimer Films', 'Saturn Films', 'Broken Road Productions', 'Junction Entertainment']",['United States of America'],2010-07-13,215283742,109.0,['English'],Released,The Sorcerer's Apprentice,5.8,1470,2010,7,65283742,1.4352249466666667
160000000,503,en,21.133748,"['Virtual Studios', 'Next Entertainment', 'Warner Bros.', 'Irwin Allen Productions', 'Radiant Productions', 'Synthesis Entertainment']",['United States of America'],2006-05-12,181674817,99.0,"['English', 'Español']",Released,Poseidon,5.5,583,2006,5,21674817,1.13546760625
170000000,241259,en,56.268916,"['Walt Disney Pictures', 'Team Todd', 'Tim Burton Productions', 'Roth Films', 'Legend3D']","['United Kingdom', 'United States of America']",2016-05-25,299370084,113.0,['English'],Released,Alice Through the Looking Glass,6.5,1725,2016,5,129370084,1.7610004941176471
160000000,810,en,42.986467,"['DreamWorks SKG', 'DreamWorks Animation']",['United States of America'],2007-05-17,798958165,93.0,['Français'],Released,Shrek the Third,6.0,2278,2007,5,638958165,4.99348853125
160000000,68735,en,63.148529,"['Universal Pictures', 'Atlas Entertainment', 'Legendary Pictures', 'Blizzard Entertainment']","['Canada', 'China', 'Japan', 'United States of America']",2016-05-25,433677183,123.0,['English'],Released,Warcraft,6.3,2268,2016,5,273677183,2.71048239375
155000000,87101,en,202.042635,"['Paramount Pictures', 'Annapurna Pictures', 'Skydance Media']",['United States of America'],2015-06-23,440603537,126.0,['English'],Released,Terminator Genisys,5.8,3631,2015,6,285603537,2.842603464516129
155000000,10140,en,49.661984,"['Dune Entertainment', 'Fox 2000 Pictures', 'Walden Media']",['United States of America'],2010-08-13,415686217,113.0,['English'],Released,The Chronicles of Narnia: The Voyage of the Dawn Treader,6.2,1514,2010,8,260686217,2.6818465612903224
140000000,676,en,34.20669,"['Jerry Bruckheimer Films', 'Touchstone Pictures']",['United States of America'],2001-05-21,449220945,183.0,"['Français', 'English', '日本語']",Released,Pearl Harbor,6.6,1791,2001,5,309220945,3.208721035714286
150000000,1858,en,25.468493,"['Paramount Pictures', 'DreamWorks SKG', 'Amblin Entertainment', 'Di Bonaventura Pictures', 'Platinum Dunes', 'thinkfilm', 'SprocketHeads', 'Hasbro Studios', 'Revolution Sun Studios']",['United States of America'],2007-06-27,709709780,144.0,"['Español', 'English']",Released,Transformers,6.6,4040,2007,6,559709780,4.7313985333333335
155000000,1966,en,39.019229,"['France 3 Cinéma', 'Intermedia Films', 'Pathé Renn Productions', 'Egmond Film & Television', 'Warner Bros.', 'Pacifica Film', 'IMF Internationale Medien und Film GmbH & Co. 3. Produktions KG', 'WR Universal Group']","['France', 'Germany', 'Italy', 'Netherlands', 'United Kingdom', 'United States of America']",2004-11-21,167298192,175.0,['English'],Released,Alexander,5.6,927,2004,11,12298192,1.0793431741935484
150000000,675,en,78.144395,"['Warner Bros.', 'Heyday Films']","['United Kingdom', 'United States of America']",2007-06-28,938212738,138.0,['English'],Released,Harry Potter and the Order of the Phoenix,7.4,5494,2007,6,788212738,6.254751586666667
150000000,674,en,101.250416,"['Patalex IV Productions Limited', 'Warner Bros.', 'Heyday Films']","['United Kingdom', 'United States of America']",2005-11-05,895921036,157.0,"['English', 'Français']",Released,Harry Potter and the Goblet of Fire,7.5,5608,2005,11,745921036,5.9728069066666665
150000000,8960,en,56.758411,"['Columbia Pictures', 'Weed Road Pictures', 'Forward Pass', 'Relativity Media', 'Overbrook Entertainment', 'Blue Light', 'GH Three']",['United States of America'],2008-07-01,624029371,92.0,"['English', '日本語']",Released,Hancock,6.2,2961,2008,7,474029371,4.160195806666667
150000000,6479,en,70.867401,"['Village Roadshow Pictures', 'Original Film', 'Weed Road Pictures', 'Warner Bros.', 'Heyday Films', 'Overbrook Entertainment']",['United States of America'],2007-12-14,585349010,101.0,['English'],Released,I Am Legend,6.9,4853,2007,12,435349010,3.902326733333333
150000000,118,en,53.905592,"['Village Roadshow Pictures', 'The Zanuck Company', 'Warner Bros.', 'Tim Burton Productions', 'Plan B Entertainment', 'Theobald Film Productions']","['Australia', 'United Kingdom', 'United States of America']",2005-07-13,474968763,115.0,['English'],Released,Charlie and the Chocolate Factory,6.7,3624,2005,7,324968763,3.16645842
150000000,2062,en,65.677399,"['Walt Disney Pictures', 'Pixar Animation Studios']",['United States of America'],2007-06-22,623722818,111.0,['English'],Released,Ratatouille,7.5,4369,2007,6,473722818,4.15815212
150000000,272,en,115.040024,"['DC Comics', 'Legendary Pictures', 'Warner Bros.', 'DC Entertainment', 'Syncopy', 'Patalex III Productions Limited']","['United Kingdom', 'United States of America']",2005-06-10,374218673,140.0,"['English', 'اردو', '普通话']",Released,Batman Begins,7.5,7359,2005,6,224218673,2.4947911533333333
150000000,10527,en,44.141021,['DreamWorks Animation'],['United States of America'],2008-10-30,603900354,89.0,"['English', 'Italiano', 'ภาษาไทย']",Released,Madagascar: Escape 2 Africa,6.2,1810,2008,10,453900354,4.02600236
150000000,18360,en,81.781591,"['Twentieth Century Fox Film Corporation', '1492 Pictures', 'Dune Entertainment', '21 Laps Entertainment', 'Museum Canada Productions', 'Moving Picture Company (MPC)']","['United States of America', 'Canada']",2009-05-20,413106170,105.0,['English'],Released,Night at the Museum: Battle of the Smithsonian,5.9,1971,2009,5,263106170,2.7540411333333332
150000000,2080,en,5.954334,"['Ingenious Film Partners', 'Twentieth Century Fox Film Corporation', ""Donners' Company"", 'Dune Entertainment', 'Seed Productions', 'Bad Hat Harry Productions', 'Big Screen Productions', 'Marvel Enterprises']",['United States of America'],2009-04-28,373062864,107.0,['English'],Released,X-Men Origins: Wolverine,6.2,4021,2009,4,223062864,2.48708576
150000000,605,en,73.313918,"['Village Roadshow Pictures', 'NPV Entertainment', 'Silver Pictures', 'Warner Bros.']","['United States of America', 'Australia']",2003-11-05,424988211,129.0,"['English', 'Français']",Released,The Matrix Revolutions,6.4,3096,2003,11,274988211,2.83325474
150000000,109445,en,165.125366,"['Walt Disney Pictures', 'Walt Disney Animation Studios']",['United States of America'],2013-11-27,1274219009,102.0,['English'],Released,Frozen,7.3,5295,2013,11,1124219009,8.494793393333333
150000000,604,en,70.78591,"['Village Roadshow Pictures', 'NPV Entertainment', 'Heineken Branded Entertainment', 'Silver Pictures', 'Warner Bros.']","['Australia', 'United States of America']",2003-05-15,738599701,138.0,['English'],Released,The Matrix Reloaded,6.7,3443,2003,5,588599701,4.923998006666666
170000000,76338,en,99.499595,['Marvel Studios'],['United States of America'],2013-10-29,644571402,112.0,['English'],Released,Thor: The Dark World,6.8,4755,2013,10,474571402,3.7915964823529413
150000000,76341,en,434.278564,"['Village Roadshow Pictures', 'Kennedy Miller Productions', 'Warner Bros.']","['Australia', 'United States of America']",2015-05-13,378858340,120.0,['English'],Released,Mad Max: Fury Road,7.2,9427,2015,5,228858340,2.5257222666666665
150000000,13448,en,67.447636,"['Columbia Pictures', 'Imagine Entertainment', 'Panorama Films', 'Skylark Productions']","['Italy', 'United States of America']",2009-05-13,356613439,138.0,"['English', 'Italiano', 'Latin', 'Français', 'Deutsch', '普通话']",Released,Angels & Demons,6.5,2129,2009,5,206613439,2.3774229266666667
150000000,10195,en,86.493424,['Marvel Studios'],['United States of America'],2011-04-21,449326618,115.0,['English'],Released,Thor,6.6,6525,2011,4,299326618,2.995510786666667
150000000,13053,en,41.845878,['Walt Disney Animation Studios'],['United States of America'],2008-11-21,309979994,98.0,['English'],Released,Bolt,6.3,1750,2008,11,159979994,2.0665332933333334
150000000,19585,en,26.710398,"['Walt Disney Pictures', 'Jerry Bruckheimer Films', 'Whamaphram Productions']",['United States of America'],2009-07-21,292817841,88.0,['English'],Released,G-Force,5.1,510,2009,7,142817841,1.95211894
150000000,57165,en,44.927635,"['Legendary Pictures', 'Thunder Road Pictures', 'Warner Bros.', 'Cott Productions', 'Furia de Titanes II, A.I.E.']","['Spain', 'United States of America']",2012-03-27,301000000,99.0,['English'],Released,Wrath of the Titans,5.5,1431,2012,3,151000000,2.006666666666667
150000000,62213,en,50.306728,"['Village Roadshow Pictures', 'Infinitum Nihil', 'GK Films', 'Warner Bros.', 'Tim Burton Productions', 'Dan Curtis Productions', 'Zanuck Company, The']","['Australia', 'United States of America']",2012-05-08,245527149,113.0,['English'],Released,Dark Shadows,5.7,2320,2012,5,95527149,1.63684766
150000000,177677,en,114.522237,"['Paramount Pictures', 'Skydance Productions', 'China Movie Channel', 'Bad Robot', 'TC Productions', 'Alibaba Pictures Group', 'Odin']","['China', 'United States of America']",2015-07-23,682330139,131.0,"['Deutsch', 'English', 'svenska']",Released,Mission: Impossible - Rogue Nation,7.1,3224,2015,7,532330139,4.548867593333333
150000000,5559,en,29.332905,"['Pacific Data Images (PDI)', 'DreamWorks Animation', 'Columbus 81 Productions']",['United States of America'],2007-10-28,287594577,91.0,['English'],Released,Bee Movie,5.7,1171,2007,10,137594577,1.91729718
150000000,49444,en,51.247321,['DreamWorks Animation'],['United States of America'],2011-05-25,665692281,91.0,['English'],Released,Kung Fu Panda 2,6.7,1880,2011,5,515692281,4.43794854
150000000,10196,en,33.769336,"['Paramount Pictures', 'Nickelodeon Movies', 'Kennedy/Marshall Company, The', 'Industrial Light & Magic (ILM)', 'Blinding Edge Pictures']",['United States of America'],2010-06-30,318502923,103.0,['English'],Released,The Last Airbender,4.7,1151,2010,6,168502923,2.12335282
150000000,956,en,63.079003,"['Paramount Pictures', 'Cruise/Wagner Productions', 'Studio Babelsberg', 'MI 3 Film', 'China Film Co-Production Corporation', 'China Film Group Corporation (CFGC)', 'The Fourth Production Company Film Group']","['China', 'Germany', 'United States of America']",2006-05-03,397850012,126.0,"['Deutsch', 'English', 'Italiano', '普通话', 'Český', '广州话 / 廣州話']",Released,Mission: Impossible III,6.5,2028,2006,5,247850012,2.6523334133333334
150000000,117251,en,39.004588,"['Columbia Pictures', 'Centropolis Entertainment', 'Iron Horse Entertainment (II)', 'Mythology Entertainment (II)']",['United States of America'],2013-06-27,205366737,131.0,['English'],Released,White House Down,6.4,1891,2013,6,55366737,1.36911158
150000000,50321,en,12.362599,['Walt Disney Animation Studios'],['United States of America'],2011-03-09,38992758,88.0,['English'],Released,Mars Needs Moms,5.5,199,2011,3,-111007242,0.25995172
149000000,11619,en,22.550135,"['Aardman Animations', 'DreamWorks Animation']","['United Kingdom', 'United States of America']",2006-10-22,64459316,85.0,['English'],Released,Flushed Away,6.0,874,2006,10,-84540684,0.4326128590604027
150000000,266647,en,48.03528,"['Warner Bros.', 'Moving Picture Company (MPC)', 'Berlanti Productions', 'RatPac-Dune Entertainment']",['United States of America'],2015-09-24,128388320,111.0,['English'],Released,Pan,5.9,954,2015,9,-21611680,0.8559221333333333
145000000,82703,en,38.73494,"['Pacific Data Images (PDI)', 'DreamWorks Animation', 'Classic Media Productions', 'Bullwinkle Studios']",['United States of America'],2014-02-07,272912430,92.0,['English'],Released,Mr. Peabody & Sherman,6.7,843,2014,2,127912430,1.8821546896551724
175000000,652,en,66.803149,"['Plan B Entertainment', 'Warner Bros.', 'Nimar Studios', 'Radiant Productions', 'Helena Productions', 'Latina Pictures']","['United States of America', 'Malta', 'United Kingdom']",2004-05-13,497409852,163.0,['English'],Released,Troy,6.9,2759,2004,5,322409852,2.8423420114285713
145000000,80321,en,44.989192,['DreamWorks Animation'],['United States of America'],2012-06-06,746921274,93.0,"['English', 'Español', 'ภาษาไทย']",Released,Madagascar 3: Europe's Most Wanted,6.4,1808,2012,6,601921274,5.1511812
140000000,36669,en,54.159392,['Eon Productions'],"['United Kingdom', 'United States of America']",2002-11-17,431971116,133.0,"['English', '한국어/조선말', '广州话 / 廣州話', 'Deutsch', 'Español', 'Íslenska', 'Italiano']",Released,Die Another Day,5.8,1092,2002,11,291971116,3.0855079714285716
144000000,43074,en,66.21806,"['Columbia Pictures', 'Village Roadshow Pictures', 'Montecito Picture Company, The', 'LStar Capital', 'Feigco Entertainment', 'Pascal Pictures', 'Ghostcorps']",['United States of America'],2016-07-14,229147509,116.0,['English'],Released,Ghostbusters,5.3,2142,2016,7,85147509,1.5913021458333334
140000000,95,en,58.485967,"['Jerry Bruckheimer Films', 'Touchstone Pictures', 'Valhalla Motion Pictures']",['United States of America'],1998-07-01,553799566,151.0,"['English', 'Pусский']",Released,Armageddon,6.4,2482,1998,7,413799566,3.9557111857142857
140000000,608,en,91.332849,"['Columbia Pictures', 'Amblin Entertainment', 'Columbia Pictures Corporation', 'Parkes+MacDonald Image Nation']",['United States of America'],2002-07-03,441818803,88.0,['English'],Released,Men in Black II,6.0,3114,2002,7,301818803,3.1558485928571427
70000000,2310,en,35.601665,"['Paramount Pictures', 'Shangri-La Entertainment', 'ImageMovers', 'Paramount Animation']",['United States of America'],2007-11-05,195735876,115.0,['English'],Released,Beowulf,5.5,841,2007,11,125735876,2.7962268
145000000,140300,en,56.747978,"['Twentieth Century Fox Film Corporation', 'DreamWorks Animation', 'China Film Co.', 'Oriental DreamWorks']","['China', 'United States of America']",2016-01-23,521170825,95.0,['English'],Released,Kung Fu Panda 3,6.7,1603,2016,1,376170825,3.594281551724138
145000000,56292,en,77.77477,"['Paramount Pictures', 'Skydance Productions', 'Bad Robot', 'TC Productions', 'Revolution Sun Studios', 'Kontsept Film Company']","['Czech Republic', 'United States of America', 'United Arab Emirates']",2011-12-07,694713380,133.0,"['English', 'Pусский', 'Français', 'العربية', 'svenska']",Released,Mission: Impossible - Ghost Protocol,6.8,3972,2011,12,549713380,4.79112675862069
145000000,81188,en,61.788035,['DreamWorks Animation'],['United States of America'],2012-11-21,306941670,97.0,"['Français', 'English']",Released,Rise of the Guardians,7.1,1922,2012,11,161941670,2.116839103448276
100000000,7552,en,25.159168,"['Imagine Entertainment', 'Columbia Pictures Corporation', 'JC 23 Entertainment']",['United States of America'],2005-12-21,202026112,90.0,['English'],Released,Fun with Dick and Jane,5.9,627,2005,12,102026112,2.02026112
140000000,616,en,52.341226,"['Cruise/Wagner Productions', 'Warner Bros.', 'Radar Pictures', 'Bedford Falls Company, The']","['Japan', 'United States of America', 'New Zealand']",2003-12-05,456758981,154.0,"['English', '日本語']",Released,The Last Samurai,7.3,1895,2003,12,316758981,3.26256415
140000000,147441,en,101.599427,"['Scott Free Productions', 'Chernin Entertainment', 'Babieka', 'Volcano Films']","['Spain', 'United Kingdom', 'United States of America']",2014-12-03,268031828,150.0,['English'],Released,Exodus: Gods and Kings,5.6,1921,2014,12,128031828,1.9145130571428572
150000000,13475,en,73.616808,"['Paramount Pictures', 'Spyglass Entertainment', 'Bad Robot', 'MavroCine Pictures GmbH & Co. KG']","['Germany', 'United States of America']",2009-05-06,385680446,127.0,['English'],Released,Star Trek,7.4,4518,2009,5,235680446,2.5712029733333335
139000000,557,en,82.502566,"['Columbia Pictures', 'Marvel Enterprises']",['United States of America'],2002-05-01,821708551,121.0,['English'],Released,Spider-Man,6.8,5265,2002,5,682708551,5.911572309352518
145000000,82702,en,100.21391,"['DreamWorks Animation', 'Mad Hatter Entertainment']",['United States of America'],2014-06-12,609123048,102.0,['English'],Released,How to Train Your Dragon 2,7.6,3106,2014,6,464123048,4.200848606896551
140000000,205584,en,56.257249,"['Summit Entertainment', 'Mystery Clock Cinema', 'Thunder Road Pictures', 'TIK Films', 'Pyramania']","['Australia', 'United States of America']",2016-02-25,150680864,127.0,['English'],Released,Gods of Egypt,5.3,1277,2016,2,10680864,1.0762918857142858
135000000,10048,en,17.88953,"['Laura Ziskin Productions', 'Original Film', 'Columbia Pictures Corporation', 'Phoenix Pictures', 'AFG Talons Productions']",['United States of America'],2005-07-28,76932943,121.0,"['English', 'Deutsch', '한국어/조선말', 'Pусский', 'Español']",Released,Stealth,4.9,331,2005,7,-58067057,0.5698736518518519
130000000,13183,en,64.798873,"['Paramount Pictures', 'DC Comics', 'Lawrence Gordon Productions', 'Legendary Pictures', 'Warner Bros.', 'Cruel and Unusual Films']",['United States of America'],2009-03-05,185258983,163.0,['English'],Released,Watchmen,7.0,2811,2009,3,55258983,1.4250691
140000000,944,en,24.855701,"['Silver Pictures', 'Donner/Shuler-Donner Productions', 'Warner Bros.']",['United States of America'],1998-07-10,285444603,127.0,"['English', '广州话 / 廣州話', '普通话']",Released,Lethal Weapon 4,6.3,767,1998,7,145444603,2.0388900214285712
137000000,1927,en,34.981698,"['Universal Pictures', 'Good Machine', 'Valhalla Motion Pictures', 'Marvel Enterprises']",['United States of America'],2003-06-19,245360480,138.0,"['English', 'Español']",Released,Hulk,5.3,1533,2003,6,108360480,1.790952408759124
130000000,72559,en,59.325589,"['Paramount Pictures', 'Di Bonaventura Pictures', 'Hasbro', 'Skydance Productions', 'Metro-Goldwyn-Mayer (MGM)', 'Saints LA']",['United States of America'],2013-03-26,371876278,110.0,['English'],Released,G.I. Joe: Retaliation,5.4,3025,2013,3,241876278,2.860586753846154
130000000,7364,en,21.605568,"['Paramount Pictures', 'Bristol Bay Productions', 'Baldwin Entertainment Group', 'Desertlands Entertainment', 'Mace Neufeld Productions', 'Kanzaman', 'J.K. Livin Productions', 'Moguletta', 'Sahara Productions', 'Babelsberg Film']","['Germany', 'Spain', 'United Kingdom', 'United States of America']",2005-04-06,119269486,124.0,"['English', 'Français', 'العربية']",Released,Sahara,5.7,434,2005,4,-10730514,0.9174575846153846
137000000,2114,en,26.074908,"['Columbia Pictures', 'Square USA', 'Chris Lee Productions']","['Japan', 'United States of America']",2001-07-02,85131830,106.0,['English'],Released,Final Fantasy: The Spirits Within,5.9,433,2001,7,-51868170,0.6214002189781022
140000000,1771,en,74.506246,['Marvel Studios'],['United States of America'],2011-07-22,370569774,124.0,"['Français', 'Norsk', 'English']",Released,Captain America: The First Avenger,6.6,7047,2011,7,230569774,2.646926957142857
135000000,36643,en,39.604363,"['Eon Productions', 'Metro-Goldwyn-Mayer (MGM)']","['United Kingdom', 'United States of America']",1999-11-08,361832400,128.0,"['English', 'Pусский']",Released,The World Is Not Enough,6.0,862,1999,11,226832400,2.68024
150000000,8619,en,36.973031,"['Universal Pictures', 'Twentieth Century Fox Film Corporation', 'Samuel Goldwyn Films', 'Miramax']",['United States of America'],2003-11-14,212011111,138.0,"['Français', 'Português', 'English']",Released,Master and Commander: The Far Side of the World,6.9,790,2003,11,62011111,1.4134074066666666
120000000,50620,en,99.687084,"['Summit Entertainment', 'Sunswept Entertainment', 'Temple Hill Entertainment']",['United States of America'],2012-11-13,829000000,115.0,['English'],Released,The Twilight Saga: Breaking Dawn - Part 2,6.1,2553,2012,11,709000000,6.908333333333333
130000000,65759,en,17.7735,"['Village Roadshow Pictures', 'Warner Bros.', 'Dr D Studios', 'Kennedy Miller Mitchell']",['Australia'],2011-11-17,150406466,100.0,['English'],Released,Happy Feet Two,5.8,373,2011,11,20406466,1.1569728153846155
150000000,1724,en,62.898336,"['Universal Pictures', 'Marvel Studios', 'Valhalla Motion Pictures', 'MVL Incredible Productions']",['United States of America'],2008-06-12,163712074,114.0,"['Português', 'Español', 'English']",Released,The Incredible Hulk,6.1,3021,2008,6,13712074,1.0914138266666666
140000000,267935,en,44.19092,"['Walt Disney Pictures', 'Amblin Entertainment', 'Reliance Entertainment', 'Kennedy/Marshall Company, The', 'Walden Media']","['India', 'United States of America']",2016-06-01,183345589,120.0,['English'],Released,The BFG,6.0,1000,2016,6,43345589,1.30961135
135000000,281957,en,100.635882,"['Regency Enterprises', 'Appian Way', 'CatchPlay', 'Anonymous Content', 'New Regency Pictures', 'Hong Kong Alpha Motion Pictures Co.', 'RatPac Entertainment', 'M Productions', 'Monarchy Enterprises S.a.r.l.']","['Canada', 'Hong Kong', 'Taiwan', 'United States of America']",2015-12-25,532950503,156.0,"['English', 'Français']",Released,The Revenant,7.3,6396,2015,12,397950503,3.9477815037037036
135000000,77950,en,44.765377,['DreamWorks Animation'],['United States of America'],2013-07-11,282570682,96.0,['English'],Released,Turbo,6.1,1074,2013,7,147570682,2.093116162962963
135000000,44896,en,29.91353,"['Paramount Pictures', 'Nickelodeon Movies', 'GK Films', 'Blind Wink', 'Paramount Animation']",['United States of America'],2011-03-02,245724603,107.0,['English'],Released,Rango,6.6,2051,2011,3,110724603,1.8201822444444444
132000000,270946,en,84.366984,['DreamWorks Animation'],['United States of America'],2014-11-22,373552094,92.0,['English'],Released,Penguins of Madagascar,6.5,1346,2014,11,241552094,2.829940106060606
70000000,2503,en,45.381501,"['Universal Pictures', 'The Kennedy/Marshall Company', 'Ludlum Entertainment', 'Motion Picture BETA Produktionsgesellschaft', 'Bourne Again']","['Germany', 'United States of America']",2007-08-03,442824138,115.0,"['English', 'Français', 'العربية', 'Pусский', 'Español']",Released,The Bourne Ultimatum,7.3,2888,2007,8,372824138,6.326059114285714
130000000,9502,en,84.689648,['DreamWorks Animation'],['United States of America'],2008-06-04,631744560,90.0,['English'],Released,Kung Fu Panda,6.9,3145,2008,6,501744560,4.859573538461539
130000000,102899,en,120.09361,['Marvel Studios'],['United States of America'],2015-07-14,519311965,117.0,['English'],Released,Ant-Man,7.0,5880,2015,7,389311965,3.9947074230769233
130000000,101299,en,76.310119,"['Lionsgate', 'Color Force']",['United States of America'],2013-11-15,847423452,146.0,['English'],Released,The Hunger Games: Catching Fire,7.4,6495,2013,11,717423452,6.518641938461538
135000000,228161,en,63.473086,"['Twentieth Century Fox Film Corporation', 'DreamWorks Animation']",['United States of America'],2015-03-18,368871007,94.0,['English'],Released,Home,6.8,1519,2015,3,233871007,2.7323778296296295
132000000,74,en,48.572726,"['Paramount Pictures', 'DreamWorks SKG', 'Cruise/Wagner Productions', 'Amblin Entertainment']",['United States of America'],2005-06-28,591739379,116.0,['English'],Released,War of the Worlds,6.2,2322,2005,6,459739379,4.482874083333333
130000000,8961,en,38.068736,"['Columbia Pictures Corporation', 'Don Simpson/Jerry Bruckheimer Films']",['United States of America'],2003-07-18,273339556,147.0,"['English', 'Español']",Released,Bad Boys II,6.3,1564,2003,7,143339556,2.1026119692307694
130000000,417859,en,20.678787,['DreamWorks'],['United States of America'],2011-10-28,554987477,90.0,"['Español', 'English']",Released,Puss in Boots,6.4,451,2011,10,424987477,4.269134438461538
110000000,27576,en,48.829437,"['Columbia Pictures', 'Di Bonaventura Pictures', 'Relativity Media', 'Wintergreen Productions']",['United States of America'],2010-07-21,293329073,100.0,"['English', 'Pусский', '한국어/조선말']",Released,Salt,6.2,2093,2010,7,183329073,2.6666279363636365
125000000,86834,en,46.115758,"['Paramount Pictures', 'Regency Enterprises', 'Protozoa Pictures', 'Disruption Entertainment']",['United States of America'],2014-03-20,362637473,139.0,['English'],Released,Noah,5.6,2350,2014,3,237637473,2.901099784
130000000,17578,en,89.938296,"['Paramount Pictures', 'Columbia Pictures', 'WingNut Films', 'Amblin Entertainment', 'Nickelodeon Movies', 'Kennedy/Marshall Company, The', 'Hemisphere Media Capital']","['New Zealand', 'United States of America']",2011-10-25,371940071,107.0,['English'],Released,The Adventures of Tintin,6.7,2061,2011,10,241940071,2.861077469230769
130000000,673,en,79.679601,"['1492 Pictures', 'Heyday films', 'Warner Bros.']","['United Kingdom', 'United States of America']",2004-05-31,789804554,141.0,['English'],Released,Harry Potter and the Prisoner of Azkaban,7.7,5877,2004,5,659804554,6.075419646153846
130000000,6972,en,28.840997,"['Bazmark Films', 'Ingenious Film Partners', 'Twentieth Century Fox Film Corporation', 'Dune Entertainment III', 'ScreenWest']","['Australia', 'United States of America', 'United Kingdom']",2008-11-18,49554002,165.0,"['English', '日本語']",Released,Australia,6.3,694,2008,11,-80445998,0.38118463076923076
130000000,82700,en,42.840582,"['Columbia Pictures', 'Blinding Edge Pictures', 'Overbrook Entertainment']",['United States of America'],2013-05-30,243843127,100.0,['English'],Released,After Earth,5.0,2532,2013,5,113843127,1.8757163615384616
127500000,10567,en,26.548594,"['Walt Disney Pictures', 'Walt Disney Feature Animation']",['United States of America'],2000-05-19,354248063,82.0,['English'],Released,Dinosaur,6.2,542,2000,5,226748063,2.7784161803921568
127000000,181533,en,115.597753,"['Twentieth Century Fox Film Corporation', '1492 Pictures', '21 Laps Entertainment', 'Moving Picture Company (MPC)', 'TSG Entertainment']","['United Kingdom', 'United States of America']",2014-12-17,349424282,97.0,['English'],Released,Night at the Museum: Secret of the Tomb,6.1,1851,2014,12,222424282,2.7513722992125986
130000000,38055,en,68.757242,['DreamWorks Animation'],['United States of America'],2010-10-28,321887208,95.0,['English'],Released,Megamind,6.7,1918,2010,10,191887208,2.476055446153846
125000000,671,en,109.984351,"['1492 Pictures', 'Warner Bros.', 'Heyday Films']","['United Kingdom', 'United States of America']",2001-11-16,976475550,152.0,['English'],Released,Harry Potter and the Philosopher's Stone,7.5,7006,2001,11,851475550,7.8118044
130000000,49524,en,39.448066,"['Universal Pictures', 'Original Film', 'Dark Horse Entertainment']",['United States of America'],2013-07-18,61648500,96.0,['English'],Released,R.I.P.D.,5.4,1260,2013,7,-68351500,0.4742192307692308
140000000,22,en,271.972889,"['Walt Disney Pictures', 'Jerry Bruckheimer Films']",['United States of America'],2003-07-09,655011224,143.0,['English'],Released,Pirates of the Caribbean: The Curse of the Black Pearl,7.5,6985,2003,7,515011224,4.6786516
125000000,131631,en,206.227151,"['Lionsgate', 'Color Force']",['United States of America'],2014-11-18,752100229,123.0,['English'],Released,The Hunger Games: Mockingjay - Part 1,6.6,5584,2014,11,627100229,6.016801832
125000000,591,en,45.313197,"['Columbia Pictures', 'Imagine Entertainment', 'Skylark Productions', 'Government of Malta']","['United States of America', 'Malta', 'France', 'United Kingdom']",2006-05-17,767820459,149.0,"['English', 'Français', 'Latin', 'Español']",Released,The Da Vinci Code,6.5,2704,2006,5,642820459,6.142563672
103000000,172385,en,42.40024,"['Blue Sky Studios', 'Twentieth Century Fox Animation']",['United States of America'],2014-03-19,500188435,102.0,"['English', 'Português']",Released,Rio 2,6.3,978,2014,3,397188435,4.856198398058252
110000000,36658,en,2.871739,"['Twentieth Century Fox Film Corporation', ""Donners' Company"", 'Bad Hat Harry Productions', 'Marvel Enterprises', 'XM2 Productions', 'XF2 Canada Productions']",['United States of America'],2003-04-24,407711549,133.0,"['English', 'Deutsch', 'Italiano']",Released,X2,6.8,3506,2003,4,297711549,3.706468627272727
125000000,51497,en,7.255718,"['Universal Pictures', 'Original Film', 'One Race Productions']",['United States of America'],2011-04-20,626137675,130.0,"['English', 'Español', 'Português', 'Italiano']",Released,Fast Five,7.1,2438,2011,4,501137675,5.0091014
125000000,58574,en,81.499621,"['Village Roadshow Pictures', 'Silver Pictures', 'Lin Pictures', 'Warner Bros.', 'Wigram Productions']",['United States of America'],2011-11-22,334615000,129.0,['English'],Released,Sherlock Holmes: A Game of Shadows,7.0,3886,2011,11,209615000,2.67692
125000000,18823,en,47.686442,"['The Zanuck Company', 'Legendary Pictures', 'Thunder Road Pictures', 'Warner Bros.', 'Moving Picture Company (MPC)']",['United States of America'],2010-04-01,232713139,106.0,['English'],Released,Clash of the Titans,5.6,2233,2010,4,107713139,1.861705112
65000000,861,en,43.129703,"['TriStar Pictures', 'Carolco Pictures', 'Carolco International N.V.']",['United States of America'],1990-06-01,261317921,113.0,['English'],Released,Total Recall,7.1,1710,1990,6,196317921,4.020275707692308
160000000,1911,en,27.220157,['Touchstone Pictures'],['United States of America'],1999-08-27,61698899,102.0,"['English', 'Norsk']",Released,The 13th Warrior,6.4,510,1999,8,-98301101,0.38561811875
130000000,49040,en,90.33681,"['Universal Pictures', 'Dentsu', 'Relativity Media', 'Kennedy/Marshall Company, The', 'Captivate Entertainment']",['United States of America'],2012-08-08,276572938,120.0,"['English', 'Pусский']",Released,The Bourne Legacy,6.0,2651,2012,8,146572938,2.1274841384615386
125000000,415,en,50.073575,"['PolyGram Filmed Entertainment', 'Warner Bros.']","['United Kingdom', 'United States of America']",1997-06-20,238207122,125.0,['English'],Released,Batman & Robin,4.2,1418,1997,6,113207122,1.905656976
123000000,8871,en,45.419668,"['Imagine Entertainment', 'Universal Pictures']","['Germany', 'United States of America']",2000-11-17,345141403,104.0,['English'],Released,How the Grinch Stole Christmas,6.2,1386,2000,11,222141403,2.8060276666666666
125000000,435,en,41.380094,"['Lions Gate Films', 'Twentieth Century Fox Film Corporation', 'Centropolis Entertainment', 'Mark Gordon Productions', ""Mel's Cite du Cinema""]",['United States of America'],2004-05-26,544272402,124.0,"['English', '日本語', 'Français', 'العربية', 'Español']",Released,The Day After Tomorrow,6.2,2392,2004,5,419272402,4.354179216
125000000,955,en,54.931334,"['Paramount Pictures', 'Cruise/Wagner Productions', 'Munich Film Partners & Company (MFP) MI2 Productions']","['Germany', 'United States of America']",2000-05-24,546388105,123.0,['English'],Released,Mission: Impossible II,5.9,1928,2000,5,421388105,4.37110484
120000000,2133,en,25.752118,"['Warner Bros.', 'Baltimore Spring Creek Productions', 'Radiant Productions']",['United States of America'],2000-03-15,325756637,130.0,['English'],Released,The Perfect Storm,6.2,597,2000,3,205756637,2.714638641666667
130000000,1979,en,60.810723,"['Ingenious Film Partners', 'Twentieth Century Fox Film Corporation', '1492 Pictures', 'Dune Entertainment', 'Constantin Film Produktion', 'Bernd Eichinger Productions', 'Marvel Enterprises']","['Germany', 'United Kingdom', 'United States of America']",2007-06-13,289047763,92.0,"['English', '日本語', 'العربية', '普通话']",Released,Fantastic 4: Rise of the Silver Surfer,5.4,2589,2007,6,159047763,2.223444330769231
120000000,87827,en,51.328145,"['Ingenious Film Partners', 'Ingenious Media', 'Dune Entertainment', 'Fox 2000 Pictures', 'Big Screen Productions', 'Haishang Films']","['United States of America', 'Taiwan', 'United Kingdom']",2012-11-20,609016565,127.0,"['普通话', 'English', 'Français', 'हिन्दी', '日本語', 'தமிழ்']",Released,Life of Pi,7.2,5797,2012,11,489016565,5.0751380416666665
110000000,1250,en,46.834704,"['Columbia Pictures Corporation', 'Relativity Media', 'Michael De Luca Productions', 'Marvel Enterprises', 'Crystal Sky Pictures', 'GH One', 'Vengeance Productions Pty. Ltd.']","['United States of America', 'Australia']",2007-02-16,228738393,114.0,['English'],Released,Ghost Rider,5.2,1712,2007,2,118738393,2.079439936363636
120000000,324668,en,62.641286,"['The Kennedy/Marshall Company', 'Captivate Entertainment', 'Pearl Street Films', 'Double Negative', 'Perfect World (Beijing) Pictures Co.']","['United Kingdom', 'United States of America', 'China']",2016-07-27,415484914,123.0,['English'],Released,Jason Bourne,5.9,2341,2016,7,295484914,3.4623742833333333
120000000,9471,en,33.616115,"['Columbia Pictures', 'Wonderland Sound and Vision', 'Tall Trees Productions', 'Flower Films (II)']",['United States of America'],2003-06-27,259175788,106.0,"['English', '普通话', 'Español']",Released,Charlie's Angels: Full Throttle,5.2,914,2003,6,139175788,2.1597982333333334
130000000,70981,en,68.889395,"['Twentieth Century Fox Film Corporation', 'Dune Entertainment', 'Scott Free Productions', 'Brandywine Productions']","['United Kingdom', 'United States of America']",2012-05-30,403170142,124.0,"['', 'English']",Released,Prometheus,6.3,5080,2012,5,273170142,3.1013087846153846
120000000,10996,en,27.990284,"['Columbia Pictures', 'Sony Pictures Entertainment']",['United States of America'],2002-07-19,169956806,78.0,['English'],Released,Stuart Little 2,5.4,613,2002,7,49956806,1.4163067166666667
115000000,68724,en,67.33767,"['TriStar Pictures', 'Media Rights Capital', 'Sony Pictures Entertainment (SPE)', 'QED International', 'Alpha Core', 'Genre Films', 'Simon Kinberg Productions']",['United States of America'],2013-08-07,286140700,109.0,['English'],Released,Elysium,6.4,3439,2013,8,171140700,2.48818
105000000,2789,en,27.835436,"['One Race Films', 'Radar Pictures']",['United States of America'],2004-06-11,115772733,119.0,['English'],Released,The Chronicles of Riddick,6.3,1570,2004,6,10772733,1.1025974571428572
120000000,97020,en,66.757869,"['Columbia Pictures', 'Strike Entertainment', 'Metro-Goldwyn-Mayer (MGM)']","['Canada', 'United States of America']",2014-01-30,242688965,102.0,['English'],Released,RoboCop,5.7,2342,2014,1,122688965,2.0224080416666665
120000000,7459,en,17.060695,"['Village Roadshow Pictures', 'Studio Babelsberg', 'Anarchos Productions', 'Silver Pictures', 'Warner Bros.', 'Velocity Productions']","['Australia', 'Germany', 'United States of America']",2008-05-09,93945766,135.0,['English'],Released,Speed Racer,5.7,354,2008,5,-26054234,0.7828813833333333
120000000,42888,en,11.137655,"['Columbia Pictures', 'Gracie Films', 'Road Rebel']",['United States of America'],2010-12-17,48668907,121.0,['English'],Released,How Do You Know,4.9,223,2010,12,-71331093,0.405574225
117000000,37834,en,44.906918,"['Tree Line Films', 'Twentieth Century Fox Film Corporation', 'Dune Entertainment', 'Regency Enterprises', 'Pink Machine']",['United States of America'],2010-06-15,261930431,109.0,"['English', 'Deutsch', 'Español']",Released,Knight and Day,5.9,1547,2010,6,144930431,2.2387216324786325
120000000,75612,en,67.698004,"['Universal Pictures', 'Chernin Entertainment', 'Relativity Media', 'Monolith Pictures (III)', 'Radical Studios']",['United States of America'],2013-04-10,286168572,124.0,['English'],Released,Oblivion,6.4,4800,2013,4,166168572,2.3847381
113000000,1895,en,44.108427,['Lucasfilm'],['United States of America'],2005-05-17,850000000,140.0,['English'],Released,Star Wars: Episode III - Revenge of the Sith,7.1,4116,2005,5,737000000,7.522123893805309
120000000,1894,en,43.987061,['Lucasfilm'],['United States of America'],2002-05-15,649398328,142.0,['English'],Released,Star Wars: Episode II - Attack of the Clones,6.4,3992,2002,5,529398328,5.411652733333334
115000000,585,en,106.815545,"['Walt Disney Pictures', 'Pixar Animation Studios']",['United States of America'],2001-11-01,562816256,92.0,['English'],Released,"Monsters, Inc.",7.5,5996,2001,11,447816256,4.8940544
120000000,76170,en,15.953444,"['Twentieth Century Fox Film Corporation', ""Donners' Company"", 'Marvel Entertainment', 'Bad Hat Harry Productions', 'Big Screen Productions', 'TSG Entertainment']","['United Kingdom', 'United States of America']",2013-07-23,415440673,126.0,['English'],Released,The Wolverine,6.3,4053,2013,7,295440673,3.4620056083333335
115000000,1893,en,54.035265,['Lucasfilm'],['United States of America'],1999-05-19,924317558,136.0,['English'],Released,Star Wars: Episode I - The Phantom Menace,6.3,4432,1999,5,809317558,8.037543982608696
135000000,49519,en,64.183321,['DreamWorks Animation'],['United States of America'],2013-03-20,585178928,98.0,['English'],Released,The Croods,6.8,2399,2013,3,450178928,4.334658725925926
97250400,2395,fr,20.344364,"['Constantin Film', 'TF1 Films Productions', 'Pathé Renn Productions', 'La Petite Reine', 'Tri Pictures', 'Sorolla Films', 'Novo RPI', 'Canal+', 'uFilm', 'Canal+ España', 'Le Tax Shelter du Gouvernement Fédéral de Belgique', 'Les Editions Albert René']","['Belgium', 'France', 'Germany', 'Italy', 'Spain']",2008-01-13,132900000,116.0,"['Français', 'Português']",Released,Asterix at the Olympic Games,5.0,471,2008,1,35649600,1.366575355988253
115000000,12100,en,18.714197,"['Lion Rock Productions', 'Metro-Goldwyn-Mayer (MGM)']",['United States of America'],2002-06-14,77628265,134.0,"['English', '日本語', '']",Released,Windtalkers,5.8,341,2002,6,-37371735,0.6750283913043478
115000000,290595,en,60.467984,"['Universal Pictures', 'Perfect World Pictures', 'Roth Films']",['United States of America'],2016-04-06,164602163,114.0,['English'],Released,The Huntsman: Winter's War,6.0,1523,2016,4,49602163,1.431323156521739
125000000,98566,en,143.350376,"['Paramount Pictures', 'Nickelodeon Movies', 'Platinum Dunes']",['United States of America'],2014-08-07,477200000,101.0,['English'],Released,Teenage Mutant Ninja Turtles,5.8,2636,2014,8,352200000,3.8176
105000000,49047,en,110.153618,"['Warner Bros.', 'Heyday Films', 'Esperanto Filmoj']","['United Kingdom', 'United States of America']",2013-09-27,716392705,91.0,['English'],Released,Gravity,7.3,5751,2013,9,611392705,6.822787666666667
116000000,9619,en,16.90444,"['Universal Pictures', 'Pacific Western']",['United States of America'],1997-02-07,178127760,108.0,['English'],Released,Dante's Peak,5.7,428,1997,2,62127760,1.5355841379310344
135000000,308531,en,39.873791,"['Paramount Pictures', 'Nickelodeon Movies', 'Platinum Dunes', '5150 Action', 'Gama Entertainment Partners']","['China', 'United States of America', 'Hong Kong']",2016-06-01,245623848,112.0,['English'],Released,Teenage Mutant Ninja Turtles: Out of the Shadows,5.8,963,2016,6,110623848,1.8194359111111111
120000000,166424,en,38.126095,"['Twentieth Century Fox Film Corporation', 'Marv Films', 'Marvel Entertainment', 'Constantin Film.', 'Moving Picture Company (MPC)', 'TSG Entertainment', 'Genre Films']",['United States of America'],2015-08-05,167977596,100.0,['English'],Released,Fantastic Four,4.4,2278,2015,8,47977596,1.3998133
110000000,1593,en,48.780039,"['Ingenious Film Partners', 'Twentieth Century Fox Film Corporation', '1492 Pictures', '21 Laps Entertainment']","['United States of America', 'United Kingdom']",2006-10-20,574480841,108.0,"['English', 'Italiano', 'עִבְרִית']",Released,Night at the Museum,6.3,2862,2006,10,464480841,5.2225531
110000000,254128,en,100.412364,"['New Line Cinema', 'Village Roadshow Pictures', 'Warner Bros.', 'Flynn Picture Company']","['Canada', 'United States of America', 'Australia']",2015-05-27,470490832,114.0,['English'],Released,San Andreas,6.0,2968,2015,5,360490832,4.277189381818181
110000000,714,en,42.887121,['Eon Productions'],"['United Kingdom', 'United States of America']",1997-12-11,333011068,119.0,"['Deutsch', 'English', 'Dansk', '普通话', '广州话 / 廣州話']",Released,Tomorrow Never Dies,6.0,925,1997,12,223011068,3.0273733454545453
110000000,2024,en,23.657284,"['Centropolis Entertainment', 'Columbia Pictures Corporation', 'Mutual Film Company', 'Global Entertainment Productions GmbH & Company Medien KG']","['Germany', 'United States of America']",2000-06-28,215294342,165.0,['English'],Released,The Patriot,6.8,1099,2000,6,105294342,1.957221290909091
110000000,163,en,76.840712,"['Village Roadshow Pictures', 'Section Eight', 'Jerry Weintraub Productions', 'Warner Bros.', 'WV Films III']",['United States of America'],2004-12-09,362744280,125.0,"['Français', 'Italiano', 'Nederlands', '普通话', 'English']",Released,Ocean's Twelve,6.4,2124,2004,12,252744280,3.2976752727272727
110000000,787,en,44.635452,"['Weed Road Pictures', 'Summit Entertainment', 'Regency Enterprises', 'Epsilon Motion Pictures', 'New Regency Pictures']",['United States of America'],2005-06-07,478207520,120.0,"['English', 'Español']",Released,Mr. & Mrs. Smith,6.5,2965,2005,6,368207520,4.347341090909091
110000000,262500,en,103.718387,"['Summit Entertainment', 'Mandeville Films', 'Red Wagon Entertainment', 'NeoReel']",['United States of America'],2015-03-18,295238201,119.0,['English'],Released,Insurgent,6.2,3829,2015,3,185238201,2.6839836454545454
116000000,2567,en,45.616098,"['Miramax Films', 'Appian Way', 'Forward Pass', 'Cappa Productions', 'Warner Bros.', 'Initial Entertainment Group (IEG)', 'IMF Internationale Medien und Film GmbH & Co. 3. Produktions KG', ""Mel's Cite du Cinema""]",['United States of America'],2004-12-17,102000000,170.0,['English'],Released,The Aviator,7.0,1489,2004,12,-14000000,0.8793103448275862
112000000,38745,en,22.845143,"['Twentieth Century Fox Film Corporation', 'Dune Entertainment', 'Davis Entertainment', 'Dune Entertainment III']",['United States of America'],2010-12-25,237382724,85.0,['English'],Released,Gulliver's Travels,4.9,621,2010,12,125382724,2.1194886071428574
120000000,40805,en,31.703608,"['Original Film', 'Sony Pictures Entertainment', 'Reliance BIG Entertainment']",['United States of America'],2011-01-12,227817248,119.0,"['English', '普通话']",Released,The Green Hornet,5.5,1251,2011,1,107817248,1.8984770666666666
110000000,53182,en,71.510596,"['Legendary Pictures', 'Hollywood Gang Productions', 'Atmosphere Entertainment MM', 'Warner Bros.', 'Nimar Studios', 'Cruel and Unusual Films']",['United States of America'],2014-03-05,337580051,102.0,['English'],Released,300: Rise of an Empire,6.1,2397,2014,3,227580051,3.0689095545454546
110000000,41513,en,36.65422,"['Columbia Pictures', 'Sony Pictures Animation', 'Kerner Entertainment Company']",['United States of America'],2011-07-29,563749323,103.0,['English'],Released,The Smurfs,5.5,1179,2011,7,453749323,5.124993845454545
110000000,13700,en,19.625972,['Walt Disney Pictures'],['United States of America'],2004-04-02,103951461,76.0,"['普通话', 'English']",Released,Home on the Range,5.7,389,2004,4,-6048539,0.9450132818181818
110000000,262504,en,86.105615,"['Summit Entertainment', 'Lionsgate', 'Mandeville Films', 'Red Wagon Entertainment']",['United States of America'],2016-03-09,179246868,121.0,['English'],Released,Allegiant,5.9,1998,2016,3,69246868,1.6295169818181818
110000000,39254,en,37.195046,"['DreamWorks SKG', '21 Laps Entertainment', 'Reliance Entertainment', 'Touchstone Pictures', 'ImageMovers', 'Angry Films', 'Revolution Sun Studios', 'Kontsept Film Company', 'Wardour Street Pictures']","['India', 'United States of America']",2011-09-28,299268508,127.0,['English'],Released,Real Steel,6.6,2692,2011,9,189268508,2.7206228
105000000,77931,en,32.473628,"['Columbia Pictures', 'Sony Pictures Animation', 'Kerner Entertainment Company', 'Hemisphere Media Capital', 'NeoReel']",['United States of America'],2013-07-30,347434178,105.0,['English'],Released,The Smurfs 2,5.5,695,2013,7,242434178,3.308896933333333
160000000,1639,en,23.336875,"['Twentieth Century Fox Film Corporation', 'Blue Tulip Productions']",['United States of America'],1997-06-13,164508066,121.0,"['English', 'Português']",Released,Speed 2: Cruise Control,4.1,434,1997,6,4508066,1.0281754125
110000000,80274,en,45.94834,"['Summit Entertainment', 'Chartoff Productions', 'Odd Lot Entertainment', 'K/O Paper Products', 'Digital Domain', 'Taleswapper']",['United States of America'],2013-10-23,125537191,114.0,['English'],Released,Ender's Game,6.6,2303,2013,10,15537191,1.1412471909090909
110000000,1571,en,48.93337,"['Ingenious Film Partners', 'Twentieth Century Fox Film Corporation', 'Dune Entertainment', 'Cheyenne Enterprises', 'Wintergreen Productions']","['United Kingdom', 'United States of America']",2007-06-20,383531464,128.0,"['English', 'Italiano', 'Français']",Released,Live Free or Die Hard,6.4,2089,2007,6,273531464,3.486649672727273
93000000,120,en,138.049577,"['WingNut Films', 'New Line Cinema', 'The Saul Zaentz Company']","['New Zealand', 'United States of America']",2001-12-18,871368364,178.0,['English'],Released,The Lord of the Rings: The Fellowship of the Ring,8.0,8705,2001,12,778368364,9.369552301075268
110000000,10204,en,22.643776,"['Studio Babelsberg', 'Walden Media', 'Babelsberg Film', 'Mostow/Lieberman Productions', '80 Days Productions', 'Spanknyce Films', 'Fitzwilliam Productions']","['Germany', 'Ireland', 'United Kingdom', 'United States of America']",2004-06-16,72178895,120.0,"['Deutsch', 'English', 'Français', 'हिन्दी', 'Türkçe', '广州话 / 廣州話']",Released,Around the World in 80 Days,5.7,672,2004,6,-37821105,0.6561717727272727
107000000,8489,en,18.866672,['Columbia Pictures Corporation'],['United States of America'],2001-12-11,87713825,157.0,['English'],Released,Ali,6.7,447,2001,12,-19286175,0.8197553738317757
120000000,2048,en,95.914473,"['Twentieth Century Fox Film Corporation', 'Laurence Mark Productions', 'Davis Entertainment', 'Overbrook Entertainment', 'Mediastream Vierte Film GmbH & Co. Vermarktungs KG', 'Canlaws Productions']","['United States of America', 'Germany']",2004-07-15,347234916,115.0,['English'],Released,"I, Robot",6.7,3793,2004,7,227234916,2.8936243
130000000,1495,en,44.490453,"['Studio Babelsberg', 'Twentieth Century Fox Film Corporation', 'Scott Free Productions', 'Kanzaman', 'Dune Films', 'BK', 'KOH', 'Reino del Cielo', 'Inside Track 3', 'Calle Cruzada']","['Germany', 'Morocco', 'Spain', 'United Kingdom', 'United States of America']",2005-05-03,211643158,144.0,"['العربية', 'English', 'Italiano', 'Latin']",Released,Kingdom of Heaven,6.6,1157,2005,5,81643158,1.6280242923076924
133000000,10137,en,30.475297,"['Columbia Pictures Corporation', 'Global Medien KG', 'Franklin/Waterman Productions']","['Germany', 'United States of America']",1999-12-17,300135367,84.0,['English'],Released,Stuart Little,5.8,959,1999,12,167135367,2.256656894736842
105000000,10198,en,62.479574,"['Walt Disney Pictures', 'Walt Disney Animation Studios']",['United States of America'],2009-12-08,267045765,97.0,"['Français', 'English']",Released,The Princess and the Frog,6.7,1247,2009,12,162045765,2.543293
108000000,286217,en,167.93287,"['Twentieth Century Fox Film Corporation', 'Scott Free Productions', 'Mid Atlantic Films', 'International Traders', 'TSG Entertainment', 'Genre Films']",['United States of America'],2015-09-30,630161890,141.0,"['English', '普通话']",Released,The Martian,7.6,7268,2015,9,522161890,5.834832314814815
126000000,1635,en,37.68056,"['DreamWorks SKG', 'Warner Bros.', 'Parkes/MacDonald Productions']",['United States of America'],2005-07-20,162949164,136.0,['English'],Released,The Island,6.5,1770,2005,7,36949164,1.2932473333333334
90000000,24113,en,1.004579,['New Line Cinema'],[],2001-04-27,10372291,104.0,['English'],Released,Town & Country,3.7,16,2001,4,-79627709,0.11524767777777778
90000000,9679,en,52.995628,"['Jerry Bruckheimer Films', 'Touchstone Pictures']",['United States of America'],2000-06-09,237202299,118.0,['English'],Released,Gone in Sixty Seconds,6.1,1485,2000,6,147202299,2.6355811
103000000,98,en,95.301296,"['DreamWorks SKG', 'Universal Pictures', 'Scott Free Productions', 'Red Wagon Entertainment', 'Mill Film', 'C & L', 'Dawliz']","['United Kingdom', 'United States of America']",2000-05-01,457640427,155.0,['English'],Released,Gladiator,7.9,5439,2000,5,354640427,4.443110941747573
102000000,180,en,65.948959,"['DreamWorks SKG', 'Cruise/Wagner Productions', 'Amblin Entertainment', 'Twentieth Century Fox Film Corporation', 'Blue Tulip Productions', 'Ronald Shusett/Gary Goldman', 'Digital Image Associates']",['United States of America'],2002-06-20,358372926,145.0,"['English', 'svenska']",Released,Minority Report,7.1,2608,2002,6,256372926,3.5134600588235294
100000000,672,en,132.397737,"['1492 Pictures', 'Heyday films', 'Warner Bros.']","['Germany', 'United Kingdom', 'United States of America']",2002-11-13,876688482,161.0,['English'],Released,Harry Potter and the Chamber of Secrets,7.4,5815,2002,11,776688482,8.76688482
150000000,36557,en,88.935165,"['Eon Productions', 'Stillking Films', 'Babelsberg Film']","['Italy', 'United Kingdom', 'United States of America', 'Czech Republic', 'Germany']",2006-11-14,599045960,144.0,"['English', 'Français']",Released,Casino Royale,7.3,3855,2006,11,449045960,3.9936397333333336
100000000,869,en,51.188633,"['Twentieth Century Fox Film Corporation', 'Tim Burton Productions', 'Zanuck Company, The']",['United States of America'],2001-07-25,362211740,119.0,['English'],Released,Planet of the Apes,5.6,1243,2001,7,262211740,3.6221174
100000000,280,en,101.74155,"['Lightstorm Entertainment', 'Pacific Western', 'Canal+', 'Carolco Pictures', 'T2 Productions']","['France', 'United States of America']",1991-07-01,520000000,137.0,"['English', 'Español']",Released,Terminator 2: Judgment Day,7.7,4185,1991,7,420000000,5.2
80000000,11322,en,33.691694,"['Universal Pictures', 'Appian Way', 'Forward Pass', 'Dentsu', 'Relativity Media', 'Tribeca Productions', 'Misher Films']",['United States of America'],2009-07-01,214104620,140.0,['English'],Released,Public Enemies,6.5,1344,2009,7,134104620,2.67630775
100000000,4982,en,42.361215,"['Imagine Entertainment', 'Universal Pictures', 'Scott Free Productions', 'Relativity Media', 'Film Rites']","['United Kingdom', 'United States of America']",2007-11-02,266465037,157.0,['English'],Released,American Gangster,7.4,1502,2007,11,166465037,2.66465037
115000000,36955,en,38.729418,"['Twentieth Century Fox Film Corporation', 'Lightstorm Entertainment']",['United States of America'],1994-07-14,378882411,141.0,"['English', 'Français', 'العربية', 'Deutsch']",Released,True Lies,6.8,1116,1994,7,263882411,3.2946296608695653
100000000,18487,en,40.597856,"['Columbia Pictures', 'Escape Artists', 'Scott Free Productions', 'Relativity Media', 'Metro-Goldwyn-Mayer (MGM)']",['United States of America'],2009-06-11,150166126,106.0,['English'],Released,The Taking of Pelham 1 2 3,6.2,954,2009,6,50166126,1.50166126
100000000,39451,en,32.389353,"['Paramount Pictures', 'Universal Pictures', 'Everyman Pictures', 'Relativity Media', 'Dreamworks Pictures', 'Tribeca Productions']",['United States of America'],2010-12-21,310650585,98.0,['English'],Released,Little Fockers,5.4,1060,2010,12,210650585,3.10650585
100000000,27581,en,24.399642,"['Columbia Pictures', 'Gary Sanchez Productions']",['United States of America'],2010-08-06,170432927,107.0,['English'],Released,The Other Guys,6.1,1383,2010,8,70432927,1.70432927
100000000,9268,en,24.507987,"['Kopelson Entertainment', 'Warner Bros.']","['Canada', 'United States of America']",1996-06-21,242295562,115.0,['English'],Released,Eraser,5.6,543,1996,6,142295562,2.42295562
100000000,68718,en,82.121691,"['Columbia Pictures', 'The Weinstein Company']",['United States of America'],2012-12-25,425368238,165.0,"['English', 'Français', 'Deutsch']",Released,Django Unchained,7.8,10099,2012,12,325368238,4.25368238
100000000,10545,en,46.727941,['Walt Disney Pictures'],['United States of America'],1996-06-21,100138851,91.0,"['Latin', 'English']",Released,The Hunchback of Notre Dame,6.8,1129,1996,6,138851,1.00138851
100000000,11688,en,51.113717,"['Walt Disney Pictures', 'Walt Disney Feature Animation']",['United States of America'],2000-12-09,169327687,78.0,['English'],Released,The Emperor's New Groove,7.2,1490,2000,12,69327687,1.69327687
100000000,76163,en,53.732892,"['Nu Image Films', 'Millennium Films']",['United States of America'],2012-08-08,312573423,103.0,['English'],Released,The Expendables 2,6.1,2896,2012,8,212573423,3.12573423
100000000,2059,en,58.849256,"['Walt Disney Pictures', 'Jerry Bruckheimer Films', 'Saturn Films', 'Junction Entertainment']",['United States of America'],2004-11-19,347451894,131.0,"['Latin', 'English', 'Español']",Released,National Treasure,6.4,1926,2004,11,247451894,3.47451894
100000000,2486,en,30.863434,"['Ingenious Film Partners', 'Twentieth Century Fox Film Corporation', 'Dune Entertainment', 'Major Studio Partners', 'Fox 2000 Pictures', 'Davis Entertainment', 'Mid Atlantic Films']","['United Kingdom', 'United States of America', 'Hungary']",2006-12-14,249288105,104.0,['English'],Released,Eragon,4.9,967,2006,12,149288105,2.49288105
100000000,16523,en,31.586215,"['Village Roadshow Pictures', 'Legendary Pictures', 'Playtone', 'Wild Things Productions', 'Warner Bros.']",['United States of America'],2009-10-16,100086793,101.0,['English'],Released,Where the Wild Things Are,6.4,572,2009,10,86793,1.00086793
100000000,116711,en,36.711378,"['Blue Sky Studios', 'Twentieth Century Fox Animation']",['United States of America'],2013-05-15,268426634,102.0,['English'],Released,Epic,6.4,1121,2013,5,168426634,2.68426634
100000000,37710,en,41.426678,"['Columbia Pictures', 'Spyglass Entertainment', 'Peninsula Films', 'StudioCanal', 'Sony Pictures Releasing', 'GK Films', 'Sony Pictures Worldwide Acquisitions (SPWA)', 'Italian Tax Credit', 'Birnbaum/Barber', 'Cineroma SRL', 'French Tax Credit']","['United Kingdom', 'United States of America', 'France', 'Italy']",2010-12-08,278731369,103.0,"['English', 'Français', 'Italiano', 'Pусский', 'Español']",Released,The Tourist,6.0,1699,2010,12,178731369,2.78731369
100000000,9946,en,20.652943,['Beacon Communications'],['United States of America'],1999-11-24,211989043,121.0,"['English', 'Italiano', 'Latin']",Released,End of Days,5.5,482,1999,11,111989043,2.11989043
100000000,1372,en,52.792678,"['Bedford Falls Productions', 'Lonely Film Productions GmbH & Co. KG.', 'Virtual Studios', 'Spring Creek Productions', 'Warner Bros.', 'Initial Entertainment Group (IEG)', 'Liberty Pictures']","['Germany', 'United States of America']",2006-12-07,170877916,143.0,"['Afrikaans', 'English']",Released,Blood Diamond,7.3,2281,2006,12,70877916,1.70877916
100000000,106646,en,95.007934,"['Paramount Pictures', 'Appian Way', 'EMJAG Productions', 'Red Granite Pictures', 'Sikelia Productions']",['United States of America'],2013-12-25,392000694,180.0,"['Français', 'English']",Released,The Wolf of Wall Street,7.9,6571,2013,12,292000694,3.92000694
100000000,414,en,48.205606,"['Warner Bros.', 'Polygram Filmed Entertainment']","['United Kingdom', 'United States of America']",1995-05-31,336529144,121.0,['English'],Released,Batman Forever,5.2,1498,1995,5,236529144,3.36529144
105000000,563,en,58.782359,"['TriStar Pictures', 'Touchstone Pictures', 'Big Bug Pictures']",['United States of America'],1997-11-06,121214377,129.0,['English'],Released,Starship Troopers,6.7,1560,1997,11,16214377,1.154422638095238
102000000,83542,en,73.872343,"['Anarchos Productions', 'X-Filme Creative Pool', 'Ascension Pictures', 'ARD Degeto Film', 'Cloud Atlas Productions', 'Five Drops', 'Media Asia Group', 'Dreams of Dragon Picture']","['Germany', 'Hong Kong', 'Singapore', 'United States of America']",2012-10-26,130482868,172.0,['English'],Released,Cloud Atlas,6.6,2977,2012,10,28482868,1.2792438039215686
80000000,41216,en,37.321848,"['Village Roadshow Pictures', 'Warner Bros.', 'Animal Logic', 'Cruel and Unusual Films']","['Australia', 'United States of America']",2010-07-10,140073390,97.0,['English'],Released,Legend of the Guardians: The Owls of Ga'Hoole,6.5,703,2010,7,60073390,1.750917375
100000000,314,en,32.271938,"['Village Roadshow Pictures', 'DiNovi Pictures', 'Warner Bros.', 'Frantic Films', 'Maple Shade Films', 'Catwoman Films']",['United States of America'],2004-07-22,82102379,104.0,"['Español', 'English']",Released,Catwoman,4.2,808,2004,7,-17897621,0.82102379
100000000,184315,en,76.842247,"['Paramount Pictures', 'Metro-Goldwyn-Mayer (MGM)', 'Radical Studios', 'Flynn Picture Company']",['United States of America'],2014-07-23,243400000,99.0,['English'],Released,Hercules,5.6,1680,2014,7,143400000,2.434
140000000,9016,en,38.924136,"['Walt Disney Pictures', 'Walt Disney Feature Animation']",['United States of America'],2002-11-26,109578115,95.0,['English'],Released,Treasure Planet,7.2,948,2002,11,-30421885,0.7827008214285714
100000000,18162,en,19.38841,"['Universal Pictures', 'Mosaic Media Group', 'Relativity Media', 'Sid & Marty Krofft Pictures']",['United States of America'],2009-06-05,68688831,102.0,['English'],Released,Land of the Lost,5.3,381,2009,6,-31311169,0.68688831
90000000,138103,en,61.025639,"['Davis-Films', 'Nu Image Films', 'LionsGate', 'Millennium Films', 'Ex3 Productions', 'Fipex Holding']","['France', 'United States of America']",2014-08-04,206172544,127.0,['English'],Released,The Expendables 3,6.1,1795,2014,8,116172544,2.2908060444444445
105000000,257088,en,33.507289,"['Studio Babelsberg', 'Alcon Entertainment', 'DMG Entertainment', 'Ehman Productions']","['Germany', 'United States of America', 'China']",2015-12-03,133718711,114.0,['English'],Released,Point Break,5.5,783,2015,12,28718711,1.2735115333333333
100000000,205775,en,50.767332,"['Imagine Entertainment', 'Spring Creek Productions', 'Warner Bros.', 'Roth Films', 'K. JAM Media', 'Cott Productions', 'Surf Film', 'Enelmar Productions, A.I.E.']",['United States of America'],2015-11-20,93820758,122.0,['English'],Released,In the Heart of the Sea,6.5,1276,2015,11,-6179242,0.93820758
100000000,11692,en,12.092241,"['Village Roadshow Pictures', 'Castle Rock Entertainment', 'NPV Entertainment', ""Mel's Cite du Cinema""]","['Australia', 'United States of America']",2002-08-15,7103973,95.0,['English'],Released,The Adventures of Pluto Nash,4.4,142,2002,8,-92896027,0.07103973
100000000,22972,en,30.254021,"['Universal Pictures', 'StudioCanal', 'Dentsu', 'Relativity Media', 'Working Title Films']","['Spain', 'United Kingdom', 'United States of America', 'France']",2010-03-11,94882889,115.0,"['English', 'العربية']",Released,Green Zone,6.4,717,2010,3,-5117111,0.94882889
99000000,227973,en,34.308098,"['Blue Sky Studios', 'Twentieth Century Fox Animation']",['United States of America'],2015-11-05,246233113,88.0,['English'],Released,The Peanuts Movie,6.5,604,2015,11,147233113,2.4872031616161614
10000000,29193,en,3.091077,"['Jean Doumanian Productions', 'Sweetland Films', 'Magnolia Films', 'Jasmine Productions Inc.']",['United States of America'],1997-09-08,13835130,110.0,['English'],Released,The Spanish Prisoner,7.1,73,1997,9,3835130,1.383513
98000000,1734,en,41.862983,"['Universal Pictures', 'Alphaville Films', 'Imhotep Productions']",['United States of America'],2001-04-28,433013274,130.0,"['English', 'العربية']",Released,The Mummy Returns,6.0,2206,2001,4,335013274,4.418502795918367
100000000,3131,en,46.160048,"['Miramax Films', 'Initial Entertainment Group (IEG)', 'Alberto Grimaldi Productions']","['United States of America', 'Italy']",2002-12-14,193772504,167.0,"['English', 'Gaeilge', 'Latin', '普通话']",Released,Gangs of New York,7.1,1910,2002,12,93772504,1.93772504
94000000,76758,zh,12.516546,"['Beijing New Picture Film Co. Ltd.', 'EDKO Film', 'New Picture Company']","['China', 'Hong Kong']",2011-12-15,95311434,145.0,"['普通话', '日本語', 'English']",Released,The Flowers of War,7.1,187,2011,12,1311434,1.0139514255319149
85000000,9408,en,23.230851,"['Columbia Pictures', 'Sony Pictures Animation']",['United States of America'],2007-06-08,149044513,85.0,['English'],Released,Surf's Up,5.9,601,2007,6,64044513,1.7534648588235293
90000000,9890,en,19.224754,"['Paramount Pictures', 'De Line Pictures', 'DreamWorks Pictures']",['United States of America'],2004-06-10,102000000,93.0,['English'],Released,The Stepford Wives,5.4,334,2004,6,12000000,1.1333333333333333
92000000,855,en,44.455166,"['Jerry Bruckheimer Films', 'Revolution Studios', 'Scott Free Productions']","['United Kingdom', 'United States of America']",2001-12-28,172989651,144.0,"['English', 'Somali']",Released,Black Hawk Down,7.2,1811,2001,12,80989651,1.8803222934782609
90000000,18,en,109.528572,"['Columbia Pictures', 'Gaumont']",['France'],1997-05-07,263920180,126.0,"['English', 'svenska', 'Deutsch']",Released,The Fifth Element,7.3,3885,1997,5,173920180,2.9324464444444445
100000000,37786,en,18.325897,"['New Line Cinema', 'Village Roadshow Pictures', 'Home Box Office (HBO)', 'HBO Films']",['United States of America'],2010-05-26,288347692,146.0,"['English', 'العربية']",Released,Sex and the City 2,5.4,426,2010,5,188347692,2.88347692
95000000,10501,en,37.054554,"['DreamWorks SKG', 'DreamWorks Animation']",['United States of America'],2000-03-31,76432727,89.0,['English'],Released,The Road to El Dorado,7.0,858,2000,3,-18567273,0.8045550210526315
95000000,57800,en,65.229868,"['Blue Sky Studios', 'Twentieth Century Fox Animation']",['United States of America'],2012-06-26,877244782,88.0,['English'],Released,Ice Age: Continental Drift,6.2,2672,2012,6,782244782,9.2341556
95000000,150689,en,101.187052,"['Walt Disney Pictures', 'Genre Films', 'Beagle Pug Films', 'Allison Shearmur Productions']","['United Kingdom', 'United States of America']",2015-03-12,543514353,105.0,['English'],Released,Cinderella,6.7,2374,2015,3,448514353,5.721203715789474
65000000,7980,en,29.257137,"['WingNut Films', 'DreamWorks SKG', 'Key Creatives', 'Film4', 'Goldcrest Pictures', 'New Zealand Large Budget Screen Production Grant']","['United Kingdom', 'New Zealand', 'United States of America']",2009-12-26,93525586,136.0,['English'],Released,The Lovely Bones,6.6,1065,2009,12,28525586,1.4388551692307692
94000000,12,en,85.688789,['Pixar Animation Studios'],['United States of America'],2003-05-30,940335536,100.0,['English'],Released,Finding Nemo,7.6,6122,2003,5,846335536,10.003569531914893
94000000,122,en,123.630332,"['WingNut Films', 'New Line Cinema']","['New Zealand', 'United States of America']",2003-12-01,1118888979,201.0,['English'],Released,The Lord of the Rings: The Return of the King,8.1,8064,2003,12,1024888979,11.903074244680852
79000000,121,en,106.914973,"['WingNut Films', 'New Line Cinema', 'The Saul Zaentz Company']","['New Zealand', 'United States of America']",2002-12-18,926287400,179.0,['English'],Released,The Lord of the Rings: The Two Towers,8.0,7487,2002,12,847287400,11.725156962025316
95000000,68737,en,63.628459,"['Legendary Pictures', 'Thunder Road Pictures', 'Outlaw Sinema', 'Moving Picture Company (MPC)', 'Pendle Mountain Productions', 'China Film Co.']","['China', 'Canada', 'United States of America', 'United Kingdom']",2014-12-12,114178613,102.0,['English'],Released,Seventh Son,5.2,957,2014,12,19178613,1.2018801368421053
115000000,1995,en,41.498631,"['Paramount Pictures', 'Toho-Towa', 'Mutual Film Company', 'Lawrence Gordon Productions', 'British Broadcasting Corporation (BBC)', 'Marubeni', 'Eidos Interactive']",['United States of America'],2001-06-11,274703340,100.0,['English'],Released,Lara Croft: Tomb Raider,5.7,2192,2001,6,159703340,2.388724695652174
100000000,157353,en,58.991388,"['Alcon Entertainment', 'Syncopy', 'DMG Entertainment', 'Straight Up Films']","['China', 'United Kingdom', 'United States of America']",2014-04-16,103039258,119.0,['English'],Released,Transcendence,5.9,2295,2014,4,3039258,1.03039258
93000000,331,en,1.859364,"['Universal Studios', 'Amblin Entertainment']",['United States of America'],2001-07-18,368780809,92.0,"['English', 'Español']",Released,Jurassic Park III,5.7,2077,2001,7,275780809,3.9653850430107527
93000000,61791,en,138.433168,"['Ingenious Film Partners', 'Ingenious Media', 'Twentieth Century Fox Film Corporation', 'Dune Entertainment', 'Dune Entertainment III', 'Chernin Entertainment', 'Big Screen Productions']",['United States of America'],2011-08-03,482860185,105.0,['English'],Released,Rise of the Planet of the Apes,7.0,4347,2011,8,389860185,5.192045
90000000,8204,en,21.436682,"['Paramount Pictures', 'The Kennedy/Marshall Company']",['United States of America'],2008-02-14,162839667,95.0,['English'],Released,The Spiderwick Chronicles,6.3,572,2008,2,72839667,1.8093296333333333
92000000,47964,en,65.402595,"['Ingenious Media', 'Twentieth Century Fox Film Corporation', 'Dune Entertainment', 'Mid Atlantic Films', 'Big Screen Productions', 'Temple Hill Entertainment', 'TSG Entertainment', 'Giant Pictures', 'Origo Film Group']",['United States of America'],2013-02-06,304654182,98.0,"['English', 'Pусский']",Released,A Good Day to Die Hard,5.2,3493,2013,2,212654182,3.3114585
145000000,10733,en,10.660441,"['Imagine Entertainment', 'Touchstone Pictures']",['United States of America'],2004-04-07,25819961,137.0,"['English', 'Español']",Released,The Alamo,5.8,106,2004,4,-119180039,0.17806869655172414
92000000,9806,en,77.817571,"['Walt Disney Pictures', 'Pixar Animation Studios']",['United States of America'],2004-11-05,631442092,115.0,"['Français', 'English']",Released,The Incredibles,7.4,5152,2004,11,539442092,6.863501
98000000,1408,en,7.029308,"['Le Studio Canal+', 'Laurence Mark Productions', 'Metro-Goldwyn-Mayer (MGM)', 'Carolco Pictures']","['France', 'Germany', 'Italy', 'United States of America']",1995-12-22,10017322,119.0,"['English', 'Latin']",Released,Cutthroat Island,5.7,136,1995,12,-87982678,0.10221757142857144
95000000,32657,en,61.121717,"['Ingenious Film Partners', '1492 Pictures', 'Dune Entertainment', 'Fox 2000 Pictures', 'Sunswept Entertainment', 'Dune Entertainment III', 'Big Screen Productions', 'TCF Vancouver Productions']","['Canada', 'United States of America']",2010-02-01,226497209,118.0,['English'],Released,Percy Jackson & the Olympians: The Lightning Thief,6.0,2010,2010,2,131497209,2.384181147368421
90000000,607,en,104.121555,"['Amblin Entertainment', 'Columbia Pictures Corporation', 'Parkes+MacDonald Image Nation']",['United States of America'],1997-07-02,589390539,98.0,"['English', 'Español']",Released,Men in Black,6.9,4412,1997,7,499390539,6.548783766666666
90000000,863,en,73.575118,['Pixar Animation Studios'],['United States of America'],1999-10-30,497366869,92.0,['English'],Released,Toy Story 2,7.3,3806,1999,10,407366869,5.526298544444445
100000000,44048,en,37.698465,"['Twentieth Century Fox Film Corporation', 'Scott Free Productions', 'Firm Films', 'Prospect Park', 'Millbrook Farm Productions']",['United States of America'],2010-11-04,167805466,98.0,['English'],Released,Unstoppable,6.3,1165,2010,11,67805466,1.67805466
90000000,5175,en,35.814765,['New Line Cinema'],['United States of America'],2001-08-03,347325802,90.0,"['广州话 / 廣州話', 'English', '普通话']",Released,Rush Hour 2,6.4,1054,2001,8,257325802,3.8591755777777776
100000000,2655,en,15.835672,"['DreamWorks SKG', 'Twentieth Century Fox Film Corporation', 'ImageMovers']",['United States of America'],2000-07-21,155464351,130.0,['English'],Released,What Lies Beneath,6.3,488,2000,7,55464351,1.55464351
100000000,22794,en,46.781182,"['Columbia Pictures', 'Sony Pictures Animation']",['United States of America'],2009-09-17,242988466,90.0,['English'],Released,Cloudy with a Chance of Meatballs,6.5,1747,2009,9,142988466,2.42988466
90000000,8355,en,69.457898,"['Blue Sky Studios', 'Twentieth Century Fox Animation']",['United States of America'],2009-06-29,886686817,94.0,['English'],Released,Ice Age: Dawn of the Dinosaurs,6.5,2271,2009,6,796686817,9.852075744444445
90000000,116745,en,43.348022,"['New Line Cinema', 'Ingenious Media', 'Twentieth Century Fox Film Corporation', 'Samuel Goldwyn Films', 'Big Screen Productions', 'Red Hour Films', 'TSG Entertainment', 'Down Productions']",['United States of America'],2013-12-18,188133322,114.0,['English'],Released,The Secret Life of Walter Mitty,7.0,3144,2013,12,98133322,2.0903702444444443
92000000,4327,en,40.20395,['Columbia Pictures'],['United States of America'],2000-11-02,264105545,98.0,"['English', 'Deutsch', 'suomi', '日本語', '广州话 / 廣州話']",Released,Charlie's Angels,5.6,1232,2000,11,172105545,2.870712445652174
90000000,1422,en,63.429157,"['Vertigo Entertainment', 'Media Asia Films', 'Warner Bros.', 'Initial Entertainment Group (IEG)', 'Plan B Entertainment']","['Hong Kong', 'United States of America']",2006-10-05,289847354,151.0,"['English', '广州话 / 廣州話']",Released,The Departed,7.9,4339,2006,10,199847354,3.2205261555555555
90000000,10674,en,67.427755,"['Walt Disney Pictures', 'Walt Disney Feature Animation']",['United States of America'],1998-06-18,304320254,88.0,"['English', '普通话']",Released,Mulan,7.6,2008,1998,6,214320254,3.3813361555555557
92000000,7446,en,43.192048,"['DreamWorks SKG', 'Goldcrest Pictures', 'Red Hour Films', 'Internationale Filmproduktion Stella-del-Sud Second']","['United States of America', 'United Kingdom', 'Germany']",2008-08-09,188072649,107.0,"['English', '普通话']",Released,Tropic Thunder,6.5,1667,2008,8,96072649,2.0442679239130435
90000000,65754,en,47.651083,"['Columbia Pictures', 'Scott Rudin Productions', 'Film Rites', 'Metro-Goldwyn-Mayer (MGM)', 'Yellow Bird', 'Ground Control']","['Norway', 'Sweden', 'United States of America']",2011-12-14,232617430,158.0,['English'],Released,The Girl with the Dragon Tattoo,7.2,2434,2011,12,142617430,2.584638111111111
90000000,1572,en,51.881077,"['Twentieth Century Fox Film Corporation', 'Cinergi Pictures Entertainment']",['United States of America'],1995-05-19,366101666,128.0,"['English', 'Deutsch', 'Română']",Released,Die Hard: With a Vengeance,6.9,2066,1995,5,276101666,4.067796288888889
90000000,10528,en,57.834787,"['Village Roadshow Pictures', 'Silver Pictures', 'Warner Bros.', 'Internationale Filmproduktion Blackbird Dritte', 'Wigram Productions']","['Germany', 'United Kingdom', 'United States of America']",2009-12-23,524028679,128.0,"['English', 'Français']",Released,Sherlock Holmes,7.0,5766,2009,12,434028679,5.822540877777778
100000000,271969,en,29.608322,"['Paramount Pictures', 'Metro-Goldwyn-Mayer (MGM)', 'Sean Daniel Company', 'LightWorkers Media']",['United States of America'],2016-08-17,94061311,125.0,['English'],Released,Ben-Hur,5.3,621,2016,8,-5938689,0.94061311
120000000,10865,en,51.548589,"['Walt Disney Pictures', 'Walt Disney Feature Animation']",['United States of America'],2001-06-02,186053725,95.0,"['English', 'Français', 'Español']",Released,Atlantis: The Lost Empire,6.7,1224,2001,6,66053725,1.5504477083333332
75000000,2253,en,38.832842,"['United Artists', 'Achte Babelsberg Film', 'Metro-Goldwyn-Mayer (MGM)', 'Bad Hat Harry Productions']","['Germany', 'United States of America']",2008-12-25,200276000,121.0,"['English', 'Deutsch']",Released,Valkyrie,6.7,1173,2008,12,125276000,2.6703466666666666
90000000,10661,en,40.597344,"['Columbia Pictures', 'Happy Madison Productions', 'Sony Pictures Releasing', 'Relativity Media']",['United States of America'],2008-06-05,201596308,113.0,"['English', 'עִבְרִית']",Released,You Don't Mess with the Zohan,5.5,1048,2008,6,111596308,2.239958977777778
88000000,257344,en,140.849495,"['Columbia Pictures', 'Happy Madison Productions']",['United States of America'],2015-07-16,243637091,105.0,['English'],Released,Pixels,5.6,2513,2015,7,155637091,2.7686033068181817
100000000,644,en,34.035114,"['DreamWorks SKG', 'Amblin Entertainment', 'Stanley Kubrick Productions', 'Warner Bros.']",['United States of America'],2001-06-29,235926552,146.0,['English'],Released,A.I. Artificial Intelligence,6.8,1974,2001,6,135926552,2.35926552
90000000,10756,en,16.302378,"['Walt Disney Pictures', 'Gunn Films', 'Doom Buggy Productions']",['United States of America'],2003-11-25,182290266,99.0,['English'],Released,The Haunted Mansion,5.2,466,2003,11,92290266,2.0254474
90000000,686,en,55.249434,"['Warner Bros.', 'South Side Amusement Company']",['United States of America'],1997-07-11,171120329,150.0,['English'],Released,Contact,7.2,1308,1997,7,81120329,1.901336988888889
95000000,9383,en,28.200874,"['Columbia Pictures Corporation', 'Global Entertainment Productions GmbH & Company Medien KG']","['Germany', 'United States of America']",2000-08-04,190213455,112.0,['English'],Released,Hollow Man,5.6,634,2000,8,95213455,2.002246894736842
80000000,179,en,18.69984,"['Universal Pictures', 'StudioCanal', 'Mirage Enterprises', 'Working Title Films', 'Misher Films', 'Motion Picture JOTA Produktions']","['France', 'Germany', 'United Kingdom', 'United States of America']",2005-04-08,162944923,128.0,"['English', 'Français', 'Português']",Released,The Interpreter,6.2,392,2005,4,82944923,2.0368115375
90000000,76285,en,40.262261,"['1492 Pictures', 'Dune Entertainment', 'Fox 2000 Pictures', 'Sunswept Entertainment', 'Dune Entertainment III', 'TSG Entertainment']",['United States of America'],2013-08-07,174578751,106.0,['English'],Released,Percy Jackson: Sea of Monsters,5.9,1648,2013,8,84578751,1.9397639
95000000,1996,en,56.811056,"['Paramount Pictures', 'Toho-Towa', 'Mutual Film Company', 'Lawrence Gordon Productions', 'British Broadcasting Corporation (BBC)', 'October Pictures', 'Eidos Interactive']","['United States of America', 'Germany', 'Japan', 'United Kingdom']",2003-07-21,156505388,117.0,"['English', '普通话']",Released,Lara Croft Tomb Raider: The Cradle of Life,5.5,1418,2003,7,61505388,1.6474251368421053
90000000,291805,en,51.535701,"['Summit Entertainment', 'Lionsgate', 'K/O Paper Products', 'TIK Films']","['Canada', 'China', 'United Kingdom', 'United States of America']",2016-06-02,334901337,129.0,"['普通话', 'English']",Released,Now You See Me 2,6.7,3235,2016,6,244901337,3.7211259666666665
68000000,10003,en,20.913852,"['Paramount Pictures', 'Mace Neufeld Productions', 'Rysher Entertainment']",['United States of America'],1997-04-03,118063304,116.0,"['English', 'Pусский']",Released,The Saint,5.9,302,1997,4,50063304,1.7362250588235295
92000000,1535,en,27.166757,"['Universal Pictures', 'Metropolitan Filmexport', 'Toho-Towa', 'Red Wagon Productions', 'Beacon Communications', 'Kalima Productions GmbH & Co. KG']","['United Kingdom', 'United States of America']",2001-11-18,143049560,126.0,"['广州话 / 廣州話', 'English', 'Deutsch', 'العربية', 'Français']",Released,Spy Game,6.8,579,2001,11,51049560,1.5548865217391303
90000000,2067,en,16.058284,"['Spyglass Entertainment', 'The Jacobson Company', 'Touchstone Pictures', 'Red Horizon Productions']",['United States of America'],2000-03-10,60874615,114.0,['English'],Released,Mission to Mars,5.7,369,2000,3,-29125385,0.6763846111111111
90000000,46195,en,46.200042,"['Blue Sky Studios', 'Twentieth Century Fox Animation']",['United States of America'],2011-04-03,484635760,96.0,"['English', 'Português']",Released,Rio,6.5,2166,2011,4,394635760,5.384841777777778
100000000,2277,en,24.939295,"['Laurence Mark Productions', '1492 Pictures', 'Columbia Pictures Corporation', 'Touchstone Pictures', 'Radiant Productions']","['Germany', 'United States of America']",1999-12-17,93700000,131.0,['English'],Released,Bicentennial Man,6.9,963,1999,12,-6300000,0.937
90000000,4477,en,15.350451,['Columbia Pictures'],['United States of America'],1997-03-12,140807547,107.0,['English'],Released,The Devil's Own,5.9,290,1997,3,50807547,1.5645283
100000000,8665,en,15.625949,"['Paramount Pictures', 'Intermedia Films', 'National Geographic Society', 'New Regency Pictures', 'Palomar Pictures (II)', 'First Light Production']","['Canada', 'Germany', 'United Kingdom', 'United States of America']",2002-07-19,35168966,138.0,['English'],Released,K-19: The Widowmaker,6.1,264,2002,7,-64831034,0.35168966
20000000,9387,en,31.802807,"['Universal Pictures', 'Dino De Laurentiis Company']",['United States of America'],1982-04-02,79114085,129.0,['English'],Released,Conan the Barbarian,6.6,650,1982,4,59114085,3.95570425
88000000,921,en,24.100863,"['Miramax Films', 'Imagine Entertainment', 'Universal Pictures', 'Parkway Pictures (I)', 'Touchstone Pictures']",['United States of America'],2005-06-02,108539911,144.0,['English'],Released,Cinderella Man,7.3,616,2005,6,20539911,1.2334080795454545
90000000,49852,en,3.593349,"['Vnesheconombank', 'Nutcracker Holdings', 'HCC Media Group', 'Russian Roulette Ltd.']","['United Kingdom', 'Hungary']",2010-11-24,16178959,110.0,"['Dansk', 'English']",Released,The Nutcracker: The Untold Story,5.4,50,2010,11,-73821041,0.1797662111111111
87000000,4464,en,14.824166,"['Universal Pictures', 'Spyglass Entertainment', 'The Kennedy/Marshall Company', 'DreamWorks Pictures', 'Touchstone Pictures']",['United States of America'],2003-07-22,148336445,141.0,['English'],Released,Seabiscuit,6.7,216,2003,7,61336445,1.7050166091954022
92000000,664,en,32.079995,"['Universal Pictures', 'Amblin Entertainment', 'Warner Bros.', 'Constant c Productions']",['United States of America'],1996-05-10,494471524,113.0,['English'],Released,Twister,6.1,950,1996,5,402471524,5.374690478260869
90000000,8358,en,57.739713,"['DreamWorks SKG', 'Twentieth Century Fox Film Corporation', 'Playtone', 'ImageMovers']",['United States of America'],2000-12-22,429632142,143.0,"['Pусский', 'English']",Released,Cast Away,7.5,3218,2000,12,339632142,4.773690466666666
100000000,9836,en,37.272385,"['Kennedy Miller Productions', 'Animal Logic']",['Australia'],2006-11-16,384335608,108.0,['English'],Released,Happy Feet,5.9,1410,2006,11,284335608,3.84335608
75000000,2502,en,53.213931,"['Universal Pictures', 'The Kennedy/Marshall Company', 'Hypnotic', 'Motion Picture THETA Produktionsgesellschaft', 'Ludlum Entertainment']","['Germany', 'United States of America']",2004-07-23,288500217,108.0,"['English', 'Pусский', 'Deutsch', 'Italiano']",Released,The Bourne Supremacy,7.2,2825,2004,7,213500217,3.84666956
85000000,9772,en,36.38795,"['Columbia Pictures Corporation', 'Beacon Communications', 'Radiant Productions']","['Germany', 'United States of America']",1997-07-25,315156409,124.0,"['English', 'Pусский']",Released,Air Force One,6.2,840,1997,7,230156409,3.7077224588235294
85000000,161,en,60.929352,"['Village Roadshow Pictures', 'Section Eight', 'NPV Entertainment', 'Jerry Weintraub Productions', 'Warner Bros.', 'WV Films II']",['United States of America'],2001-12-07,450717150,116.0,"['Italiano', 'English']",Released,Ocean's Eleven,7.2,3783,2001,12,365717150,5.302554705882353
75000000,52451,en,36.605246,"['Impact Pictures', 'Studio Babelsberg', 'Nouvelles Éditions de Films (NEF)', 'New Legacy', 'Constantin Film Produktion']","['United States of America', 'Germany', 'France', 'United Kingdom']",2011-08-31,132274484,110.0,['English'],Released,The Three Musketeers,5.6,924,2011,8,57274484,1.7636597866666666
85000000,76492,en,56.257411,"['Columbia Pictures', 'Sony Pictures Animation']",['United States of America'],2012-09-20,358375603,91.0,['English'],Released,Hotel Transylvania,6.8,2566,2012,9,273375603,4.216183564705882
85000000,4523,en,29.21998,"['Walt Disney Pictures', 'Josephson Entertainment', 'Andalasia Productions', 'Right Coast Productions']",['United States of America'],2007-11-20,340487652,107.0,['English'],Released,Enchanted,6.6,1449,2007,11,255487652,4.005737082352941
85000000,59961,en,34.773106,"['Universal Pictures', 'Dentsu', 'Relativity Media', 'Bluegrass Films']",['United States of America'],2012-02-09,208076205,115.0,"['English', 'Afrikaans', 'Español']",Released,Safe House,6.3,1345,2012,2,123076205,2.4479553529411766
85000000,10481,en,9.895061,"['Walt Disney Pictures', 'Cruella Productions']",['United States of America'],2000-10-07,183611771,100.0,['English'],Released,102 Dalmatians,5.1,313,2000,10,98611771,2.160138482352941
75000000,59108,en,36.743324,"['Universal Pictures', 'Image Entertainment', 'Relativity Media', 'Rat Entertainment']",['United States of America'],2011-11-02,152930623,104.0,['English'],Released,Tower Heist,5.8,932,2011,11,77930623,2.0390749733333333
85000000,1581,en,44.967453,"['Columbia Pictures', 'Universal Pictures', 'Waverly Films', 'Relativity Media']","['United Kingdom', 'United States of America']",2006-12-08,194168700,136.0,['English'],Released,The Holiday,6.7,1225,2006,12,109168700,2.2843376470588237
90000000,9798,en,41.207568,"['Jerry Bruckheimer Films', 'Scott Free Productions', 'Touchstone Pictures', 'No Such Productions']",['United States of America'],1998-11-20,250649836,132.0,['English'],Released,Enemy of the State,6.7,1240,1998,11,160649836,2.7849981777777777
85000000,22897,en,16.479851,"['Universal Pictures', 'Scott Rudin Productions', 'Waverly Films', 'Dentsu', 'Relativity Media']",['United States of America'],2009-12-23,219103655,121.0,"['English', 'Français']",Released,It's Complicated,6.2,360,2009,12,134103655,2.577690058823529
85000000,298,en,42.069993,"['Village Roadshow Pictures', 'Section Eight', 'Jerry Weintraub Productions', 'Warner Bros.']",['United States of America'],2007-06-07,311312624,122.0,"['Español', 'English', 'Français']",Released,Ocean's Thirteen,6.5,1999,2007,6,226312624,3.6625014588235296
85000000,7484,en,26.61951,['Sony Pictures Animation'],['United States of America'],2006-09-29,197309027,83.0,['English'],Released,Open Season,6.1,656,2006,9,112309027,2.3212826705882352
85000000,157350,en,80.316463,"['Summit Entertainment', 'Red Wagon Entertainment']",['United States of America'],2014-03-14,288747895,139.0,['English'],Released,Divergent,6.9,4663,2014,3,203747895,3.3970340588235293
68000000,853,en,41.273567,"['Paramount Pictures', 'Swanford Films', 'Mandalay Pictures', 'Little Bird', 'KC Medien', 'Reperage', 'DOS', 'MP Film Management']","['Ireland', 'United States of America', 'Germany', 'United Kingdom']",2001-03-13,96976270,131.0,"['Deutsch', 'English', 'Pусский']",Released,Enemy at the Gates,7.2,999,2001,3,28976270,1.4261216176470588
85000000,10159,en,24.107835,"['Columbia Pictures', 'Universal Pictures', 'Strike Entertainment', 'WWE Studios', 'Misher Films', 'IM3 Entertainment']",['United States of America'],2003-09-26,80916492,104.0,"['Português', 'English']",Released,The Rundown,6.4,514,2003,9,-4083508,0.9519587294117647
85000000,9593,en,32.044191,"['Columbia Pictures Corporation', 'Oak Productions']",['United States of America'],1993-06-18,137298489,130.0,['English'],Released,Last Action Hero,6.1,712,1993,6,52298489,1.6152763411764706
85000000,1904,en,16.595874,"['DreamWorks SKG', 'Spyglass Entertainment', 'Columbia Pictures Corporation', 'Red Wagon Productions']",['United States of America'],2005-12-06,162242962,145.0,"['English', '日本語']",Released,Memoirs of a Geisha,7.3,652,2005,12,77242962,1.9087407294117646
85000000,9615,en,8.282876,['Universal Pictures'],"['Japan', 'United States of America']",2006-06-03,158468292,104.0,"['English', '日本語']",Released,The Fast and the Furious: Tokyo Drift,6.1,1705,2006,6,73468292,1.8643328470588236
90000000,297,en,36.069611,"['Universal Pictures', 'City Light Films']",['United States of America'],1998-11-12,142940100,178.0,['English'],Released,Meet Joe Black,6.9,1147,1998,11,52940100,1.5882233333333333
85000000,9884,en,18.827753,"['David Foster Productions', 'Bel Air Entertainment', 'Warner Bros.', 'Hacienda Productions']",['United States of America'],2002-02-06,78382433,108.0,"['English', 'Español']",Released,Collateral Damage,5.5,427,2002,2,-6617567,0.9221462705882353
85000000,62764,en,48.126297,"['Relativity Media', 'Misher Films', 'Yucaipa Films', 'Goldmann Pictures', 'Rat Entertainment', 'Misha Films']",['United States of America'],2012-03-15,183018522,106.0,['English'],Released,Mirror Mirror,5.5,1114,2012,3,98018522,2.153159082352941
60000000,22538,en,38.885195,"['Universal Pictures', 'Marc Platt Productions']","['United States of America', 'Canada']",2010-07-27,47664559,112.0,['English'],Released,Scott Pilgrim vs. the World,7.2,2126,2010,7,-12335441,0.7944093166666667
60000000,9341,en,29.211255,"['Paramount Pictures', 'David Foster Productions', 'Horsepower Films', 'LivePlanet', 'Core Productions', 'Munich Film Partners New Century & Company (MFP) Core Productions']","['United States of America', 'Canada', 'Germany']",2003-03-28,74208267,136.0,['English'],Released,The Core,5.4,516,2003,3,14208267,1.23680445
84000000,12107,en,17.783361,"['Imagine Entertainment', 'Universal Pictures']",['United States of America'],2000-07-27,123307945,106.0,['English'],Released,Nutty Professor II: The Klumps,4.7,332,2000,7,39307945,1.4679517261904762
84000000,9637,en,31.435539,"['Atlas Entertainment', 'Mosaic Media Group', 'Warner Bros.']",['United States of America'],2002-06-14,275650703,88.0,['English'],Released,Scooby-Doo,5.4,820,2002,6,191650703,3.281555988095238
50000000,49049,en,57.673932,"['DNA Films', 'Reliance BIG Entertainment', 'IM Global', 'Rena Film', 'Peach Trees']","['South Africa', 'United Kingdom', 'United States of America', 'India']",2012-09-07,41037742,95.0,['English'],Released,Dredd,6.6,1940,2012,9,-8962258,0.82075484
82500000,9339,en,41.176631,"['Original Film', 'Columbia Pictures Corporation', 'Revolution Studios', 'Happy Madison Productions']",['United States of America'],2006-06-22,237681299,107.0,"['English', 'Português', '日本語']",Released,Click,6.0,2104,2006,6,155181299,2.8809854424242425
8000000,16281,en,13.661289,"['Warner Bros.', 'Creepshow Films Inc.', 'Laurel Entertainment Inc.']",['United States of America'],1982-11-12,21028755,120.0,"['English', 'Italiano']",Released,Creepshow,6.7,226,1982,11,13028755,2.628594375
85000000,39691,en,11.77398,['Village Roadshow Pictures'],"['United States of America', 'Australia']",2010-07-30,112483764,82.0,"['English', 'ภาษาไทย']",Released,Cats & Dogs 2 : The Revenge of Kitty Galore,4.9,119,2010,7,27483764,1.3233384
85000000,8247,en,21.218,"['Dune Entertainment', 'Hypnotic', 'New Regency Pictures']","['Canada', 'United States of America']",2008-02-10,222231186,88.0,['Français'],Released,Jumper,5.9,1799,2008,2,137231186,2.6144845411764708
85000000,11253,en,58.57976,"['Universal Pictures', 'Dark Horse Entertainment', 'Lawrence Gordon Productions', 'Mid Atlantic Films', 'Relativity Media', 'Internationale Filmproduktion Eagle']","['Germany', 'United States of America']",2008-07-11,160388063,120.0,['English'],Released,Hellboy II: The Golden Army,6.5,1527,2008,7,75388063,1.886918388235294
65000000,1949,en,51.970905,"['Paramount Pictures', 'Warner Bros.', 'Phoenix Pictures']",['United States of America'],2007-03-02,84785914,157.0,['English'],Released,Zodiac,7.3,2023,2007,3,19785914,1.3043986769230769
82000000,8452,en,18.447479,['Phoenix Pictures'],['United States of America'],2000-11-17,96085477,123.0,['English'],Released,The 6th Day,5.7,595,2000,11,14085477,1.1717741097560976
80000000,310,en,109.684788,"['Universal Pictures', 'Spyglass Entertainment', 'Shady Acres Entertainment', 'Pit Bull Productions']",['United States of America'],2003-05-23,484572835,101.0,['English'],Released,Bruce Almighty,6.4,3012,2003,5,404572835,6.0571604375
80000000,27578,en,77.580661,['Millennium Films'],['United States of America'],2010-08-03,274470394,103.0,"['English', 'Español']",Released,The Expendables,6.0,2926,2010,8,194470394,3.430879925
80000000,954,en,75.290998,"['Paramount Pictures', 'Cruise/Wagner Productions']",['United States of America'],1996-05-22,457696359,110.0,"['English', 'Français', 'Český']",Released,Mission: Impossible,6.7,2631,1996,5,377696359,5.7212044875
75000000,70160,en,68.550698,"['Lionsgate', 'Color Force']",['United States of America'],2012-03-12,691210692,142.0,['English'],Released,The Hunger Games,6.9,9455,2012,3,616210692,9.21614256
80000000,45243,en,58.040149,"['Legendary Pictures', 'Living Films', 'Green Hat Films', 'Warner Bros.']",['United States of America'],2011-05-25,254455986,102.0,"['English', 'ภาษาไทย']",Released,The Hangover Part II,6.2,3739,2011,5,174455986,3.180699825
80000000,364,en,59.113174,"['PolyGram Filmed Entertainment', 'Warner Bros.']","['United Kingdom', 'United States of America']",1992-06-19,280000000,126.0,['English'],Released,Batman Returns,6.6,1673,1992,6,200000000,3.5
80000000,7518,en,36.32705,"['Pacific Data Images (PDI)', 'DreamWorks Animation']",['United States of America'],2006-04-22,343397247,83.0,['English'],Released,Over the Hedge,6.3,1074,2006,4,263397247,4.2924655875
80000000,11544,en,55.659988,"['Walt Disney Pictures', 'Walt Disney Feature Animation']",['United States of America'],2002-06-21,145771527,85.0,['English'],Released,Lilo & Stitch,7.1,1314,2002,6,65771527,1.8221440875
85000000,9986,en,14.132583,"['Paramount Pictures', 'Kerner Entertainment Company']","['Germany', 'United States of America']",2006-12-15,144000000,97.0,['English'],Released,Charlotte's Web,5.8,288,2006,12,59000000,1.6941176470588235
75000000,8656,en,34.070054,"['Paramount Pictures', 'DreamWorks SKG', 'Zanuck/Brown Productions', 'Manhattan Project']",['United States of America'],1998-05-08,140464664,120.0,['English'],Released,Deep Impact,5.9,855,1998,5,65464664,1.8728621866666666
82000000,9291,en,26.065735,"['Paramount Pictures', 'Columbia Pictures Corporation', 'MTV Films', 'Happy Madison Productions', 'Callahan Filmworks']",['United States of America'],2005-05-19,190320568,113.0,['English'],Released,The Longest Yard,6.2,785,2005,5,108320568,2.320982536585366
75000000,55301,en,23.473004,['Fox 2000 Pictures'],['United States of America'],2011-12-14,342695435,87.0,['English'],Released,Alvin and the Chipmunks: Chipwrecked,5.4,484,2011,12,267695435,4.569272466666667
80000000,109418,en,45.589568,"['Columbia Pictures', 'Happy Madison Productions', 'Sony Pictures Entertainment (SPE)']",['United States of America'],2013-07-11,246984278,100.0,['English'],Released,Grown Ups 2,5.8,1155,2013,7,166984278,3.087303475
80000000,11665,en,23.496054,"['Village Roadshow Pictures', 'Atlas Entertainment', 'Mosaic Media Group', 'Mad Chance', 'Warner Bros.', 'WV Films IV', ""Mel's Cite du Cinema"", 'Callahan Filmworks']","['Canada', 'Russia', 'United States of America']",2008-06-19,230685453,110.0,"['English', 'Pусский']",Released,Get Smart,6.0,1051,2008,6,150685453,2.8835681625
80000000,6964,en,16.939441,"['Columbia Pictures Corporation', 'Waverly Films', 'Warner Bros.']",['United States of America'],2003-12-12,266728738,128.0,"['Français', 'English']",Released,Something's Gotta Give,6.3,410,2003,12,186728738,3.334109225
80000000,11324,en,81.914696,"['Paramount Pictures', 'Appian Way', 'Phoenix Pictures', 'Sikelia Productions']",['United States of America'],2010-02-18,294804195,138.0,"['English', 'Deutsch']",Released,Shutter Island,7.8,6336,2010,2,214804195,3.6850524375
80000000,12193,en,19.500893,"['New Line Cinema', 'Spyglass Entertainment', 'Type A Films', 'Ott Medien', 'Wild West Picture Show Productions']",['United States of America'],2008-11-26,163733697,88.0,['English'],Released,Four Christmases,5.3,331,2008,11,83733697,2.0466712125
75000000,9928,en,29.558157,"['Blue Sky Studios', 'Twentieth Century Fox Animation']",['United States of America'],2005-03-10,260696994,91.0,"['English', 'Italiano']",Released,Robots,6.0,1333,2005,3,185696994,3.47595992
80000000,754,en,46.075037,"['Paramount Pictures', 'Permut Presentations', 'WCG Entertainment Productions', 'Douglas/Reuther Productions', 'Touchstone Pictures', 'Krane Entertainment']",['United States of America'],1997-06-27,245676146,138.0,"['English', 'Latin']",Released,Face/Off,6.8,1583,1997,6,165676146,3.070951825
80000000,10202,en,23.531721,"['Walt Disney Pictures', 'Happy Madison Productions', 'Gunn Films']",['United States of America'],2008-12-24,212874442,99.0,['English'],Released,Bedtime Stories,5.9,901,2008,12,132874442,2.660930525
80000000,4147,en,49.078546,"['DreamWorks SKG', 'The Zanuck Company', 'Twentieth Century Fox Film Corporation']",['United States of America'],2002-07-12,181001478,117.0,['English'],Released,Road to Perdition,7.3,1077,2002,7,101001478,2.262518475
80000000,50546,en,37.02665,"['Columbia Pictures', 'Happy Madison Productions']",['United States of America'],2011-02-10,214918407,117.0,['English'],Released,Just Go with It,6.3,1543,2011,2,134918407,2.6864800875
75000000,1701,en,45.154631,"['Jerry Bruckheimer Films', 'Kouf/Bigelow Productions', 'Touchstone Pictures', 'Hiett Designs of Las Vegas', 'Runway Pictures Inc']",['United States of America'],1997-06-01,224012234,115.0,['English'],Released,Con Air,6.5,1270,1997,6,149012234,2.9868297866666667
80000000,13027,en,46.887983,"['DreamWorks SKG', 'K/O Paper Products', 'Goldcrest Pictures', 'KMP Film Invest']","['United States of America', 'Germany']",2008-09-25,178066569,118.0,['English'],Released,Eagle Eye,6.3,1018,2008,9,98066569,2.2258321125
79000000,2289,en,24.598479,"['Miramax Films', 'Mirage Enterprises', 'Castel Film Romania', 'Bona Fide Productions', 'Cattleya']","['United States of America', 'United Kingdom', 'Romania', 'Italy']",2003-12-24,173013509,154.0,['English'],Released,Cold Mountain,6.7,533,2003,12,94013509,2.190044417721519
80000000,20504,en,32.363538,"['Alcon Entertainment', 'Silver Pictures']",['United States of America'],2010-01-14,157107755,118.0,['English'],Released,The Book of Eli,6.6,2164,2010,1,77107755,1.9638469375
80000000,9574,en,11.50396,"['Walt Disney Pictures', 'Great Oaks Entertainment']",['United States of America'],1997-11-26,177977226,93.0,['English'],Released,Flubber,5.3,695,1997,11,97977226,2.224715325
80000000,11618,en,19.375768,"['DreamWorks', 'Roth-Arnold Productions']",['United States of America'],1999-07-23,91188905,113.0,['English'],Released,The Haunting,5.2,369,1999,7,11188905,1.1398613125
80000000,2300,en,36.125715,"['Warner Bros. Family Entertainment', 'Northern Lights Entertainment', 'Courtside Seats Productions']",['United States of America'],1996-11-15,250200000,88.0,['English'],Released,Space Jam,6.5,1288,1996,11,170200000,3.1275
80000000,10200,en,41.890722,"['Twentieth Century Fox Film Corporation', 'Dune Entertainment III', 'Earth Canada Productions', 'Hammerhead Productions', '3 Arts Entertainment']","['Canada', 'United States of America']",2008-12-10,233093859,104.0,"['普通话', 'English']",Released,The Day the Earth Stood Still,5.2,1043,2008,12,153093859,2.9136732375
75000000,8834,en,22.179658,"['Silver Pictures', 'Warner Bros.', 'Donner/Shuler-Donner Productions']",['United States of America'],1997-08-07,136982834,135.0,['English'],Released,Conspiracy Theory,6.5,431,1997,8,61982834,1.8264377866666666
68000000,228150,en,139.575085,"['Columbia Pictures', 'QED International', 'Crave Films', 'LStar Capital', 'Huayi Brothers Media', 'Le Grisbi Productions']","['United Kingdom', 'United States of America', 'China']",2014-10-15,211817906,135.0,['English'],Released,Fury,7.4,3946,2014,10,143817906,3.114969205882353
70000000,6068,en,18.264635,"['Caravan Pictures', 'Roger Birnbaum Productions', 'Northern Lights Entertainment', 'Touchstone Pictures']",['United States of America'],1998-06-12,164000000,98.0,"['English', 'Deutsch', 'ภาษาไทย']",Released,Six Days Seven Nights,5.6,332,1998,6,94000000,2.342857142857143
80000000,41515,en,11.187696,"['De Line Pictures', 'Warner Bros. Animation', 'Sunswept Entertainment', 'Rhythm and Hues', 'Picnic Basket']","['United States of America', 'New Zealand']",2010-12-11,201584141,80.0,['English'],Released,Yogi Bear,5.2,220,2010,12,121584141,2.5198017625
80000000,9023,en,41.670544,"['DreamWorks SKG', 'DreamWorks Animation']",['United States of America'],2002-05-24,122563539,83.0,['English'],Released,Spirit: Stallion of the Cimarron,7.4,831,2002,5,42563539,1.5320442375
80000000,38317,en,27.46264,"['Columbia Pictures', 'Happy Madison Productions', 'Sony Pictures Releasing', 'Broken Road Productions', 'Metro-Goldwyn-Mayer (MGM)', 'Zookeeper Productions', 'Hey Eddie']",['United States of America'],2011-07-06,169852759,102.0,['English'],Released,Zookeeper,5.3,498,2011,7,89852759,2.1231594875
80000000,2157,en,17.455024,"['New Line Cinema', 'Irwin Allen Productions', 'Prelude Pictures', 'Saltire Entertainment']",['United States of America'],1998-04-03,136159423,130.0,['English'],Released,Lost in Space,5.0,388,1998,4,56159423,1.7019927875
80000000,14462,en,21.394281,"['Paramount Pictures', 'Scott Rudin Productions', 'Clinica Estetico']",['United States of America'],2004-07-30,96105964,129.0,['English'],Released,The Manchurian Candidate,6.2,393,2004,7,16105964,1.20132455
80000000,159824,en,61.692197,"['Columbia Pictures', 'Sony Pictures Animation']",['United States of America'],2015-09-21,473226958,89.0,"['English', 'ภาษาไทย']",Released,Hotel Transylvania 2,6.7,1497,2015,9,393226958,5.915336975
80000000,49948,en,14.530946,['Walt Disney Pictures'],['United States of America'],1999-12-17,90874570,74.0,['English'],Released,Fantasia 2000,7.0,292,1999,12,10874570,1.135932125
80000000,2135,en,25.978555,"['DreamWorks SKG', 'Warner Bros.']",['United States of America'],2002-03-04,123729176,96.0,['English'],Released,The Time Machine,5.8,631,2002,3,43729176,1.5466147
102000000,9705,en,36.788745,"['Village Roadshow Pictures', 'NPV Entertainment', 'Silver Pictures', 'Warner Bros.', 'Jonathan Krane Group']","['Australia', 'United States of America']",2001-06-07,147080413,99.0,"['Deutsch', 'English']",Released,Swordfish,6.1,932,2001,6,45080413,1.4419648333333333
75000000,1656,en,31.054334,"['Amblin Entertainment', 'Columbia Pictures Corporation']","['Mexico', 'United States of America']",2005-10-24,142400065,129.0,"['English', 'Italiano', 'Español']",Released,The Legend of Zorro,5.9,893,2005,10,67400065,1.8986675333333334
85000000,12159,en,21.891078,['PolyGram Filmed Entertainment'],"['New Zealand', 'United States of America']",1998-10-02,71485043,113.0,['English'],Released,What Dreams May Come,6.8,577,1998,10,-13514957,0.841000505882353
88000000,4442,en,40.138009,"['The Weinstein Company', 'Summit Entertainment', 'Atlas Entertainment', 'Mosaic Media Group', 'Reforma Films', 'Dimension Films', 'Metro-Goldwyn-Mayer (MGM)', 'Revolution Sun Studios']","['Czech Republic', 'United Kingdom', 'United States of America']",2005-08-26,105316267,118.0,"['English', 'Français', 'Deutsch', 'Italiano']",Released,The Brothers Grimm,5.6,818,2005,8,17316267,1.1967757613636363
70000000,75,en,44.090535,['Tim Burton Productions'],['United States of America'],1996-12-12,101371017,106.0,"['English', 'Français']",Released,Mars Attacks!,6.1,1509,1996,12,31371017,1.4481573857142858
80000000,19959,en,36.664991,"['Touchstone Pictures', 'Mandeville Films', 'Wintergreen Productions', 'Top Shelf Productions']",['United States of America'],2009-09-24,122444772,89.0,"['English', 'Français']",Released,Surrogates,5.9,1195,2009,9,42444772,1.53055965
80000000,11973,en,18.26121,"['New Line Cinema', 'Tig Productions']",['United States of America'],2000-12-24,34566746,145.0,"['English', 'Pусский']",Released,Thirteen Days,6.9,189,2000,12,-45433254,0.432084325
80000000,11228,en,16.681269,"['Universal Pictures', 'Davis Entertainment']",['United States of America'],1996-12-06,159212469,115.0,['English'],Released,Daylight,5.8,378,1996,12,79212469,1.9901558625
80000000,77951,en,10.088006,"['BBC Worldwide', 'Reliance BIG Entertainment', 'Animal Logic', 'BBC Earth', 'Evergreen Films', 'BBC Earth MD (WWD)', 'Evergreen MD']","['Australia', 'India', 'United Kingdom', 'United States of America']",2013-12-18,126546518,87.0,['English'],Released,Walking With Dinosaurs,5.2,133,2013,12,46546518,1.581831475
44000000,5491,en,7.89147,"['Franchise Pictures', 'Warner Bros.', 'JTP Films', 'Morgan Creek Productions', 'Battlefield Productions']",['United States of America'],2000-05-10,21400000,118.0,"['English', 'Français']",Released,Battlefield Earth,3.0,255,2000,5,-22600000,0.4863636363636364
80000000,10715,en,16.715631,"['Lonely Film Productions GmbH & Co. KG.', 'Warner Bros. Animation', 'Warner Bros.', 'Goldmann Pictures', 'Baltimore Spring Creek Productions', 'Warner Bros. Feature Animation']","['Germany', 'United States of America']",2003-11-14,68514844,90.0,['English'],Released,Looney Tunes: Back in Action,5.6,297,2003,11,-11485156,0.85643555
80000000,10197,en,9.357734,"['The Weinstein Company', 'Relativity Media']","['Italy', 'United States of America']",2009-12-03,53825515,112.0,"['English', 'Français', 'Italiano']",Released,Nine,5.1,165,2009,12,-26174485,0.6728189375
80000000,9562,en,11.22268,"['Paramount Pictures', ""Donners' Company"", 'Mutual Film Company', 'Cobalt Media Group', 'Artists Production Group (APG)']",['United States of America'],2003-11-26,19480739,116.0,"['English', 'Français']",Released,Timeline,5.4,318,2003,11,-60519261,0.2435092375
80000000,9922,en,14.564667,"['Tig Productions', 'Warner Bros.']",['United States of America'],1997-12-25,17626234,177.0,"['English', 'Français']",Released,The Postman,6.1,299,1997,12,-62373766,0.220327925
90000000,9447,en,11.356079,['Kennedy Miller Productions'],['Australia'],1998-11-25,69131860,92.0,['English'],Released,Babe: Pig in the City,5.2,305,1998,11,-20868140,0.7681317777777777
90000000,274854,en,52.612025,"['Summit Entertainment', 'Atmosphere Entertainment MM', 'One Race Films', 'Goldmann Pictures', 'NeoReel', 'Aperture Entertainment', 'TIK Films']",['United States of America'],2015-10-21,146936910,106.0,['English'],Released,The Last Witch Hunter,5.7,1316,2015,10,56936910,1.6326323333333332
80000000,8870,en,13.800656,"['Village Roadshow Pictures', 'NPV Entertainment', 'Warner Bros.', 'The Canton Company', 'Mars Production Pty. Ltd.']","['Australia', 'United States of America']",2000-11-10,33463969,106.0,['English'],Released,Red Planet,5.4,267,2000,11,-46536031,0.4182996125
86000000,9992,en,27.097932,"['Canal Plus', 'Sofica Europacorp', 'Avalanche Productions', 'EuropaCorp']",['France'],2006-12-13,107944236,94.0,['English'],Released,Arthur and the Invisibles,6.0,639,2006,12,21944236,1.255165534883721
80000000,10077,en,7.342892,"['Epsilon Motion Pictures', 'Franchise Pictures', 'Baldwin Entertainment Group', 'Dante Entertainment', 'Crusader Entertainment', 'ETIC Films', 'Forge', 'QI Quality International GmbH Co. KG', 'Signature Pictures', 'ApolloMedia Distribution', 'Coco', 'Film 111', 'Jericho Productions Ltd.', 'MFF (Sound of Thunder)', 'Matrix Film Finance', 'Scenario Lane Productions']","['Czech Republic', 'Germany', 'United Kingdom', 'United States of America']",2005-05-15,5989640,110.0,"['English', '普通话']",Released,A Sound of Thunder,4.8,111,2005,5,-74010360,0.0748705
130000000,76649,en,50.561849,"['Impact Pictures', 'TriStar Pictures', 'Don Carmody Productions', 'FilmDistrict', 'Constantin Film International']","['Canada', 'Germany', 'United States of America']",2014-02-18,117831631,105.0,['English'],Released,Pompeii,5.2,1267,2014,2,-12168369,0.9063971615384615
60000000,453,en,59.248437,"['Imagine Entertainment', 'DreamWorks SKG', 'Universal Pictures']",['United States of America'],2001-12-11,313542341,135.0,['English'],Released,A Beautiful Mind,7.7,3009,2001,12,253542341,5.2257056833333335
45000000,8587,en,90.457886,"['Walt Disney Pictures', 'Walt Disney Feature Animation']",['United States of America'],1994-06-23,788241776,89.0,['English'],Released,The Lion King,8.0,5376,1994,6,743241776,17.516483911111113
79000000,72545,en,40.723459,"['New Line Cinema', 'Contrafilm', 'Walden Media']",['United States of America'],2012-01-19,355692760,94.0,['English'],Released,Journey 2: The Mysterious Island,5.8,1030,2012,1,276692760,4.50244
78000000,109451,en,41.247402,"['Columbia Pictures', 'Sony']",['United States of America'],2013-09-26,248384621,95.0,['English'],Released,Cloudy with a Chance of Meatballs 2,6.4,915,2013,9,170384621,3.184418217948718
78000000,9533,en,10.083905,"['Universal Pictures', 'Metro-Goldwyn-Mayer (MGM)']","['Germany', 'United States of America']",2002-09-29,209196298,124.0,['English'],Released,Red Dragon,6.7,1115,2002,9,131196298,2.6820038205128207
100000000,2023,en,16.759252,"['Casey Silver Productions', 'Touchstone Pictures', 'Dune Films']","['United States of America', 'Morocco']",2004-03-05,108103450,136.0,['English'],Released,Hidalgo,6.5,318,2004,3,8103450,1.0810345
79000000,71880,en,22.132418,"['Columbia Pictures', 'Happy Madison Productions', 'Broken Road Productions']",['United States of America'],2011-11-11,149673788,91.0,['English'],Released,Jack and Jill,4.1,604,2011,11,70673788,1.894604911392405
76000000,584,en,10.520961,"['Mikona Productions GmbH & Co. KG', 'Universal Pictures', 'Original Film', 'Ardustry Entertainment']",['United States of America'],2003-06-05,236350661,107.0,"['English', 'Español']",Released,2 Fast 2 Furious,6.2,2028,2003,6,160350661,3.1098771184210525
64000000,309809,en,35.384423,"['Onyx Films', 'NetFlix', 'Orange Studios', 'CityMation', 'On Entertainment', 'Zippcast Films']",['France'],2015-07-29,97571250,92.0,['English'],Released,The Little Prince,7.6,756,2015,7,33571250,1.52455078125
80000000,4858,en,15.673154,"['Village Roadshow Pictures', 'Vertigo Entertainment', 'Silver Pictures', 'Warner Bros.']","['United States of America', 'Australia']",2007-08-17,15071514,99.0,"['Pусский', 'English']",Released,The Invasion,5.7,359,2007,8,-64928486,0.188393925
76000000,17711,en,8.981427,"['Universal Pictures', 'Capella International', 'KC Medien AG', 'Tribeca Productions']","['Germany', 'United States of America']",2000-06-30,35134820,88.0,['Pусский'],Released,The Adventures of Rocky & Bullwinkle,3.9,87,2000,6,-40865180,0.46230026315789474
75000000,328111,en,31.482872,"['Universal Pictures', 'Fuji Television Network', 'Dentsu', 'Illumination Entertainment']",['United States of America'],2016-06-18,875958308,87.0,['English'],Released,The Secret Life of Pets,5.9,3462,2016,6,800958308,11.679444106666667
78000000,8698,en,47.436675,"['Twentieth Century Fox Film Corporation', 'JD Productions', 'International Production Company', 'Angry Films', 'Mediastream Dritte Film GmbH & Co. Beteiligungs KG']","['Czech Republic', 'Germany', 'United Kingdom', 'United States of America']",2003-07-11,179265204,110.0,"['English', 'Deutsch', 'Italiano']",Released,The League of Extraordinary Gentlemen,5.7,1155,2003,7,101265204,2.2982718461538463
76000000,93456,en,136.886704,"['Universal Pictures', 'Illumination Entertainment']",['United States of America'],2013-06-25,970761885,98.0,['English'],Released,Despicable Me 2,7.0,4637,2013,6,894761885,12.773182697368421
75000000,602,en,60.442593,"['Twentieth Century Fox Film Corporation', 'Centropolis Entertainment']",['United States of America'],1996-06-25,816969268,145.0,['English'],Released,Independence Day,6.7,3260,1996,6,741969268,10.892923573333332
73000000,330,en,2.502487,"['Universal Pictures', 'Amblin Entertainment']",['United States of America'],1997-05-23,229074524,129.0,['English'],Released,The Lost World: Jurassic Park,6.2,2487,1997,5,156074524,3.1380071780821917
75000000,953,en,48.110909,"['DreamWorks SKG', 'Pacific Data Images (PDI)', 'DreamWorks Animation']",['United States of America'],2005-05-25,532680671,86.0,"['English', 'Français', 'Português', 'Español', 'ภาษาไทย']",Released,Madagascar,6.6,3237,2005,5,457680671,7.1024089466666664
76000000,9693,en,35.387874,"['Universal Pictures', 'Strike Entertainment', 'Hit & Run Productions']","['United Kingdom', 'United States of America']",2006-09-22,69959751,109.0,['English'],Released,Children of Men,7.4,2071,2006,9,-6040249,0.9205230394736842
75000000,36657,en,4.66891,"['Twentieth Century Fox Film Corporation', ""Donners' Company"", 'Bad Hat Harry Productions', 'Marvel Enterprises', 'Springwood Productions', 'Genetics Productions']",['United States of America'],2000-07-13,296339527,104.0,['English'],Released,X-Men,6.8,4097,2000,7,221339527,3.9511936933333334
75000000,8909,en,73.82289,"['Universal Pictures', 'Spyglass Entertainment', 'Bazelevs Production', 'Kickstart Productions', 'Marc Platt Productions', 'Top Cow Productions', 'Relativity Media', 'Ringerike Zweite Filmproduktion', 'Revolution Sun Studios']","['Germany', 'United States of America']",2008-06-19,258270008,110.0,['English'],Released,Wanted,6.4,2528,2008,6,183270008,3.4436001066666666
75000000,9802,en,51.469576,"['Hollywood Pictures', 'Don Simpson/Jerry Bruckheimer Films']",['United States of America'],1996-06-06,335062621,136.0,['English'],Released,The Rock,6.9,1456,1996,6,260062621,4.467501613333333
80000000,950,en,85.115058,"['Blue Sky Studios', 'Twentieth Century Fox Animation']",['United States of America'],2006-03-23,660940780,91.0,['English'],Released,Ice Age: The Meltdown,6.5,2951,2006,3,580940780,8.26175975
75000000,1824,en,61.437586,"['Columbia Pictures Corporation', 'Happy Madison Productions', 'Anonymous Content', 'Flower Films (II)']",['United States of America'],2004-02-13,196482882,99.0,['English'],Released,50 First Dates,6.6,2105,2004,2,121482882,2.61977176
50000000,2976,en,31.160542,"['New Line Cinema', 'Ingenious Film Partners', 'Offspring Entertainment', 'Zadan / Meron Productions']","['United Kingdom', 'United States of America']",2007-07-13,90450008,117.0,['English'],Released,Hairspray,6.5,709,2007,7,40450008,1.80900016
80000000,11026,en,15.761384,"['Morgan Creek Productions', 'Dominion Productions']",['United States of America'],2004-08-20,78000586,114.0,['English'],Released,Exorcist: The Beginning,4.7,183,2004,8,-1999414,0.975007325
75000000,75656,en,71.124686,"['Summit Entertainment', 'K/O Paper Products', 'SOIXAN7E QUIN5E', 'See Me Louisiana']","['United States of America', 'France']",2013-05-29,117698894,115.0,"['Français', 'English']",Released,Now You See Me,7.3,5487,2013,5,42698894,1.5693185866666666
80000000,38365,en,38.864027,"['Columbia Pictures', 'Happy Madison Productions', 'Relativity Media']",['United States of America'],2010-06-24,271430189,102.0,['English'],Released,Grown Ups,6.0,1705,2010,6,191430189,3.3928773625
60000000,594,en,57.753914,"['DreamWorks SKG', 'Amblin Entertainment', 'Parkes/MacDonald Productions']",['United States of America'],2004-06-17,219417255,128.0,"['български език', 'English', 'Français', 'Pусский', 'Español']",Released,The Terminal,7.0,1910,2004,6,159417255,3.65695425
35000000,15189,en,13.25753,"['DreamWorks SKG', 'Nickelodeon Movies']",['United States of America'],2009-01-16,73034460,100.0,['English'],Released,Hotel for Dogs,5.7,202,2009,1,38034460,2.0866988571428573
75000000,11678,en,13.318744,"['Columbia Pictures Corporation', 'Global Entertainment Productions GmbH & Company Medien KG']","['New Zealand', 'Pakistan', 'United States of America']",2000-12-08,215663859,124.0,"['English', 'اردو']",Released,Vertical Limit,5.9,283,2000,12,140663859,2.87551812
75000000,6538,en,18.70031,"['Universal Pictures', 'Participant Productions', 'Playtone Production']",['United States of America'],2007-12-19,119000410,102.0,"['العربية', 'English', 'Pусский', 'اردو', 'עִבְרִית']",Released,Charlie Wilson's War,6.5,338,2007,12,44000410,1.5866721333333333
75000000,10555,en,47.094369,"['DreamWorks SKG', 'Pacific Data Images (PDI)', 'DreamWorks Animation']",['United States of America'],2004-09-20,367275019,90.0,['English'],Released,Shark Tale,5.8,1557,2004,9,292275019,4.897000253333333
70000000,1125,en,14.486311,"['Paramount Pictures', 'DreamWorks SKG', 'Laurence Mark Productions']",['United States of America'],2006-12-25,154937680,134.0,['English'],Released,Dreamgirls,6.6,284,2006,12,84937680,2.213395428571429
53000000,4551,en,18.61472,"['Double Feature Films', 'Jersey Films', 'Nina Saxon Film Design', 'Metro-Goldwyn-Mayer (MGM)']",['United States of America'],2005-03-04,95226116,118.0,"['English', 'Pусский']",Released,Be Cool,5.4,292,2005,3,42226116,1.7967191698113207
70000000,612,en,29.035222,"['DreamWorks SKG', 'Universal Pictures', 'Amblin Entertainment', 'Peninsula Films', 'Alliance Atlantis Communications', 'Kennedy/Marshall Company, The', 'Barry Mendel Productions']","['Canada', 'United States of America', 'France']",2005-12-22,130358911,164.0,"['العربية', 'Deutsch', 'ελληνικά', 'English', 'Français', 'עִבְרִית', 'Italiano', 'Pусский']",Released,Munich,6.9,696,2005,12,60358911,1.862270157142857
70000000,9567,en,27.055085,"['Columbia Pictures', 'Revolution Studios', 'Cheyenne Enterprises', 'Michael Lobell Productions']",['United States of America'],2003-03-07,85632458,121.0,['English'],Released,Tears of the Sun,6.4,573,2003,3,15632458,1.2233208285714285
75000000,37821,en,23.004607,"['Katalyst Films', 'Lionsgate', 'Aversano Films']",['United States of America'],2010-06-04,98159963,100.0,['English'],Released,Killers,5.7,772,2010,6,23159963,1.3087995066666667
75000000,203801,en,48.744209,"['Davis Entertainment', 'Warner Bros.', 'Wigram Productions', 'RatPac-Dune Entertainment']",['United States of America'],2015-08-13,108145109,116.0,"['Italiano', 'English', 'Pусский', 'Deutsch']",Released,The Man from U.N.C.L.E.,7.1,2265,2015,8,33145109,1.4419347866666667
80000000,2539,en,14.209329,"['Gracie Films', 'Columbia Pictures Corporation']",['United States of America'],2004-12-17,55041367,130.0,"['Español', 'English']",Released,Spanglish,5.8,369,2004,12,-24958633,0.6880170875
75000000,9297,en,36.368839,"['Columbia Pictures', 'Amblin Entertainment', 'Sony Pictures Animation', 'Sony Pictures Entertainment', 'ImageMovers']",['United States of America'],2006-07-21,140175006,91.0,['English'],Released,Monster House,6.3,874,2006,7,65175006,1.86900008
75000000,3172,en,24.353302,"['Cheyenne Enterprises', 'Epsilon Motion Pictures', 'Empire Pictures', 'Metro-Goldwyn-Mayer (MGM)', 'Hyde Park Entertainment', 'Baltimore Spring Creek Productions', 'Lotus Pictures']",['United States of America'],2001-10-12,67631903,123.0,['English'],Released,Bandits,6.2,302,2001,10,-7368097,0.9017587066666667
55000000,6520,en,19.143321,"['Columbia Pictures Corporation', 'First Knight Productions']",['United States of America'],1995-07-07,127600435,134.0,"['English', 'Français']",Released,First Knight,5.9,311,1995,7,72600435,2.320007909090909
75000000,37958,en,37.917002,"['Virgin Produced', 'Mark Canton Productions']",['United States of America'],2011-11-10,226904017,110.0,"['ελληνικά', 'English']",Released,Immortals,5.7,880,2011,11,151904017,3.025386893333333
52000000,2026,en,23.663713,"['Miramax Films', 'Cheyenne Enterprises', 'Yari Film Group', 'Stratus Film Co.', 'Syndicate Films International', 'Equity Pictures Medienfonds GmbH & Co. KG II', 'Hostage GmbH']","['Germany', 'United States of America']",2005-03-09,77944725,113.0,['English'],Released,Hostage,6.2,512,2005,3,25944725,1.4989370192307692
75000000,7450,en,14.44381,"['Twentieth Century Fox Film Corporation', 'David Kirschner Productions', 'Fox Animation Studios']",['United States of America'],2000-06-16,36754634,94.0,"['English', '普通话']",Released,Titan A.E.,6.3,313,2000,6,-38245366,0.49006178666666667
75000000,11375,en,10.605084,"['Columbia Pictures', 'Revolution Studios']",['United States of America'],2003-06-09,51142659,116.0,['English'],Released,Hollywood Homicide,5.0,166,2003,6,-23857341,0.68190212
75000000,9425,en,11.873856,"['Impact Pictures', 'Jerry Weintraub Productions', 'Warner Bros.', 'Morgan Creek Productions']",['United States of America'],1998-10-23,14567883,99.0,['English'],Released,Soldier,6.1,221,1998,10,-60432117,0.19423844
75000000,23685,en,8.098369,"['Twentieth Century Fox Film Corporation', '1492 Pictures', 'Twitching Image Studio']",['United States of America'],2001-02-23,5409517,93.0,['English'],Released,Monkeybone,4.3,78,2001,2,-69590483,0.07212689333333333
45000000,11866,en,20.374308,"['Twentieth Century Fox Film Corporation', 'Davis Entertainment', 'Aldrich Group', 'Optional Pictures']",['United States of America'],2004-12-17,21009180,113.0,['English'],Released,Flight of the Phoenix,5.7,276,2004,12,-23990820,0.46687066666666666
75000000,9741,en,42.006908,"['Limited Edition Productions Inc.', 'Touchstone Pictures', 'Blinding Edge Pictures', 'Barry Mendel Productions']",['United States of America'],2000-11-13,248118121,106.0,['English'],Released,Unbreakable,6.9,1946,2000,11,173118121,3.308241613333333
74000000,211672,en,875.581305,"['Universal Pictures', 'Illumination Entertainment']",['United States of America'],2015-06-17,1156730962,91.0,['English'],Released,Minions,6.4,4571,2015,6,1082730962,15.631499486486486
82000000,23629,en,39.127082,"['Legendary Pictures', 'Warner Bros.', 'Lennox House Films', 'Cruel and Unusual Films']",['United States of America'],2011-03-24,89792502,110.0,"['English', 'Deutsch']",Released,Sucker Punch,5.9,1623,2011,3,7792502,1.095030512195122
73000000,8688,en,20.790703,"['Paramount Pictures', 'DeBart', 'Touchstone Pictures', ""Mel's Cite du Cinema""]","['Canada', 'United States of America']",1998-08-07,103891409,98.0,"['Český', 'English']",Released,Snake Eyes,5.8,327,1998,8,30891409,1.4231699863013698
75000000,10153,en,18.65988,"['Punch Productions', 'Warner Bros.', 'Baltimore Pictures', 'Constant c Productions']",['United States of America'],1998-02-13,13100000,134.0,['English'],Released,Sphere,5.8,476,1998,2,-61900000,0.17466666666666666
73000000,153518,en,45.720894,"['Columbia Pictures', 'Rovio Entertainment', 'Sony Pictures Imageworks (SPI)', 'Rovio Mobile', 'Rovio Animation']","['Finland', 'United States of America']",2016-05-11,349779543,97.0,['English'],Released,The Angry Birds Movie,5.9,1022,2016,5,276779543,4.791500589041096
70000000,8676,en,21.789615,"['De Line Pictures', 'Warner Bros.']",['United States of America'],2008-02-07,111231041,112.0,['English'],Released,Fool's Gold,5.4,444,2008,2,41231041,1.5890148714285715
75000000,20829,en,20.199057,"['Columbia Pictures', 'Universal Pictures', 'Happy Madison Productions', 'Relativity Media', 'Apatow Productions', 'Madison 23']",['United States of America'],2009-07-31,61458982,146.0,['English'],Released,Funny People,5.7,390,2009,7,-13541018,0.8194530933333334
70000000,4349,en,26.123705,"['Universal Pictures', 'Forward Pass', 'Relativity Media', 'FilmWorks', 'MDBF Zweite Filmgesellschaft']","['Germany', 'United States of America']",2007-08-22,86658558,110.0,"['العربية', 'English']",Released,The Kingdom,6.5,513,2007,8,16658558,1.2379794
72500000,9718,en,12.599836,"['Columbia Pictures', 'Apatow Productions']",['United States of America'],2006-08-04,162966177,116.0,['English'],Released,Talladega Nights: The Ballad of Ricky Bobby,6.2,491,2006,8,90466177,2.2478093379310344
70000000,10808,en,13.543053,"['Twentieth Century Fox Film Corporation', 'Joseph M. Singer Entertainment', 'Davis Entertainment']",['United States of America'],2001-06-22,176104344,87.0,['English'],Released,Dr. Dolittle 2,4.9,410,2001,6,106104344,2.515776342857143
72000000,197,en,60.722162,"['Icon Entertainment International', 'The Ladd Company', 'B.H. Finance C.V.']",['United States of America'],1995-05-24,210000000,177.0,"['English', 'Français', 'Latin', '']",Released,Braveheart,7.7,3336,1995,5,138000000,2.9166666666666665
72000000,25,en,32.227223,"['Universal Pictures', 'Neal Street Productions', 'Red Wagon Entertainment', 'Motion Picture KAPPA Produktionsgesellschaft']","['Germany', 'United States of America']",2005-11-04,96889998,125.0,"['English', 'Español', 'العربية', 'Latin']",Released,Jarhead,6.6,765,2005,11,24889998,1.3456944166666667
75000000,35,en,46.875375,"['Gracie Films', 'Twentieth Century Fox Film Corporation']",['United States of America'],2007-07-25,527068851,87.0,['English'],Released,The Simpsons Movie,6.9,2264,2007,7,452068851,7.02758468
72000000,11086,en,11.215702,"['Village Roadshow Pictures', 'Castle Rock Entertainment', 'NPV Entertainment', 'Darkwoods Productions']",['United States of America'],2001-12-21,37317558,152.0,['English'],Released,The Majestic,6.6,188,2001,12,-34682442,0.5182994166666667
94000000,10477,en,8.468586,"['Epsilon Motion Pictures', 'Franchise Pictures', 'Trackform Film Productions', ""Mel's Cite du Cinema""]","['Australia', 'Canada', 'United States of America']",2001-04-27,54744738,116.0,"['English', 'Deutsch', 'Español']",Released,Driven,4.5,179,2001,4,-39255262,0.582390829787234
74500000,1997,en,8.884318,"['Pathé Renn Productions', 'TF1 Films Production', 'Canal+', 'Pathe', 'Two Brothers Productions']","['France', 'United Kingdom']",2004-04-07,62172050,109.0,"['English', 'Français', 'ภาษาไทย']",Released,Two Brothers,6.9,180,2004,4,-12327950,0.8345241610738255
60000000,6947,en,27.491891,"['Scott Rudin Productions', 'Touchstone Pictures', 'Blinding Edge Pictures']",['United States of America'],2004-07-30,256697520,108.0,['English'],Released,The Village,6.2,1071,2004,7,196697520,4.278292
71000000,3050,en,21.462935,"['Twentieth Century Fox Film Corporation', 'Joseph M. Singer Entertainment', 'Davis Entertainment']",['United States of America'],1998-06-22,294456605,85.0,['English'],Released,Doctor Dolittle,5.4,686,1998,6,223456605,4.147276126760564
72000000,2675,en,28.848187,"['Kennedy/Marshall Company, The', 'Touchstone Pictures', 'Blinding Edge Pictures']",['United States of America'],2002-08-02,408247917,106.0,"['English', 'Português']",Released,Signs,6.4,1599,2002,8,336247917,5.670109958333334
150000000,809,en,47.320801,"['DreamWorks SKG', 'Pacific Data Images (PDI)', 'DreamWorks Animation']",['United States of America'],2004-05-19,919838758,93.0,['English'],Released,Shrek 2,6.7,2988,2004,5,769838758,6.132258386666667
120000000,920,en,82.643036,"['Walt Disney Pictures', 'Pixar Animation Studios']",['United States of America'],2006-06-08,461983149,117.0,"['English', 'Italiano', '日本語', '']",Released,Cars,6.6,3877,2006,6,341983149,3.849859575
70000000,4806,en,20.230535,"['Paramount Pictures', 'Lakeshore Entertainment', 'Touchstone Pictures', 'Interscope Communications']",['United States of America'],1999-07-30,309457509,116.0,['English'],Released,Runaway Bride,5.7,455,1999,7,239457509,4.420821557142857
70000000,7451,en,46.217769,"['Columbia Pictures', 'Original Film', 'Revolution Studios']",['United States of America'],2002-08-09,277448382,124.0,"['Český', 'English', 'Deutsch', 'Español', 'Pусский']",Released,xXx,5.8,1424,2002,8,207448382,3.963548314285714
74000000,228165,en,36.952268,"['Paramount Pictures', 'Nickelodeon Movies', 'Nickelodeon Animation Studios', 'United Plankton Pictures', 'Disruption Entertainment', 'Paramount Animation']",['United States of America'],2015-02-05,311594032,93.0,['English'],Released,The SpongeBob Movie: Sponge Out of Water,5.8,719,2015,2,237594032,4.210730162162162
80000000,3595,en,16.411345,"['Touchstone Pictures', 'Brian Grazer/Scott Rudin Productions']",['United States of America'],1996-11-08,309492681,117.0,['English'],Released,Ransom,6.4,470,1996,11,229492681,3.8686585125
70000000,16869,en,72.595961,"['Universal Pictures', 'A Band Apart', 'The Weinstein Company', 'Zehnte Babelsberg', 'Visiona Romantica']","['Germany', 'United States of America']",2009-08-18,319131050,153.0,"['Deutsch', 'English', 'Français', 'Italiano']",Released,Inglourious Basterds,7.9,6430,2009,8,249131050,4.559015
70000000,879,en,33.648404,"['Amblin Entertainment', 'TriStar Pictures']",['United States of America'],1991-12-11,300854823,144.0,['English'],Released,Hook,6.6,1532,1991,12,230854823,4.297926042857143
70000000,1573,en,57.69847,"['Twentieth Century Fox Film Corporation', 'Gordon Company', 'Silver Pictures']",['United States of America'],1990-07-02,240031094,124.0,"['English', 'Español']",Released,Die Hard 2,6.6,1896,1990,7,170031094,3.4290156285714284
80000000,9257,en,34.052253,"['Original Film', 'Columbia Pictures Corporation', 'Camelot Pictures', 'Chris Lee Productions', 'Illusion Entertainment']",['United States of America'],2003-08-08,116643346,117.0,"['English', 'Español', 'Français']",Released,S.W.A.T.,5.8,770,2003,8,36643346,1.458041825
68000000,1903,en,27.299301,"['Paramount Pictures', 'Cruise-Wagner Productions', 'Vinyl Films']",['United States of America'],2001-12-10,203388341,136.0,['English'],Released,Vanilla Sky,6.5,1078,2001,12,135388341,2.991005014705882
75000000,9697,en,20.219385,"['Legendary Pictures', 'Warner Bros.', 'Blinding Edge Pictures']",['United States of America'],2006-07-21,42285169,110.0,['English'],Released,Lady in the Water,5.3,409,2006,7,-32714831,0.5638022533333333
70000000,395,en,42.957216,"['Impact Pictures', 'Studio Babelsberg', 'Twentieth Century Fox Film Corporation', 'Davis Entertainment', 'Stillking Films', 'Brandywine Productions', 'Lonlink Productions', 'Kut Productions', 'Inside Track Films', 'Charenton Productions Limited', 'Revolution Sun Studios']","['Canada', 'Czech Republic', 'Germany', 'United Kingdom', 'United States of America']",2004-08-12,171183863,101.0,"['Italiano', 'English']",Released,AVP: Alien vs. Predator,5.5,1217,2004,8,101183863,2.445483757142857
75000000,23398,en,29.412262,"['Regency Enterprises', 'Fox 2000 Pictures', 'Bagdasarian Productions']",['United States of America'],2009-12-21,443140005,88.0,"['English', 'Français']",Released,Alvin and the Chipmunks: The Squeakquel,5.4,666,2009,12,368140005,5.9085334
75000000,10590,en,19.708731,"['Icon Entertainment International', 'Wheelhouse Entertainment', 'Motion Picture Production GmbH & Co. Erste KG']","['Germany', 'United States of America']",2002-03-01,114660784,138.0,"['English', 'Tiếng Việt', 'Français']",Released,We Were Soldiers,6.7,521,2002,3,39660784,1.5288104533333333
70000000,117263,en,59.428223,"['Nu Image Films', 'Millennium Films']",['United States of America'],2013-03-20,161025640,120.0,"['English', '한국어/조선말']",Released,Olympus Has Fallen,6.2,2981,2013,3,91025640,2.300366285714286
70000000,200,en,19.711951,['Paramount Pictures'],['United States of America'],1998-12-10,118000000,103.0,['English'],Released,Star Trek: Insurrection,6.3,391,1998,12,48000000,1.6857142857142857
70000000,44943,en,49.199234,"['Columbia Pictures', 'Original Film', 'Relativity Media']",['United States of America'],2011-03-08,202466756,116.0,['English'],Released,Battle: Los Angeles,5.5,1448,2011,3,132466756,2.8923822285714285
70000000,587,en,46.199482,"['Columbia Pictures', 'The Zanuck Company', 'Jinks/Cohen Company', 'Tim Burton Productions']",['United States of America'],2003-12-25,122919055,125.0,['English'],Released,Big Fish,7.6,1994,2003,12,52919055,1.7559865
66000000,57212,en,29.505574,"['DreamWorks SKG', 'Amblin Entertainment', 'Reliance Entertainment', 'Kennedy/Marshall Company, The']",['United States of America'],2011-12-25,177584879,146.0,['English'],Released,War Horse,7.0,992,2011,12,111584879,2.690679984848485
70000000,152760,en,43.873266,"['Columbia Pictures', 'Studio Babelsberg', 'Fox 2000 Pictures', 'Smokehouse Pictures', 'Obelisk Productions']","['Germany', 'United States of America']",2014-01-24,154984035,118.0,"['English', 'Deutsch', 'Pусский', 'Français']",Released,The Monuments Men,5.8,1523,2014,1,84984035,2.214057642857143
70000000,2756,en,24.961625,"['Twentieth Century Fox Film Corporation', 'Lightstorm Entertainment', 'Pacific Western']",['United States of America'],1989-08-09,90000098,139.0,['English'],Released,The Abyss,7.1,808,1989,8,20000098,1.2857156857142857
70000000,33909,en,23.25645,"['Twentieth Century Fox Film Corporation', 'Dune Entertainment', 'Dune Entertainment III', 'Edward R. Pressman Film']",['United States of America'],2010-09-02,134748021,133.0,['English'],Released,Wall Street: Money Never Sleeps,5.8,493,2010,9,64748021,1.9249717285714285
70000000,49017,en,64.457947,"['Universal Pictures', 'Legendary Pictures', 'Fuji Television Network', 'Dentsu', 'Michael De Luca Productions']",['United States of America'],2014-10-01,215529201,92.0,['English'],Released,Dracula Untold,6.2,2389,2014,10,145529201,3.078988585714286
70000000,9882,en,20.089933,"['Twentieth Century Fox Film Corporation', 'Lynda Obst Productions', 'Bedford Falls Company, The']",['United States of America'],1998-11-06,116672912,116.0,"['Español', 'English', 'العربية']",Released,The Siege,6.0,352,1998,11,46672912,1.6667558857142857
70000000,2270,en,48.032734,"['Paramount Pictures', 'Ingenious Film Partners', 'Di Bonaventura Pictures', 'Marv Films', 'Vaughn Productions']","['Iceland', 'United Kingdom', 'United States of America']",2007-08-09,135560026,127.0,['English'],Released,Stardust,7.1,1184,2007,8,65560026,1.9365718
70000000,978,en,16.92991,"['TriStar Pictures', 'Mandalay Entertainment', 'Applecross', 'Reperage & Vanguard Films']",['United States of America'],1997-09-12,131457682,136.0,['English'],Released,Seven Years in Tibet,7.0,630,1997,9,61457682,1.8779668857142857
70000000,44564,en,14.780634,"['Imagine Entertainment', 'Universal Pictures', 'Spyglass Entertainment', 'Wild West Picture Show Productions']",['United States of America'],2011-01-13,67112664,111.0,['English'],Released,The Dilemma,5.2,304,2011,1,-2887336,0.9587523428571428
70000000,3132,en,14.086292,"['Jerry Bruckheimer Films', 'Touchstone Pictures', 'Stillking Films']",['United States of America'],2002-06-07,65977295,116.0,['English'],Released,Bad Company,5.4,228,2002,6,-4022705,0.9425327857142857
60000000,8814,en,29.261348,"['Di Bonaventura Pictures', 'John Wells Productions', 'Reaper Productions', 'Stillking Films', 'Babelsberg Film', 'Doom Productions', 'Distant Planet Productions']","['Czech Republic', 'Germany', 'United Kingdom', 'United States of America']",2005-10-20,55987321,105.0,"['日本語', 'English']",Released,Doom,5.0,609,2005,10,-4012679,0.9331220166666667
70000000,8427,en,13.267631,['Columbia Pictures Corporation'],['United States of America'],2002-10-31,33561137,97.0,"['English', 'Magyar', 'Pусский']",Released,I Spy,5.2,269,2002,10,-36438863,0.4794448142857143
70000000,52520,en,58.401204,"['Lakeshore Entertainment', 'Saturn Films', 'Screen Gems', 'Sketch Films', 'UW4 Productions']",['United States of America'],2012-01-19,160112671,88.0,"['English', 'Pусский']",Released,Underworld: Awakening,6.1,1862,2012,1,90112671,2.2873238714285713
75000000,80585,en,23.515938,"['New Line Cinema', 'Offspring Entertainment', 'Corner Store Entertainment', 'Material Pictures']",['United States of America'],2012-06-13,59418613,123.0,"['English', 'ภาษาไทย']",Released,Rock of Ages,6.0,385,2012,6,-15581387,0.7922481733333333
70000000,10592,en,14.244518,"['David Foster Productions', 'Cheyenne Enterprises', 'Metro-Goldwyn-Mayer (MGM)', 'David Ladd Films']",['United States of America'],2002-02-15,32287044,125.0,"['English', 'Deutsch']",Released,Hart's War,5.9,241,2002,2,-37712956,0.4612434857142857
66000000,49021,en,29.501489,"['Current Entertainment', 'Omnilab Media', 'Ambience Entertainment', 'International Traders', 'Open Road Films', 'Sighvatsson Films', 'Palomar Pictures (II)', 'Film Victoria', 'Wales Creative IP Fund']","['Australia', 'United States of America']",2011-09-23,57777106,116.0,['English'],Released,Killer Elite,6.1,695,2011,9,-8222894,0.875410696969697
70000000,10550,en,8.37378,"['Epsilon Motion Pictures', 'Franchise Pictures', 'Dante Entertainment', 'Chris Lee Productions', 'SuperMega', 'MHF Erste Academy Film GmbH & Co. Produktions KG']","['Germany', 'United States of America']",2002-09-20,19924033,91.0,"['English', 'Español']",Released,Ballistic: Ecks vs. Sever,4.3,97,2002,9,-50075967,0.28462904285714286
70000000,11258,en,10.930537,"['Paramount Pictures', 'Toho-Towa', 'Mutual Film Company', 'PolyGram Filmed Entertainment', 'Marubeni', 'Tele München Fernseh Produktionsgesellschaft (TMG)', 'UGC PH', 'British Broadcasting Corporation (BBC) Television', 'Stargate Studios']","['Denmark', 'France', 'New Zealand', 'United Kingdom', 'United States of America']",1998-01-16,19870567,97.0,['English'],Released,Hard Rain,5.5,179,1998,1,-50129433,0.2838652428571429
75000000,12610,en,10.54544,"['Conundrum Entertainment', 'Warner Bros. Animation', 'Warner Bros.']",['United States of America'],2001-08-07,13596911,95.0,['English'],Released,Osmosis Jones,5.9,228,2001,8,-61403089,0.18129214666666665
70000000,59981,en,6.682006,"['Prana Animation Studios', 'Summertime Entertainment']","['India', 'United States of America']",2013-06-13,18662027,88.0,['English'],Released,Legends of Oz: Dorothy's Return,5.9,43,2013,6,-51337973,0.26660038571428574
70000000,201088,en,46.832372,"['Universal Pictures', 'Forward Pass', 'Legendary Pictures']",['United States of America'],2015-01-13,17752940,133.0,"['English', 'Italiano', '普通话', 'Español']",Released,Blackhat,5.1,826,2015,1,-52247060,0.25361342857142855
70000000,5137,en,24.664776,"['Paramount Pictures', 'Natural Nylon Entertainment', 'Riff Raff Film Productions', 'Filmauro', 'Blue Flower Productions', 'Brooklyn Films II']","['United Kingdom', 'United States of America']",2004-09-17,57958696,107.0,"['', 'Deutsch', 'English']",Released,Sky Captain and the World of Tomorrow,5.7,439,2004,9,-12041304,0.8279813714285714
70000000,3093,en,13.483387,"['Intermedia Films', 'Kanzaman', 'C-2 Pictures', 'IMF Internationale Medien und Film GmbH & Co. 3. Produktions KG']","['Germany', 'United Kingdom', 'United States of America']",2006-03-29,38629478,114.0,"['English', 'Deutsch']",Released,Basic Instinct 2,4.6,180,2006,3,-31370522,0.5518496857142857
50000000,107846,en,44.478043,"['Summit Entertainment', 'Atmosphere Entertainment MM', 'Emmett/Furla Films', 'Mark Canton Productions', 'Envision Entertainment', 'Boies / Schiller Film Group', 'Knightsbridge Entertainment']",['United States of America'],2013-10-09,122915111,115.0,"['English', 'Deutsch', 'العربية', 'اردو']",Released,Escape Plan,6.7,1659,2013,10,72915111,2.45830222
70000000,188207,en,25.020428,['Millennium Films'],['United States of America'],2014-01-10,61279452,99.0,['English'],Released,The Legend of Hercules,4.4,533,2014,1,-8720548,0.8754207428571429
68000000,4614,en,22.392544,"['Paramount Pictures', 'Mace Neufeld Productions', 'MFP Munich Film Partners GmbH & Company I. Produktions KG', 'S.O.A.F. Productions', ""Mel's Cite du Cinema""]",['United States of America'],2002-05-31,193000000,124.0,"['العربية', 'English', 'Pусский', 'Український', 'Deutsch']",Released,The Sum of All Fears,5.9,437,2002,5,125000000,2.838235294117647
68000000,24021,en,107.069763,"['Summit Entertainment', 'Maverick Films', 'Imprint Entertainment', 'Sunswept Entertainment', 'Temple Hill Entertainment']",['United States of America'],2010-06-23,698491347,124.0,['English'],Released,The Twilight Saga: Eclipse,5.8,2301,2010,6,630491347,10.271931573529411
68000000,11371,en,22.572323,"['Paramount Pictures', 'Mandalay Pictures', 'Horseshoe Bay Productions']","['Germany', 'United States of America']",2001-07-13,71069884,124.0,"['English', 'Français']",Released,The Score,6.7,423,2001,7,3069884,1.0451453529411765
69000000,20352,en,113.858273,"['Universal Pictures', 'Illumination Entertainment']",['United States of America'],2010-07-08,543513985,95.0,['English'],Released,Despicable Me,7.1,6478,2010,7,474513985,7.877014275362319
60000000,11517,en,10.004564,['Columbia Pictures'],['United States of America'],1995-11-21,35431113,103.0,['English'],Released,Money Train,5.4,222,1995,11,-24568887,0.59051855
68000000,214756,en,68.734513,"['Universal Pictures', 'Fuzzy Door Productions', 'Bluegrass Films', 'Smart Entertainment', 'Media Rights Capital (MRC)']",['United States of America'],2015-06-25,217022588,115.0,['English'],Released,Ted 2,6.2,2463,2015,6,149022588,3.1915086470588236
70000000,26428,en,18.888806,"['Himenóptero', 'Telecinco Cinema', 'Mod Producciones', 'Nimar Studios', 'Canal+ España', 'Instituto de la Cinematografía y de las Artes Audiovisuales (ICAA)', 'Government of Malta']",['Spain'],2009-05-17,39041505,127.0,['English'],Released,Agora,6.9,395,2009,5,-30958495,0.5577357857142857
68000000,9824,en,12.948627,"['Universal Pictures', 'Dark Horse Entertainment', 'Golar Productions']",['United States of America'],1999-08-06,29762011,121.0,['English'],Released,Mystery Men,5.7,250,1999,8,-38237989,0.4376766323529412
36000000,48988,en,27.11589,"['New Line Cinema', 'Conundrum Entertainment']",['United States of America'],2011-02-25,83160734,105.0,['English'],Released,Hall Pass,5.4,611,2011,2,47160734,2.310020388888889
90000000,9008,en,26.153669,"['Spyglass Entertainment', 'Forward Pass', 'Kaitz Productions', 'Mann/Roth Productions', 'Touchstone Pictures']",['United States of America'],1999-10-28,60289912,157.0,"['العربية', 'English', '日本語', 'فارسی']",Released,The Insider,7.3,481,1999,10,-29710088,0.6698879111111111
80000000,300673,en,28.223664,"['Walt Disney Pictures', 'Whitaker Entertainment', 'Bergsten Music', 'Red Hawk Entertainment']",['United States of America'],2016-01-25,52099090,114.0,['English'],Released,The Finest Hours,6.3,588,2016,1,-27900910,0.651238625
70000000,12113,en,37.507136,"['Scott Free Productions', 'De Line Pictures', 'Warner Bros.']","['United States of America', 'United Kingdom']",2008-10-10,113280098,128.0,"['العربية', 'English']",Released,Body of Lies,6.5,895,2008,10,43280098,1.6182871142857143
69000000,38778,en,11.023691,"['Paramount Pictures', 'DreamWorks SKG', 'Spyglass Entertainment', 'Everyman Pictures', 'Reliance BIG Entertainment', 'Parkes/MacDonald Productions']",['United States of America'],2010-07-30,86387857,114.0,['English'],Released,Dinner for Schmucks,5.5,531,2010,7,17387857,1.2519979275362318
69000000,72331,en,38.634767,"['Twentieth Century Fox Film Corporation', 'Bazelevs Production', 'Tim Burton Productions', 'Abraham Productions', 'Location Gourmet']",['United States of America'],2012-06-20,112265139,94.0,['English'],Released,Abraham Lincoln: Vampire Hunter,5.5,1269,2012,6,43265139,1.627031
66000000,1844,en,25.877794,"['Fountainbridge Films', 'Regency Enterprises']","['United Kingdom', 'United States of America']",1999-04-29,212404396,112.0,['English'],Released,Entrapment,6.0,602,1999,4,146404396,3.2182484242424243
66000000,846,en,18.59991,"['Twentieth Century Fox Film Corporation', 'Ten Thirteen Productions']","['Canada', 'United States of America']",1998-06-19,189198313,121.0,['English'],Released,The X Files,6.6,488,1998,6,123198313,2.866641106060606
67000000,9703,en,12.282911,"['Ingenious Film Partners', 'Quinta Communications', 'Dino De Laurentiis Company', 'Zephyr Films']","['United Kingdom', 'Italy', 'France', 'Tunisia']",2007-04-19,25303038,102.0,['English'],Released,The Last Legion,5.0,207,2007,4,-41696962,0.37765728358208955
70000000,857,en,76.041867,"['Paramount Pictures', 'DreamWorks SKG', 'Amblin Entertainment', 'Mutual Film Company', 'Mark Gordon Productions']",['United States of America'],1998-07-24,481840909,169.0,"['Český', 'Deutsch', 'English', 'Français']",Released,Saving Private Ryan,7.9,5048,1998,7,411840909,6.8834415571428575
66000000,136797,en,54.81489,"['DreamWorks SKG', 'Reliance Entertainment', 'Bandito Brothers', 'Touchstone Pictures', 'Electronic Arts', 'Revolution Sun Studios']","['Philippines', 'United States of America', 'United Kingdom', 'France']",2014-03-13,203277636,130.0,['English'],Released,Need for Speed,6.1,1520,2014,3,137277636,3.0799641818181818
70000000,3981,en,31.39165,"['Paramount Pictures', 'Centropolis Entertainment', 'Icon Entertainment International', 'Wind Dancer Productions']",['United States of America'],2000-12-15,374111707,127.0,"['English', 'Français']",Released,What Women Want,6.1,992,2000,12,304111707,5.344452957142857
59000000,425,en,99.561972,"['Twentieth Century Fox Film Corporation', 'Blue Sky Studios', 'Twentieth Century Fox Animation']",['United States of America'],2002-03-10,383257136,81.0,['English'],Released,Ice Age,7.1,3857,2002,3,324257136,6.495883661016949
68000000,6171,en,26.792794,"['Village Roadshow Pictures', 'Castle Rock Entertainment', 'NPV Entertainment', 'Kasdan Pictures', 'WV Films II']",['United States of America'],2003-03-21,75715436,136.0,['English'],Released,Dreamcatcher,5.3,567,2003,3,7715436,1.113462294117647
65000000,72976,en,36.307296,"['DreamWorks', 'Amblin Entertainment', 'Twentieth Century Fox Film Corporation', 'Dune Entertainment', 'The Kennedy/Marshall Company', 'Participant Media', 'Reliance Entertainment']","['India', 'United States of America']",2012-11-09,275293450,149.0,['English'],Released,Lincoln,6.7,1429,2012,11,210293450,4.2352838461538465
63000000,603,en,104.309993,"['Village Roadshow Pictures', 'Groucho II Film Partnership', 'Silver Pictures', 'Warner Bros.']","['Australia', 'United States of America']",1999-03-30,463517383,136.0,['English'],Released,The Matrix,7.9,8907,1999,3,400517383,7.357418777777778
52000000,568,en,68.140214,"['Imagine Entertainment', 'Universal Pictures']",['United States of America'],1995-06-30,355237933,140.0,['English'],Released,Apollo 13,7.3,1599,1995,6,303237933,6.831498711538462
65000000,9021,en,14.646884,"['Walt Disney Pictures', 'Outlaw Productions', 'Boxing Cat Films']",['United States of America'],2002-10-31,172855065,104.0,['English'],Released,The Santa Clause 2,5.5,297,2002,10,107855065,2.6593086923076923
61000000,82695,en,48.356214,"['Universal Pictures', 'Relativity Media', 'CAMERON MACKINTOSH', 'Working Title Films']","['United Kingdom', 'United States of America']",2012-12-18,441809770,157.0,['English'],Released,Les Misérables,7.1,1884,2012,12,380809770,7.242783114754098
65000000,9489,en,28.540267,['Warner Bros.'],['United States of America'],1998-12-17,250821495,119.0,['English'],Released,You've Got Mail,6.3,838,1998,12,185821495,3.8587922307692306
65000000,12133,en,22.977983,"['Columbia Pictures', 'Mosaic Media Group', 'Gary Sanchez Productions', 'Relativity Media', 'Apatow Productions']",['United States of America'],2008-07-25,128107642,98.0,"['English', 'Español']",Released,Step Brothers,6.5,1062,2008,7,63107642,1.9708868
95000000,9342,en,31.086791,"['Amblin Entertainment', 'TriStar Pictures']",['United States of America'],1998-07-16,250288523,136.0,['English'],Released,The Mask of Zorro,6.3,1183,1998,7,155288523,2.6346160315789473
65000000,41733,en,43.865294,"['Legendary Pictures', 'Green Hat Films', 'Warner Bros.']",['United States of America'],2010-11-04,211780824,95.0,"['English', 'Español']",Released,Due Date,6.2,1685,2010,11,146780824,3.2581665230769232
65000000,227306,en,43.055253,"['Legendary Pictures', '3 Arts Entertainment', 'Jolie Pas']",['United States of America'],2014-12-25,163442937,137.0,"['Italiano', 'English', '日本語']",Released,Unbroken,7.3,1400,2014,12,98442937,2.514506723076923
65000000,5551,en,15.772081,"['Village Roadshow Pictures', 'Malpaso Productions', 'Mad Chance', 'Warner Bros.', 'Clipsal Films', 'Digital Image Associates']",['United States of America'],2000-07-31,128884132,130.0,['English'],Released,Space Cowboys,6.3,403,2000,7,63884132,1.9828328
70000000,9350,en,26.19909,"['TriStar Pictures', 'Canal+', 'Carolco Pictures', 'RCS Video', 'Cliffhanger Productions', 'Pioneer']","['France', 'Italy', 'United States of America']",1993-05-28,255000211,112.0,['English'],Released,Cliffhanger,6.1,588,1993,5,185000211,3.642860157142857
50000000,9208,en,22.769108,"['Twentieth Century Fox Film Corporation', 'WCG Entertainment Productions', 'Mark Gordon Productions']",['United States of America'],1996-02-09,150270147,108.0,['English'],Released,Broken Arrow,5.7,453,1996,2,100270147,3.00540294
65000000,4244,en,18.281798,['Walt Disney Pictures'],['United States of America'],2000-07-07,69700000,104.0,['English'],Released,The Kid,6.0,238,2000,7,4700000,1.0723076923076924
63000000,1852,en,24.697533,"['Paramount Pictures', 'Double Feature Films', 'Intermedia Films', 'Kernos Filmproduktionsgesellschaft & Company']",['United States of America'],2006-08-09,162945894,128.0,['English'],Released,World Trade Center,5.9,447,2006,8,99945894,2.586442761904762
65000000,76493,en,31.349143,['Paramount Pictures'],['United States of America'],2012-05-15,179379533,83.0,"['English', 'עִבְרִית']",Released,The Dictator,5.9,1743,2012,5,114379533,2.759685123076923
65000000,345,en,27.870312,"['Hobby Films', 'Pole Star', 'Stanley Kubrick Productions', 'Warner Bros.']","['United Kingdom', 'United States of America']",1999-07-14,162091208,159.0,['English'],Released,Eyes Wide Shut,7.1,1234,1999,7,97091208,2.4937108923076923
65000000,196867,en,33.439187,"['Columbia Pictures', 'Olive Bridge Entertainment', 'Sony Pictures Entertainment (SPE)', 'Overbrook Entertainment', 'Marcy Media']",['United States of America'],2014-12-19,133821816,119.0,['English'],Released,Annie,6.0,466,2014,12,68821816,2.058797169230769
50100000,256591,en,59.634029,"['Kramer & Sigman Films', 'RatPac-Dune Entertainment', 'Zaftig Films']",['United States of America'],2015-02-25,153962963,105.0,['English'],Released,Focus,6.7,2542,2015,2,103862963,3.0731130339321355
65000000,59962,en,38.994297,"['Dune Entertainment', 'Overbrook Films', 'Robert Simonds Productions']",['United States of America'],2012-02-14,156974557,103.0,['English'],Released,This Means War,5.9,1389,2012,2,91974557,2.4149931846153847
65000000,36648,en,49.660055,"['New Line Cinema', 'Amen Ra Films', 'Shawn Danielle Productions Ltd.', 'Imaginary Forces', 'Marvel Enterprises', 'Peter Frankfurt Productions']",['United States of America'],2004-12-08,128905366,123.0,"['Esperanto', 'English']",Released,Blade: Trinity,5.7,1252,2004,12,63905366,1.983159476923077
4200000,1880,en,11.743085,"['United Artists', 'Valkyrie Films']",['United States of America'],1984-08-10,38376497,114.0,"['English', 'Pусский', 'Español']",Released,Red Dawn,6.4,215,1984,8,34176497,9.13726119047619
65000000,71679,en,6.227675,['Davis-Films'],"['Canada', 'France', 'Germany', 'United States of America']",2012-09-12,240159255,95.0,['English'],Released,Resident Evil: Retribution,5.6,1600,2012,9,175159255,3.6947577692307694
45000000,10483,en,42.57877,"['Universal Pictures', 'Cruise/Wagner Productions', 'Impact Pictures', 'Relativity Media', 'Scion Films', 'H2S2 Filmproduktionsgesellschaft']","['United Kingdom', 'United States of America', 'Germany']",2008-08-22,73762516,105.0,['English'],Released,Death Race,6.0,1175,2008,8,28762516,1.6391670222222223
65000000,11412,en,15.858629,"['New Line Cinema', 'Forge', 'The Steve Tisch Company']",['United States of America'],1996-10-11,89456761,120.0,['English'],Released,The Long Kiss Goodnight,6.5,314,1996,10,24456761,1.3762578615384615
65000000,6795,en,15.194239,"['Columbia Pictures Corporation', 'Teitler Film', 'Michael De Luca Productions', 'Radar Pictures']",['United States of America'],2005-11-06,64321501,101.0,['English'],Released,Zathura: A Space Adventure,6.1,779,2005,11,-678499,0.9895615538461539
63000000,550,en,146.757391,"['Regency Enterprises', 'Fox 2000 Pictures', 'Taurus Film', 'Linson Films', 'Atman Entertainment', 'Knickerbocker Films']","['Germany', 'United States of America']",1999-10-15,100853753,139.0,['English'],Released,Fight Club,8.3,9413,1999,10,37853753,1.6008532222222223
65000000,11170,en,8.629665,"['Legendary Pictures', 'Thunder Road Pictures', 'Wonderland Sound and Vision', 'Warner Bros.']",['United States of America'],2006-12-12,43545364,124.0,['English'],Released,We Are Marshall,6.7,186,2006,12,-21454636,0.6699286769230769
65000000,9292,en,16.803457,"['TriStar Pictures', 'Silver Pictures']",['United States of America'],1991-05-23,17218080,100.0,"['English', 'Italiano']",Released,Hudson Hawk,5.4,269,1991,5,-47781920,0.26489353846153846
65000000,100241,en,31.324734,"['Lakeshore Entertainment', 'Sidney Kimmel Entertainment', 'Lionsgate', 'Hopscotch Films']","['United States of America', 'Australia']",2014-01-22,71154592,92.0,['English'],Released,"I, Frankenstein",5.0,687,2014,1,6154592,1.0946860307692308
50000000,257,en,20.415572,"['R.P. Productions', 'ETIC Films', 'Runteam III Ltd.']","['Czech Republic', 'France', 'Italy', 'United Kingdom']",2005-09-23,42093706,130.0,['English'],Released,Oliver Twist,6.7,274,2005,9,-7906294,0.84187412
43000000,9947,en,28.613892,"['Twentieth Century Fox Film Corporation', 'Regency Enterprises', 'Epsilon Motion Pictures', 'New Regency Pictures', 'Marvel Enterprises', 'Horseshoe Bay Productions', 'Elektra Productions', 'SAI Productions']","['Canada', 'United States of America']",2005-01-13,56681566,97.0,"['English', '日本語']",Released,Elektra,4.8,575,2005,1,13681566,1.3181759534883721
65000000,189,en,85.428395,"['Miramax Films', 'Troublemaker Studios', 'AR Films', 'Aldamisa Entertainment', 'Demarest Films', 'Solipsist Film', 'Residaco']",['United States of America'],2014-08-20,39407616,102.0,['English'],Released,Sin City: A Dame to Kill For,6.3,1286,2014,8,-25592384,0.6062710153846154
64000000,12618,en,4.137237,['Columbia Pictures'],['United States of America'],1999-10-08,74608570,133.0,['English'],Released,Random Hearts,5.3,63,1999,10,10608570,1.16575890625
55000000,253412,en,60.246978,"['Universal Pictures', 'Working Title Films', 'Walden Media', 'Cross Creek Pictures', 'Free State Pictures', 'RVK Studios']","['Iceland', 'United States of America', 'United Kingdom']",2015-09-10,203427584,121.0,['English'],Released,Everest,6.7,1772,2015,9,148427584,3.6986833454545454
50000000,1427,en,42.551902,"['Davis-Films', 'Nouvelles Éditions de Films (NEF)', 'Rising Star', 'VIP Medienfonds 4', 'Ikiru Films', 'Constantin Film Produktion', 'Castelao Producciones']","['Spain', 'Germany', 'France']",2006-09-13,132180323,147.0,['English'],Released,Perfume: The Story of a Murderer,7.1,1165,2006,9,82180323,2.64360646
63000000,818,en,40.137264,"['New Line Cinema', ""Eric's Boy"", 'Team Todd', 'Moving Pictures', 'Gratitude International']",['United States of America'],2002-07-26,296655431,94.0,"['English', '日本語', 'Deutsch', 'Français']",Released,Austin Powers in Goldmember,5.9,979,2002,7,233655431,4.7088163650793655
65000000,16577,en,24.857079,"['The Weinstein Company', 'Summit Entertainment', 'Tezuka Production Company Ltd.', 'Imagi Animation Studios']","['Hong Kong', 'Japan', 'United States of America']",2009-10-15,44091067,94.0,['English'],Released,Astro Boy,6.1,409,2009,10,-20908933,0.6783241076923077
63000000,329,en,40.413191,"['Universal Pictures', 'Amblin Entertainment']",['United States of America'],1993-06-11,920100000,127.0,"['English', 'Español']",Released,Jurassic Park,7.6,4856,1993,6,857100000,14.604761904761904
63000000,12160,en,13.859307,"['Tig Productions', 'Warner Bros.', 'Kasdan Pictures', 'Paragon Entertainment Corp.']",['United States of America'],1994-06-24,25052000,191.0,['English'],Released,Wyatt Earp,6.5,202,1994,6,-37948000,0.39765079365079364
62000000,9331,en,18.832471,"['Paramount Pictures', 'Mace Neufeld Productions']",['United States of America'],1994-08-03,215887717,141.0,['English'],Released,Clear and Present Danger,6.4,386,1994,8,153887717,3.482059951612903
65000000,300168,zh,9.568884,"['Shanghai Film Group', 'Jackie & JJ Production', 'Sparkle Roll Media', 'Huayi Brothers Media', 'Alibaba Pictures Group', 'Home Media & Entertainment Fund', 'Tencent Video', 'China Film & TV Capital', 'Visualizer Film Company']","['Hong Kong', 'China']",2015-02-19,121545703,127.0,"['English', '普通话']",Released,Dragon Blade,5.9,145,2015,2,56545703,1.8699338923076922
64000000,9072,en,12.421504,"['Revolution Studios', 'Wayans Bros. Entertainment']",['United States of America'],2006-08-31,101595121,98.0,['English'],Released,Little Man,5.3,261,2006,8,37595121,1.587423765625
62000000,3536,en,18.096884,"['Universal Pictures', 'Canal Plus', 'Dino De Laurentiis Company']","['France', 'United States of America']",2000-04-20,127666415,116.0,"['English', 'Français', 'Deutsch', 'Pусский']",Released,U-571,6.1,340,2000,4,65666415,2.0591357258064518
62000000,9087,en,11.056763,"['Columbia Pictures', 'Castle Rock Entertainment']",['United States of America'],1995-11-17,107879496,106.0,['English'],Released,The American President,6.5,195,1995,11,45879496,1.739991870967742
62000000,12177,en,13.218008,"['Paramount Pictures', 'Goldcrest Pictures', 'Internationale Filmproduktion']","['United States of America', 'United Kingdom', 'Germany']",2008-06-20,41819064,87.0,['English'],Released,The Love Guru,4.3,242,2008,6,-20180936,0.6745010322580646
62000000,12138,en,11.262655,"['Franchise Pictures', 'Warner Bros.', 'Morgan Creek Productions']",['United States of America'],2001-02-23,18720175,125.0,['English'],Released,3000 Miles to Graceland,5.8,178,2001,2,-43279825,0.3019383064516129
44000000,273248,en,68.717016,"['Double Feature Films', 'The Weinstein Company', 'FilmColony']",['United States of America'],2015-12-25,155760117,167.0,"['Español', 'English']",Released,The Hateful Eight,7.6,4274,2015,12,111760117,3.5400026590909093
63000000,50359,en,16.791058,"['Universal Pictures', 'Illumination Entertainment']",['United Kingdom'],2011-03-30,183953723,95.0,"['English', '日本語', 'ภาษาไทย']",Released,Hop,5.5,331,2011,3,120953723,2.919900365079365
65000000,1271,en,65.197968,"['Virtual Studios', 'Legendary Pictures', 'Hollywood Gang Productions', 'Atmosphere Entertainment MM', 'Warner Bros.', 'Nimar Studios', 'Cruel and Unusual Films']",['United States of America'],2006-12-09,422610419,117.0,['English'],Released,300,7.0,4997,2006,12,357610419,6.501698753846154
80000000,693,en,32.829538,"['DreamWorks SKG', 'Universal Pictures', 'Everyman Pictures', 'Tribeca Productions']",['United States of America'],2004-12-22,516642939,115.0,['English'],Released,Meet the Fockers,6.1,1373,2004,12,436642939,6.4580367375
60000000,14306,en,30.951203,"['Sunswept Entertainment', 'Dune Entertainment III']",['United States of America'],2008-12-25,244082376,115.0,['English'],Released,Marley & Me,6.9,1343,2008,12,184082376,4.0680396
60000000,497,en,103.698022,"['Castle Rock Entertainment', 'Darkwoods Productions', 'Warner Bros.']",['United States of America'],1999-12-10,284600000,189.0,"['Français', 'English']",Released,The Green Mile,8.2,4048,1999,12,224600000,4.743333333333333
150000000,9982,en,47.973995,"['Walt Disney Pictures', 'Walt Disney Feature Animation']",['United States of America'],2005-11-04,314432665,81.0,['English'],Released,Chicken Little,5.6,944,2005,11,164432665,2.096217766666667
61000000,210577,en,143.041543,"['Twentieth Century Fox Film Corporation', 'Regency Enterprises', 'New Regency Pictures', 'Pacific Standard', 'TSG Entertainment', 'Artemple - Hollywood']",['United States of America'],2014-10-01,369330363,145.0,['English'],Released,Gone Girl,7.9,5862,2014,10,308330363,6.054596114754099
60000000,2501,en,86.476817,"['Universal Pictures', 'Kennedy/Marshall Company, The', 'Hypnotic', 'Kalima Productions GmbH & Co. KG', 'Stillking Films']","['United States of America', 'Germany', 'Czech Republic']",2002-06-14,214034224,119.0,"['English', 'Français', 'Deutsch', 'Nederlands', 'Italiano']",Released,The Bourne Identity,7.3,3583,2002,6,154034224,3.567237066666667
58000000,710,en,59.824565,"['United Artists', 'Eon Productions']","['United Kingdom', 'United States of America']",1995-11-16,352194034,130.0,"['English', 'Pусский', 'Español']",Released,GoldenEye,6.6,1174,1995,11,294194034,6.072310931034483
60000000,2275,en,18.345613,"['Paramount Pictures', 'MFP Munich Film Partners GmbH & Company I. Produktions KG', 'Krane Entertainment', 'Neufeld Rehme Productions']","['Germany', 'United States of America']",1999-06-18,149705852,116.0,['English'],Released,The General's Daughter,6.1,205,1999,6,89705852,2.4950975333333334
60000000,37165,en,56.488027,"['Paramount Pictures', 'Scott Rudin Productions']",['United States of America'],1998-06-04,264118201,103.0,['English'],Released,The Truman Show,7.8,4537,1998,6,204118201,4.401970016666667
70000000,9837,en,29.464852,"['DreamWorks SKG', 'DreamWorks Animation']",['United States of America'],1998-12-15,218613188,99.0,"['עִבְרִית', 'English']",Released,The Prince of Egypt,6.8,817,1998,12,148613188,3.1230455428571426
60000000,10708,en,18.106021,"['Columbia Pictures', 'Revolution Studios', 'Davis Entertainment']",['United States of America'],2003-05-03,164433867,92.0,['English'],Released,Daddy Day Care,5.6,506,2003,5,104433867,2.74056445
61000000,136400,en,42.881415,"['Universal Studios', 'Marc Platt Productions', 'Emmett/Furla Films', 'Envision Entertainment Corporation']",['United States of America'],2013-08-02,131940411,109.0,"['Español', 'English']",Released,2 Guns,6.6,1589,2013,8,70940411,2.162957557377049
60000000,10992,en,18.735024,"['Village Roadshow Pictures', 'NPV Entertainment', 'Mad Chance', 'Zide-Perry Productions', 'Warner Bros.', 'BenderSpink']",['United States of America'],2001-07-04,93375151,87.0,"['English', 'Français', 'Deutsch', 'ภาษาไทย']",Released,Cats & Dogs,5.0,352,2001,7,33375151,1.5562525166666668
60000000,9654,en,62.766854,"['De Line Pictures', 'Working Title Films']","['United Kingdom', 'United States of America']",2003-05-30,176070171,110.0,"['Український', 'English', 'Italiano']",Released,The Italian Job,6.6,1919,2003,5,116070171,2.93450285
60000000,2642,en,24.153567,"['Village Roadshow Pictures', 'Castle Rock Entertainment', 'NPV Entertainment', 'Fortis Films']","['Australia', 'United States of America']",2002-12-19,93354918,101.0,['English'],Released,Two Weeks Notice,5.9,487,2002,12,33354918,1.5559153
60000000,8916,en,41.515702,"['DreamWorks SKG', 'Pacific Data Images (PDI)', 'DreamWorks Animation']",['United States of America'],1998-10-02,171757863,83.0,['English'],Released,Antz,6.0,1272,1998,10,111757863,2.86263105
70000000,19899,en,26.676487,"['Universal Pictures', 'Wild West Picture Show Productions', 'Stuber Productions', 'Relativity Media']",['United States of America'],2009-09-19,171844840,113.0,['English'],Released,Couples Retreat,5.3,588,2009,9,101844840,2.4549262857142855
60000000,2119,en,16.278022,"['Paramount Pictures', 'Don Simpson/Jerry Bruckheimer Films']",['United States of America'],1990-06-27,157920733,107.0,['English'],Released,Days of Thunder,5.9,353,1990,6,97920733,2.632012216666667
60000000,9641,en,18.831023,"['Twentieth Century Fox Film Corporation', '21 Laps Entertainment', 'Dozen Canada Productions']",['United States of America'],2005-12-21,129181830,94.0,['English'],Released,Cheaper by the Dozen 2,5.7,526,2005,12,69181830,2.1530305
61000000,294254,en,113.161483,"['Gotham Group', 'Temple Hill Entertainment', 'TSG Entertainment']",['United States of America'],2015-09-09,311256926,132.0,['English'],Released,Maze Runner: The Scorch Trials,6.4,3040,2015,9,250256926,5.102572557377049
60000000,38167,en,28.800112,"['Columbia Pictures', 'Red Om Films', 'Plan B Entertainment']",['United States of America'],2010-08-12,204594016,133.0,"['Português', 'English', 'Italiano']",Released,Eat Pray Love,5.8,636,2010,8,144594016,3.4099002666666665
58000000,39514,en,41.430245,"['DC Comics', 'Di Bonaventura Pictures', 'Summit Entertainment', 'DC Entertainment']",['United States of America'],2010-10-13,71664962,111.0,"['English', 'Pусский']",Released,RED,6.6,2808,2010,10,13664962,1.2356027931034483
55000000,9563,en,23.127561,"[""Donners' Company"", 'Ixtlan', 'Warner Bros.']",['United States of America'],1999-12-16,100230832,163.0,['English'],Released,Any Given Sunday,6.8,422,1999,12,45230832,1.8223787636363635
60000000,547,en,12.867352,"['Wildwood Enterprises', 'Touchstone Pictures']",['United States of America'],1998-05-14,186883563,170.0,['English'],Released,The Horse Whisperer,6.7,292,1998,5,126883563,3.11472605
65000000,1538,en,44.815022,"['Paramount Pictures', 'DreamWorks SKG', 'Parkes/MacDonald Productions', 'Edge City']",['United States of America'],2004-08-04,217764291,120.0,"['Español', 'English']",Released,Collateral,7.0,1451,2004,8,152764291,3.3502198615384615
60000000,9334,en,37.537093,"['Universal Pictures', 'Kalima Productions GmbH & Co. KG', 'World Wrestling Entertainment (WWE)', 'Alphaville Films']","['United States of America', 'Germany', 'Belgium']",2002-04-16,165333180,92.0,"['English', 'ภาษาไทย']",Released,The Scorpion King,5.3,779,2002,4,105333180,2.755553
60000000,11128,en,10.99991,"['Casey Silver Productions', 'Beacon Communications', 'Touchstone Pictures', 'Beacon Pictures', 'Fantail Films Inc.']",['United States of America'],2004-10-01,74541707,115.0,['English'],Released,Ladder 49,6.2,207,2004,10,14541707,1.2423617833333334
60000000,75780,en,56.868399,"['Paramount Pictures', 'Mutual Film Company', 'Skydance Productions', 'TC Productions']",['United States of America'],2012-12-20,218340595,130.0,['English'],Released,Jack Reacher,6.3,2998,2012,12,158340595,3.6390099166666667
60000000,8914,en,22.991269,"['Village Roadshow Pictures', 'Warner Bros.', 'Riche-Ludwig Productions', 'Groucho III Film Partnership']","['Australia', 'United States of America']",1999-07-28,73648228,105.0,['English'],Released,Deep Blue Sea,5.6,604,1999,7,13648228,1.2274704666666667
60000000,39538,en,38.820858,"['Double Feature Films', 'Regency Enterprises', 'Warner Bros.', 'Participant Media', 'Imagenation Abu Dhabi FZ']","['United States of America', 'United Arab Emirates']",2011-09-08,137551594,106.0,"['English', '广州话 / 廣州話', '普通话']",Released,Contagion,6.2,1325,2011,9,77551594,2.2925265666666665
60000000,14836,en,51.146047,"['Focus Features', 'Laika Entertainment']",['United States of America'],2009-02-05,124596398,100.0,['English'],Released,Coraline,7.3,1386,2009,2,64596398,2.0766066333333333
60000000,8645,en,20.501582,"['Spyglass Entertainment', 'Twentieth Century Fox Film Corporation', 'Dune Entertainment', 'UTV Motion Pictures', 'Blinding Edge Pictures']","['United States of America', 'India', 'France']",2008-06-11,163403799,91.0,"['English', 'Français']",Released,The Happening,4.9,950,2008,6,103403799,2.72339665
70000000,9509,en,45.299089,"['Regency Enterprises', 'Fox 2000 Pictures', 'Epsilon Motion Pictures', 'Scott Free Productions', 'New Regency Pictures']","['United Kingdom', 'United States of America']",2004-04-23,130293714,146.0,"['English', 'Español']",Released,Man on Fire,7.3,1553,2004,4,60293714,1.8613387714285714
50000000,10067,en,4.280619,"['Walt Disney Pictures', 'Mandeville Films', 'Boxing Cat Films']",['United States of America'],2006-03-09,61112916,98.0,['English'],Released,The Shaggy Dog,4.5,137,2006,3,11112916,1.22225832
60000000,9384,en,28.848842,"['Weed Road Pictures', 'Warner Bros.', 'Dimension Films', 'Red Hour Films', 'AR-TL']",['United States of America'],2004-03-05,170268750,101.0,"['English', '한국어/조선말']",Released,Starsky & Hutch,5.6,644,2004,3,110268750,2.8378125
60000000,9279,en,22.501041,"['Twentieth Century Fox Film Corporation', '1492 Pictures']",['United States of America'],1996-11-15,129832389,89.0,['English'],Released,Jingle All the Way,5.5,575,1996,11,69832389,2.16387315
66000000,1487,en,47.479755,"['Revolution Studios', 'Dark Horse Entertainment', 'Lawrence Gordon Productions', 'Starlite Films']",['United States of America'],2004-04-02,99318987,122.0,"['Pусский', 'English']",Released,Hellboy,6.5,2225,2004,4,33318987,1.5048331363636365
70000000,9422,en,10.147321,"['Paramount Pictures', 'Wildwood Enterprises', 'Touchstone Pictures']",['United States of America'],1998-03-05,56702901,115.0,['English'],Released,A Civil Action,6.1,109,1998,3,-13297099,0.8100414428571429
60000000,77174,en,39.539045,"['Focus Features', 'Laika Entertainment']",['United States of America'],2012-08-03,107139399,90.0,['English'],Released,ParaNorman,6.7,789,2012,8,47139399,1.78565665
60000000,4824,en,19.747459,"['Universal Pictures', 'Toho-Towa', 'Mutual Film Company', 'Marubeni', 'Tele München Fernseh Produktionsgesellschaft (TMG)', 'Alphaville Films', 'British Broadcasting Corporation (BBC)', 'UGC PH', ""Mel's Cite du Cinema""]",['United States of America'],1997-11-14,159330280,124.0,"['English', 'Pусский']",Released,The Jackal,6.1,527,1997,11,99330280,2.655504666666667
60000000,9620,en,29.018826,"['Paramount Pictures', 'DreamWorks SKG', 'Davis Entertainment', 'Lion Rock Productions', 'Province of British Columbia Film Incentive BC', 'Solomon/Hackett Productions']","['Canada', 'United States of America']",2003-12-25,96269812,119.0,['English'],Released,Paycheck,5.9,581,2003,12,36269812,1.6044968666666666
60000000,10199,en,16.493576,['Larger Than Life Productions'],"['United Kingdom', 'United States of America']",2008-12-19,50877145,93.0,['English'],Released,The Tale of Despereaux,5.8,258,2008,12,-9122855,0.8479524166666667
60000000,3512,en,13.080725,"['Regency Enterprises', 'Warner Bros.', 'Seagal/Nasso Productions', 'Victor Company of Japan (JVC)', 'Cutting Edge Films']",['United States of America'],1995-07-13,104324083,100.0,['English'],Released,Under Siege 2: Dark Territory,5.6,210,1995,7,44324083,1.7387347166666667
60000000,137094,en,42.538258,"['Paramount Pictures', 'Di Bonaventura Pictures', 'Mace Neufeld Productions', 'Skydance Productions', 'Etalon film', 'Buckaroo Entertainment']","['Russia', 'United States of America']",2014-01-15,50549107,105.0,['English'],Released,Jack Ryan: Shadow Recruit,5.9,1173,2014,1,-9450893,0.8424851166666667
60000000,274479,en,29.876507,"['Fox 2000 Pictures', 'Davis Entertainment', 'Annapurna Pictures', 'TSG Entertainment']",['United States of America'],2015-12-24,101134059,124.0,"['Español', 'English']",Released,Joy,6.4,1581,2015,12,41134059,1.68556765
60000000,267860,en,61.849521,"['Millennium Films', 'LHF Film', 'Gerard Butler Alan Siegel Entertainment', 'Nu Boyana Film Studios']","['Bulgaria', 'United States of America', 'United Kingdom']",2016-03-02,205754447,99.0,['English'],Released,London Has Fallen,5.8,1621,2016,3,145754447,3.4292407833333334
70000000,8078,en,37.44963,"['Twentieth Century Fox Film Corporation', 'Brandywine Productions']",['United States of America'],1997-11-12,162000000,109.0,['English'],Released,Alien: Resurrection,5.9,1365,1997,11,92000000,2.3142857142857145
61000000,7485,en,37.378081,"['Paramount Pictures', 'Di Bonaventura Pictures', 'Grosvenor Park Impact Productions']",['United States of America'],2007-03-22,95696996,124.0,['English'],Released,Shooter,6.9,1462,2007,3,34696996,1.568803213114754
60000000,170687,en,30.656345,['Laika Entertainment'],['United States of America'],2014-09-10,108255770,97.0,['English'],Released,The Boxtrolls,6.6,668,2014,9,48255770,1.8042628333333333
75000000,6435,en,15.142701,"['Village Roadshow Pictures', 'DiNovi Pictures', 'Fortis Films', 'Warner Bros.', 'Stargate Studios']",['United States of America'],1998-10-16,46683377,104.0,['English'],Released,Practical Magic,6.3,338,1998,10,-28316623,0.6224450266666667
60000000,137106,en,59.547928,"['Village Roadshow Pictures', 'DC Comics', 'Vertigo Entertainment', 'Lin Pictures', 'Warner Bros. Animation', 'LEGO', 'Warner Bros.', 'Animal Logic', 'Warner Animation Group', 'RatPac-Dune Entertainment']",['United States of America'],2014-02-06,469160692,100.0,['English'],Released,The Lego Movie,7.5,3070,2014,2,409160692,7.8193448666666665
60000000,6278,en,27.615108,"['The Zanuck Company', 'Spyglass Entertainment', 'World 2000 Entertainment', 'Touchstone Pictures', 'Tripod Entertainment']","['Ireland', 'United Kingdom', 'United States of America']",2002-07-12,43061982,101.0,['English'],Released,Reign of Fire,6.0,669,2002,7,-16938018,0.7176997
60000000,82682,en,29.041198,"['Village Roadshow Pictures', 'Lin Pictures', 'Warner Bros.', 'Langley Park Production']",['United States of America'],2013-01-10,105200903,113.0,['English'],Released,Gangster Squad,6.2,1778,2013,1,45200903,1.7533483833333334
60000000,17610,en,25.293538,"['Columbia Pictures', 'Ocean Pictures', 'Apatow Productions']",['United States of America'],2009-06-18,62357900,97.0,['English'],Released,Year One,4.6,524,2009,6,2357900,1.0392983333333334
60000000,22954,en,23.85119,"['Spyglass Entertainment', 'Malpaso Productions', 'Revelations Entertainment', 'Mace Neufeld Productions', 'Warner Bros.', 'Liberty Pictures (II)']",['United States of America'],2009-12-10,122233971,134.0,['English'],Released,Invictus,7.0,1125,2009,12,62233971,2.03723285
60000000,16995,en,21.685719,"['Universal Pictures', 'StudioCanal', 'Andell Entertainment', 'Relativity Media', 'Working Title Films']","['France', 'United Kingdom', 'United States of America']",2009-04-17,87784194,127.0,"['广州话 / 廣州話', 'English']",Released,State of Play,6.7,484,2009,4,27784194,1.4630699
78146652,16558,en,13.630049,"['Universal Pictures', 'Laura Bickford Productions', 'Relativity Media', 'Medienproduktion Poseidon Filmgesellschaft']","['Germany', 'United States of America']",2009-03-19,60000000,125.0,"['English', 'Deutsch', 'Pусский', 'Español']",Released,Duplicity,5.7,201,2009,3,-18146652,0.7677872111526928
65000000,9849,en,6.80692,['Walt Disney Pictures'],['United States of America'],1999-02-11,36850101,94.0,"['English', 'Italiano']",Released,My Favorite Martian,5.1,80,1999,2,-28149899,0.5669246307692307
60000000,5820,en,15.352807,"['Twentieth Century Fox Film Corporation', 'Dune Entertainment', 'Major Studio Partners', 'Regency Enterprises', 'Epsilon Motion Pictures', 'New Regency Pictures', 'Sentinel Productions', 'Furthur Films']",['United States of America'],2006-04-19,77920346,108.0,['English'],Released,The Sentinel,5.8,225,2006,4,17920346,1.2986724333333333
70000000,16866,en,23.661071,"['TriStar Pictures', 'Ilion Animation Studios', 'Hand Made Films']","['Spain', 'United Kingdom', 'United States of America']",2009-11-19,104945765,91.0,"['English', 'Español']",Released,Planet 51,5.6,556,2009,11,34945765,1.4992252142857143
60000000,201,en,21.605533,['Paramount Pictures'],['United States of America'],2002-12-13,67312826,117.0,['English'],Released,Star Trek: Nemesis,6.1,479,2002,12,7312826,1.1218804333333334
60000000,11775,en,22.620125,"['Imagine Entertainment', 'Universal Pictures', 'Mike Zoss Productions', 'Alphaville Productions']",['United States of America'],2003-09-02,119940815,100.0,"['Français', 'English']",Released,Intolerable Cruelty,5.8,391,2003,9,59940815,1.9990135833333333
80000000,12201,en,24.657931,"['Icon Productions', 'BBC Films', 'GK Films', 'Warner Bros.']","['United Kingdom', 'United States of America']",2010-01-29,74901339,117.0,['English'],Released,Edge of Darkness,6.2,487,2010,1,-5098661,0.9362667375
60000000,11015,en,12.621769,"['Paramount Pictures', 'Universal Pictures', 'Toho-Towa', 'Mutual Film Company', 'Pacific Western', 'PolyGram Filmed Entertainment', 'Marubeni', 'Tele München Fernseh Produktionsgesellschaft (TMG)', 'British Broadcasting Corporation (BBC)']","['Germany', 'Japan', 'New Zealand', 'United Kingdom', 'United States of America']",1997-01-10,33956608,110.0,['English'],Released,The Relic,5.8,130,1997,1,-26043392,0.5659434666666666
60000000,9932,en,21.08952,"['Village Roadshow Pictures', 'NPV Entertainment', 'Warner Bros.', 'Tribeca Productions', 'Baltimore Spring Creek Pictures', 'Face Productions']","['Australia', 'United States of America']",2002-12-06,55003135,96.0,['English'],Released,Analyze That,5.7,380,2002,12,-4996865,0.9167189166666667
60000000,13389,en,18.380176,"['Grosvenor Park Media Ltd.', 'InVenture Entertainment', 'Millennium Films', 'Emmett/Furla Films', 'Nu-Image Films']",['United States of America'],2008-09-11,73174566,101.0,"['Pусский', 'English', 'Español']",Released,Righteous Kill,5.9,375,2008,9,13174566,1.2195761
60000000,17332,en,17.299333,"['DreamWorks', 'Universal Pictures', 'StudioCanal', 'Participant Media', 'Krasnoff Foster Productions', 'Working Title Films']",['United States of America'],2009-04-24,31720158,109.0,['English'],Released,The Soloist,6.6,234,2009,4,-28279842,0.5286693
80000000,4958,en,16.848899,"['DreamWorks SKG', 'Twentieth Century Fox Film Corporation', 'Wildwood Enterprises', 'Epsilon Motion Pictures', 'Allied Filmmakers']",['United States of America'],2000-11-02,39459427,126.0,['English'],Released,The Legend of Bagger Vance,6.3,251,2000,11,-40540573,0.4932428375
60000000,786,en,21.547446,"['Columbia Pictures', 'Vinyl Films', 'DreamWorks Pictures']",['United States of America'],2000-09-15,47383689,122.0,['English'],Released,Almost Famous,7.4,797,2000,9,-12616311,0.78972815
60000000,11679,en,36.689223,"['Original Film', 'Columbia Pictures Corporation', 'Revolution Studios']",['United States of America'],2005-04-27,71073932,101.0,['English'],Released,xXx: State of the Union,4.7,549,2005,4,11073932,1.1845655333333334
60000000,38321,en,28.350927,"['Screen Gems', 'Stars Road Entertainment', 'Buckaroo Entertainment', 'Michael De Luca Productions', 'TOKYOPOP']",['United States of America'],2011-05-05,78309131,87.0,"['Português', 'English', 'ภาษาไทย']",Released,Priest,5.4,692,2011,5,18309131,1.3051521833333333
60000000,14411,en,18.815442,['DreamWorks Animation'],['United States of America'],2003-07-02,26288320,86.0,"['广州话 / 廣州話', 'English', 'Italiano']",Released,Sinbad: Legend of the Seven Seas,6.6,372,2003,7,-33711680,0.4381386666666667
60000000,8413,en,29.787135,"['Paramount Pictures', 'Impact Pictures', 'Golar Productions']","['United Kingdom', 'United States of America']",1997-08-15,26673242,96.0,"['English', 'Latin']",Released,Event Horizon,6.5,742,1997,8,-33326758,0.4445540333333333
60000000,10052,en,8.927137,"['Universal Pictures', 'Spyglass Entertainment', 'Shady Acres Entertainment', 'Gran Via Productions', 'Kalima Productions GmbH & Co. KG', 'NDE Productions']","['Germany', 'United States of America']",2002-02-22,52322400,104.0,"['English', 'Español']",Released,Dragonfly,6.1,204,2002,2,-7677600,0.87204
50000000,9676,en,15.213484,"['Universal Pictures', 'Davis-Films', 'Signature Pictures', 'Linson Entertainment', 'Art Linson Productions', 'Millennium Films', 'Equity Pictures Medienfonds GmbH & Co. KG III', 'Nu Image Entertainment GmbH']","['France', 'Germany', 'United States of America']",2006-09-15,49111202,121.0,['English'],Released,The Black Dahlia,5.7,287,2006,9,-888798,0.98222404
60000000,9664,en,13.155999,"['Ingenious Film Partners', 'Electric Entertainment', 'Skydance Productions', 'Flyboys Films']","['United Kingdom', 'United States of America']",2006-09-22,17800000,140.0,"['English', 'Français']",Released,Flyboys,6.3,271,2006,9,-42200000,0.2966666666666667
72000000,2100,en,15.433244,['DreamWorks SKG'],['United States of America'],2001-10-19,27642707,131.0,['English'],Released,The Last Castle,7.0,285,2001,10,-44357293,0.38392648611111113
90000000,10384,en,5.762037,"['United Artists', 'Metro-Goldwyn-Mayer (MGM)', 'Hammerhead Productions', 'Screenland Pictures']","['Switzerland', 'United States of America']",2000-01-14,14828081,91.0,['English'],Released,Supernova,4.9,109,2000,1,-75171919,0.16475645555555554
60000000,137321,en,22.736038,"['Village Roadshow Pictures', 'Weed Road Pictures', 'Warner Bros.']",['United States of America'],2014-02-13,30800231,118.0,['English'],Released,Winter's Tale,6.0,487,2014,2,-29199769,0.5133371833333333
60000000,123553,en,45.514031,"['Constantin Film Produktion', 'Don Carmody Productions', 'Unique Features', 'Mr. Smith Productions']",['United States of America'],2013-08-21,90565421,130.0,['English'],Released,The Mortal Instruments: City of Bones,6.2,1602,2013,8,30565421,1.5094236833333334
60000000,11260,en,18.676291,"['Twentieth Century Fox Film Corporation', 'Dune Entertainment', 'Regency Enterprises', 'Guy Walks into a Bar Productions', 'Deep River Productions', 'Friendly Films (II)']",['United States of America'],2008-07-08,50650079,90.0,['English'],Released,Meet Dave,5.0,371,2008,7,-9349921,0.8441679833333333
30000000,9009,en,14.376463,"['Vertigo Entertainment', 'Touchstone Pictures', 'Post No Bills Films', 'Pandemonium Productions']",['United States of America'],2005-06-27,25473093,105.0,['English'],Released,Dark Water,5.3,274,2005,6,-4526907,0.8491031
60000000,2309,en,27.018886,"['New Line Cinema', 'Internationale Filmproduktion Blackbird Erste']","['Germany', 'United Kingdom', 'United States of America']",2008-12-11,57490374,106.0,['English'],Released,Inkheart,6.0,592,2008,12,-2509626,0.9581729
60000000,8285,en,14.84856,"['DC Comics', 'Lionsgate', 'Odd Lot Entertainment', 'Media Magik Entertainment', 'Dark Lot Entertainment', 'Continental Entertainment Group (CEG)']",['United States of America'],2008-12-25,39031337,103.0,"['English', 'Français', 'Pусский']",Released,The Spirit,4.7,320,2008,12,-20968663,0.6505222833333333
60000000,210860,en,52.417529,"['Lionsgate', 'Mad Chance', 'OddLot Entertainment', 'Huayi Brothers Media']",['United States of America'],2015-01-21,30418560,106.0,['English'],Released,Mortdecai,5.4,1055,2015,1,-29581440,0.506976
68490000,381902,zh,4.72629,['Filmko Pictures'],"['Hong Kong', 'China']",2016-01-22,193677158,120.0,['普通话'],Released,The Monkey King 2,6.0,24,2016,1,125187158,2.8278165863629727
80000000,13922,en,8.923215,"['Lawrence Bender Productions', 'Marty Katz Productions']",['United States of America'],2005-08-12,10166502,132.0,"['English', '日本語']",Released,The Great Raid,6.8,91,2005,8,-69833498,0.127081275
58000000,293660,en,514.569956,"['Twentieth Century Fox Film Corporation', 'Marvel Entertainment', ""The Donners' Company"", 'TSG Entertainment', 'Kinberg Genre']",['United States of America'],2016-02-09,783112979,108.0,['English'],Released,Deadpool,7.4,10995,2016,2,725112979,13.501947913793103
58800000,190859,en,87.53437,"['Village Roadshow Pictures', 'Malpaso Productions', 'Warner Bros.', 'RatPac-Dune Entertainment', 'Mad Chance Productions', '22 & Indiana Pictures']",['United States of America'],2014-12-11,542307423,133.0,['English'],Released,American Sniper,7.4,4469,2014,12,483507423,9.222915357142858
58000000,257445,en,45.351617,"['Columbia Pictures', 'Village Roadshow Pictures', 'Original Film', 'Sony Pictures Animation', 'Sony Pictures Entertainment (SPE)', 'Scholastic Entertainment', 'LStar Capital']","['Australia', 'United States of America']",2015-08-05,158162788,103.0,['English'],Released,Goosebumps,6.2,995,2015,8,100162788,2.7269446206896553
58000000,9007,en,13.43573,"['DreamWorks SKG', 'UIP', 'MacDonald/Parkes Productions']",['United States of America'],2005-09-16,102854431,95.0,"['English', '普通话', 'Español']",Released,Just Like Heaven,6.5,579,2005,9,44854431,1.7733522586206896
83000000,889,en,6.248309,"['Universal Pictures', 'Amblin Entertainment']",['United States of America'],2000-04-28,59468275,90.0,['English'],Released,The Flintstones in Viva Rock Vegas,4.4,134,2000,4,-23531725,0.7164852409638555
63000000,1370,en,31.294717,"['TriStar Pictures', 'Carolco Pictures']",['United States of America'],1988-05-24,189015611,102.0,"['English', 'Pусский']",Released,Rambo III,5.7,690,1988,5,126015611,3.000247793650794
58000000,4942,en,7.739276,"['Universal Pictures', 'Casey Silver Productions', 'Outlaw Productions (I)', 'Smokehouse Pictures']","['Germany', 'United States of America']",2008-03-24,41299492,114.0,"['English', 'Deutsch']",Released,Leatherheads,5.7,130,2008,3,-16700508,0.7120602068965517
58000000,24438,en,14.403696,"['Columbia Pictures', 'Castle Rock Entertainment', 'Relativity Media', 'Banter']",['United States of America'],2009-12-17,85280250,103.0,"['English', 'Italiano', 'Pусский', 'Español', 'Український']",Released,Did You Hear About the Morgans?,5.1,276,2009,12,27280250,1.4703491379310345
58000000,116741,en,1.551497,"['Twentieth Century Fox Film Corporation', 'Regency Enterprises', '21 Laps Entertainment', 'Wild West Picture Show Productions', 'TSG Entertainment']",['United States of America'],2013-06-07,44000000,119.0,['English'],Released,The Internship,6.1,1658,2013,6,-14000000,0.7586206896551724
60000000,35791,en,2.143764,"['Impact Pictures', 'Davis-Films', 'Constantin Film Produktion']","['Germany', 'United States of America', 'France', 'Canada']",2010-09-09,300228084,97.0,"['English', 'Español', '日本語']",Released,Resident Evil: Afterlife,5.8,1363,2010,9,240228084,5.0038014
58000000,72431,en,12.29603,"['Lucasfilm', 'Twentieth Century Fox Film Corporation', 'Partnership Pictures']",['United States of America'],2012-01-19,50365377,125.0,"['English', 'Français', 'Deutsch']",Released,Red Tails,5.9,178,2012,1,-7634623,0.8683685689655173
57000000,1813,en,33.8473,"['Regency Enterprises', 'Monarchy Enterprises B.V.', 'Kopelson Entertainment', 'Warner Bros.', 'New Regency Pictures', 'Taurus Film']","['Germany', 'United States of America']",1997-10-17,152944660,144.0,"['English', 'Français', 'Deutsch', 'Italiano', '普通话', 'Español']",Released,The Devil's Advocate,7.2,1374,1997,10,95944660,2.683239649122807
70000000,87428,en,21.723897,"['Columbia Pictures', 'Happy Madison Productions', 'Relativity Media']",['United States of America'],2012-06-14,58058367,116.0,['English'],Released,That's My Boy,5.5,453,2012,6,-11941633,0.8294052428571429
57000000,8840,en,31.791979,['Universal Pictures'],['United States of America'],1996-05-31,115267375,103.0,['English'],Released,DragonHeart,6.4,535,1996,5,58267375,2.022234649122807
60000000,10589,en,14.113066,"['New Line Cinema', 'Contrafilm', 'Firm Films']",['United States of America'],2004-11-12,61347797,97.0,['English'],Released,After the Sunset,6.0,226,2004,11,1347797,1.0224632833333334
57000000,71676,en,48.622278,"['Columbia Pictures', 'Imagenation Abu Dhabi FZ', 'Marvel Entertainment', 'Marvel Knights', 'Hyde Park Entertainment', 'Crystal Sky Pictures', 'Michael De Luca Productions']","['United Arab Emirates', 'United States of America']",2011-12-10,149217355,95.0,['English'],Released,Ghost Rider: Spirit of Vengeance,4.7,1135,2011,12,92217355,2.6178483333333333
57000000,1722,en,9.061866,"['Miramax Films', 'Universal Pictures']","['United Kingdom', 'United States of America', 'France']",2001-08-17,62112895,131.0,"['English', 'Deutsch', 'ελληνικά', 'Italiano']",Released,Captain Corelli's Mandolin,5.5,145,2001,8,5112895,1.0896999122807018
56000000,10022,en,35.4763,"['Walt Disney Pictures', 'Spyglass Entertainment']","['Canada', 'United States of America']",2005-03-04,113006880,95.0,"['English', '한국어/조선말']",Released,The Pacifier,5.8,842,2005,3,57006880,2.01798
56000000,11358,en,23.438398,"['Metro-Goldwyn-Mayer (MGM)', 'Mandeville Films', 'WWE Studios', 'Hyde Park Entertainment', 'Burke/Samples/Foster Productions', 'Cub Eight Productions']",['United States of America'],2004-04-02,57223890,86.0,['English'],Released,Walking Tall,6.0,381,2004,4,1223890,1.0218551785714285
55000000,13,en,138.133331,['Paramount Pictures'],['United States of America'],1994-07-06,677945399,142.0,['English'],Released,Forrest Gump,8.2,7927,1994,7,622945399,12.326279981818182
60000000,6477,en,47.336034,"['Dune Entertainment', 'Regency Enterprises', 'Fox 2000 Pictures', 'Bagdasarian Productions']",['United States of America'],2007-12-13,361366633,92.0,"['English', 'Español', 'Français', '日本語']",Released,Alvin and the Chipmunks,5.5,1177,2007,12,301366633,6.022777216666666
55000000,1597,en,29.97224,"['DreamWorks SKG', 'Universal Pictures', 'Tribeca Productions', 'Nancy Tenenbaum Films']",['United States of America'],2000-10-06,330444045,108.0,['English'],Released,Meet the Parents,6.6,1698,2000,10,275444045,6.008073545454545
55000000,10530,en,47.845589,"['Walt Disney Pictures', 'Walt Disney Feature Animation']",['United States of America'],1995-06-14,346079773,81.0,['English'],Released,Pocahontas,6.7,1457,1995,6,291079773,6.292359509090909
55000000,1924,en,48.507081,"['Warner Bros.', 'Dovemead Films', 'Film Export A.G.']","['United Kingdom', 'United States of America']",1978-12-13,300218018,143.0,['English'],Released,Superman,6.9,1022,1978,12,245218018,5.458509418181818
54000000,9327,en,20.28119,"['Imagine Entertainment', 'Universal Pictures']",['United States of America'],1996-06-26,128769345,95.0,['English'],Released,The Nutty Professor,5.4,702,1996,6,74769345,2.3846175
70000000,8488,en,34.576913,"['Columbia Pictures Corporation', 'Overbrook Entertainment']",['United States of America'],2005-02-10,368100420,118.0,['English'],Released,Hitch,6.4,1665,2005,2,298100420,5.258577428571429
55000000,8273,en,36.194802,"['Universal Pictures', 'Zide-Perry Productions', 'LivePlanet', 'Loumolo & Co.']",['United States of America'],2003-08-01,231449203,103.0,['English'],Released,American Wedding,6.0,1129,2003,8,176449203,4.208167327272728
55000000,109424,en,52.786917,['Columbia Pictures'],['United States of America'],2013-10-10,95000000,134.0,"['English', 'Somali']",Released,Captain Phillips,7.6,2454,2013,10,40000000,1.7272727272727273
55000000,35056,en,38.06168,"['Twentieth Century Fox Film Corporation', 'Dune Entertainment', '21 Laps Entertainment']",['United States of America'],2010-04-08,152263880,97.0,"['עִבְרִית', 'English']",Released,Date Night,5.9,1122,2010,4,97263880,2.768434181818182
50000000,8839,en,19.830132,"['Universal Pictures', 'Amblin Entertainment', 'The Harvey Entertainment Company']",['United States of America'],1995-05-26,287928194,100.0,['English'],Released,Casper,6.0,1019,1995,5,237928194,5.75856388
55000000,156022,en,79.922059,"['Columbia Pictures', 'Village Roadshow Pictures', 'Escape Artists', 'Mace Neufeld Productions', 'LStar Capital', 'Lonetree Entertainment']",['United States of America'],2014-09-24,192330738,132.0,['English'],Released,The Equalizer,7.1,2954,2014,9,137330738,3.496922509090909
55000000,7303,en,19.738215,['Red Om Films'],['United States of America'],2002-12-13,154906693,105.0,"['English', 'Français']",Released,Maid in Manhattan,5.6,485,2002,12,99906693,2.8164853272727273
53000000,8963,en,20.334629,"['Hollywood Pictures', 'Don Simpson/Jerry Bruckheimer Films']",['United States of America'],1995-05-12,157387195,116.0,['English'],Released,Crimson Tide,7.0,498,1995,5,104387195,2.969569716981132
55000000,1402,en,80.581367,"['Columbia Pictures Corporation', 'Escape Artists', 'Relativity Media', 'Overbrook Entertainment']",['United States of America'],2006-12-14,307077295,117.0,"['English', '广州话 / 廣州話']",Released,The Pursuit of Happyness,7.7,2525,2006,12,252077295,5.583223545454546
55000000,9315,en,32.05145,"['Imagine Entertainment', 'Touchstone Pictures']",['United States of America'],2005-09-22,223387299,98.0,"['العربية', 'Deutsch', 'English', 'Français', 'Italiano', '日本語']",Released,Flightplan,6.1,772,2005,9,168387299,4.061587254545454
55000000,8984,en,15.064058,"['Warner Bros.', 'Baltimore Pictures']",['United States of America'],1994-12-09,214015089,123.0,['English'],Released,Disclosure,5.9,210,1994,12,159015089,3.891183436363636
55000000,795,en,21.272734,"['Atlas Entertainment', 'Regency Enterprises', 'Monarchy Enterprises B.V.', 'Warner Bros.', 'Taurus Film']","['United States of America', 'Germany']",1998-04-10,198685114,114.0,"['English', 'Polski']",Released,City of Angels,6.4,529,1998,4,143685114,3.612456618181818
30000000,24,en,79.754966,"['Miramax Films', 'A Band Apart', 'Super Cool ManChu']",['United States of America'],2003-10-10,180949000,111.0,"['English', '日本語', 'Français']",Released,Kill Bill: Vol. 1,7.7,4949,2003,10,150949000,6.031633333333334
30000000,393,en,50.622607,"['Miramax Films', 'A Band Apart', 'Super Cool ManChu']",['United States of America'],2004-04-16,152159461,136.0,"['English', '普通话', 'Español', '广州话 / 廣州話']",Released,Kill Bill: Vol. 2,7.6,3948,2004,4,122159461,5.071982033333334
55000000,9618,en,22.787667,['Warner Bros.'],['United States of America'],1989-12-22,63408614,104.0,['English'],Released,Tango & Cash,6.1,458,1989,12,8408614,1.1528838909090908
55000000,9374,en,29.498304,['Universal Pictures'],['United States of America'],1992-07-30,149022650,104.0,['English'],Released,Death Becomes Her,6.3,636,1992,7,94022650,2.7095027272727275
55000000,8584,en,25.400935,"['Spyglass Entertainment', 'Roger Birnbaum Productions', 'Touchstone Pictures']","['Hong Kong', 'United States of America']",2000-05-26,56932305,110.0,"['English', '普通话', 'Español']",Released,Shanghai Noon,6.2,735,2000,5,1932305,1.0351328181818182
55000000,2320,en,17.231675,"['Silver Pictures', 'Warner Bros.']",['United States of America'],1996-03-15,121969216,133.0,['English'],Released,Executive Decision,5.8,256,1996,3,66969216,2.217622109090909
55000000,58224,en,32.835777,"['Twentieth Century Fox Film Corporation', 'Dune Entertainment', 'Davis Entertainment', 'Dune Entertainment III']",['United States of America'],2011-06-17,187361754,94.0,['English'],Released,Mr. Popper's Penguins,5.7,751,2011,6,132361754,3.4065773454545454
55000000,1729,en,17.097041,"['Casey Silver Productions', 'China Film Co-Production Corporation', 'Huayi Brothers', 'Relativity Media']","['China', 'United States of America']",2008-04-18,127906624,104.0,"['English', '普通话']",Released,The Forbidden Kingdom,6.3,461,2008,4,72906624,2.325574981818182
55000000,175574,en,14.414937,"['Reel FX Creative Studios', 'Relativity Media']",['United States of America'],2013-10-30,110000000,91.0,['English'],Released,Free Birds,5.7,254,2013,10,55000000,2.0
50000000,8077,en,45.856409,"['Twentieth Century Fox Film Corporation', 'Brandywine Productions']","['United Kingdom', 'United States of America']",1992-05-22,159773545,114.0,['English'],Released,Alien³,6.2,1633,1992,5,109773545,3.1954709
55000000,8818,en,7.027139,"['Hollywood Pictures', 'Cinergi Pictures Entertainment']","['United States of America', 'Hungary']",1996-12-14,141047179,134.0,"['English', 'Español']",Released,Evita,5.9,120,1996,12,86047179,2.564494163636364
55000000,8195,en,32.657488,"['United Artists', 'FGM Entertainment']","['France', 'United Kingdom', 'United States of America']",1998-09-25,41610884,122.0,"['English', 'Français', 'Pусский']",Released,Ronin,6.7,658,1998,9,-13389116,0.7565615272727273
50000000,10586,en,12.46525,"['Constellation Films', 'Paramount']","['Germany', 'United States of America']",1996-10-11,75000000,109.0,['English'],Released,The Ghost and the Darkness,6.4,236,1996,10,25000000,1.5
55000000,116149,en,39.882276,"['The Weinstein Company', 'StudioCanal', 'TF1 Films Production', 'Canal+', 'Heyday Films', 'Ciné+', 'Anton Capital Entertainment (ACE)', 'TF1', 'Amazon Prime Instant Video']",['United Kingdom'],2014-11-27,259207227,95.0,['English'],Released,Paddington,7.0,883,2014,11,204207227,4.712858672727273
68000000,80035,en,39.395881,"['Ingenious Film Partners', 'Ingenious Media', 'Twentieth Century Fox Film Corporation', 'Dune Entertainment', '21 Laps Entertainment', 'Dune Entertainment III', 'Big Screen Productions', 'Down Productions']",['United States of America'],2012-07-26,68267862,98.0,['English'],Released,The Watch,5.3,881,2012,7,267862,1.0039391470588235
55000000,10632,en,8.634954,"['Lakeshore Entertainment', 'Alphaville Films']",['United States of America'],2003-03-11,34234008,94.0,['English'],Released,The Hunted,6.0,189,2003,3,-20765992,0.6224365090909091
55000000,1792,en,8.802525,"['Twentieth Century Fox Film Corporation', 'Conundrum Entertainment']",['United States of America'],2003-12-10,33828318,118.0,['English'],Released,Stuck on You,5.1,188,2003,12,-21171682,0.6150603272727273
60000000,72197,en,23.700759,"['Columbia Pictures', 'Aardman Animations', 'Sony Pictures Animation']",['United Kingdom'],2012-03-12,118338361,88.0,['English'],Released,The Pirates! In an Adventure with Scientists!,6.4,374,2012,3,58338361,1.9723060166666666
55000000,3580,en,27.50916,"['Imagine Entertainment', 'Malpaso Productions', 'Relativity Media']",['United States of America'],2008-01-30,113020255,141.0,['English'],Released,Changeling,7.3,1131,2008,1,58020255,2.0549137272727274
50000000,12123,en,20.58862,"['Twentieth Century Fox Film Corporation', 'Chicago Pacific Entertainment', 'Zanuck Company, The']",['United States of America'],1996-08-02,60209334,107.0,['English'],Released,Chain Reaction,5.3,284,1996,8,10209334,1.20418668
55000000,9566,en,4.366488,"['TriStar Pictures', 'Mandalay Entertainment']",['United States of America'],1996-08-15,18626419,116.0,['English'],Released,The Fan,5.7,194,1996,8,-36373581,0.33866216363636364
70000000,9833,en,18.927463,"['Odyssey Entertainment', 'Warner Bros.', 'Scion Films', 'Really Useful Films']","['United Kingdom', 'United States of America']",2004-12-08,154648887,143.0,"['Italiano', 'English']",Released,The Phantom of the Opera,7.0,438,2004,12,84648887,2.2092698142857143
55000000,4517,en,15.274137,"['Universal Pictures', 'StudioCanal', 'Working Title Films']",['United Kingdom'],2007-09-09,74237563,114.0,"['svenska', 'English', 'Español']",Released,Elizabeth: The Golden Age,6.6,303,2007,9,19237563,1.3497738727272728
62000000,8202,en,29.954302,"['Paramount Pictures', 'Lakeshore Entertainment', 'MTV Films', 'Colossal Pictures', 'Valhalla Motion Pictures', 'MTV Productions']",['United States of America'],2005-11-30,52304001,93.0,['English'],Released,Æon Flux,5.4,703,2005,11,-9695999,0.8436129193548387
56000000,16072,en,4.362535,"['Warner Bros. Pictures', 'Turner Pictures', 'Antietam Filmworks']",['United States of America'],2003-02-21,12923936,214.0,['English'],Released,Gods and Generals,6.1,48,2003,2,-43076064,0.23078457142857142
55000000,34314,en,4.700024,"['Metro-Goldwyn-Mayer (MGM)', 'Rysher Entertainment']",['United States of America'],1997-01-09,11466088,100.0,['English'],Released,Turbulence,5.2,62,1997,1,-43533912,0.20847432727272727
50000000,145220,en,14.808304,"['Buena Vista', 'Disney']",['United States of America'],2014-03-20,80383290,112.0,"['Deutsch', 'English']",Released,Muppets Most Wanted,6.2,316,2014,3,30383290,1.6076658
57000000,14623,en,9.27875,"['Studio Canal', 'Working Title Films', 'Tracy Films']","['United Kingdom', 'France']",2004-07-23,28283637,95.0,['English'],Released,Thunderbirds,4.2,91,2004,7,-28716363,0.4962041578947368
55000000,42297,en,22.863516,['Bedford Falls Productions'],['United States of America'],2010-11-23,89519773,119.0,['English'],Released,Burlesque,6.9,573,2010,11,34519773,1.6276322363636364
2000000,802,en,23.962109,"['Seven Arts Productions', 'Allied Artists', 'Transworld Pictures']","['United Kingdom', 'United States of America']",1962-06-13,9250000,153.0,['English'],Released,Lolita,7.3,395,1962,6,7250000,4.625
55000000,10375,en,12.669778,['Universal Pictures'],['United States of America'],2002-01-04,6416302,96.0,['English'],Released,D-Tox,5.3,123,2002,1,-48583698,0.11666003636363637
54000000,36586,en,67.169587,"['New Line Cinema', 'Amen Ra Films', 'Milk & Honey', 'Imaginary Forces', 'Justin Pictures', 'Linovo Productions GmbH & Co. KG', 'Pacific Title and Art Studio', 'Marvel Enterprises']","['Germany', 'United States of America']",2002-03-22,155010032,117.0,"['Český', 'Română', 'English']",Released,Blade II,6.2,1528,2002,3,101010032,2.870556148148148
55000000,11321,en,41.472404,"['Columbia Pictures', 'Escape Artists', 'Relativity Media', 'Overbrook Entertainment']",['United States of America'],2008-12-18,168167691,123.0,"['English', 'Español']",Released,Seven Pounds,7.5,2039,2008,12,113167691,3.057594381818182
55000000,70074,en,22.503935,"['Dark Castle Entertainment', 'After Dark Films', 'IM Global', 'Automatik Entertainment', 'Silver Reel', 'EMJAG Productions', 'Millar Gough Ink', 'Headshot Films']","['Switzerland', 'United States of America']",2013-01-31,9489829,92.0,['English'],Released,Bullet to the Head,5.2,481,2013,1,-45510171,0.17254234545454544
54000000,242,en,59.194915,['Paramount Pictures'],"['Italy', 'United States of America']",1990-12-24,136766062,162.0,"['English', 'Italiano', 'Deutsch', 'Latin']",Released,The Godfather: Part III,7.1,1546,1990,12,82766062,2.532704851851852
57000000,9621,en,22.894898,"['Paramount Pictures', 'Cruise/Wagner Productions', 'Vinyl Films', 'KMP Film Invest']",['United States of America'],2005-10-06,52034889,123.0,['English'],Released,Elizabethtown,6.1,327,2005,10,-4965111,0.9128927894736842
54000000,1819,en,18.600367,"['Universal Pictures', 'Kaplan/Perrone Entertainment', 'MMCB Film Produktion 2004']",['United States of America'],2006-07-14,130431368,108.0,['English'],Released,"You, Me and Dupree",5.4,407,2006,7,76431368,2.4153957037037035
54000000,8536,en,30.515175,"['Warner Bros.', 'Dovemead Films', 'Film Export A.G.']","['United Kingdom', 'United States of America']",1980-12-04,190458706,127.0,['English'],Released,Superman II,6.5,629,1980,12,136458706,3.527013074074074
54000000,8046,en,9.053456,"['City Light Films', 'Revolution Studios', 'Casey Silver Productions']",['United States of America'],2003-08-01,7266209,121.0,['English'],Released,Gigli,3.5,104,2003,8,-46733791,0.13455942592592593
55000000,1717,en,7.768223,"['Columbia Pictures Corporation', 'Rising Star', 'Relativity Media', 'Phoenix Pictures', 'VIP 4 Medienfonds']",['United States of America'],2006-09-10,9450897,125.0,['English'],Released,All the King's Men,5.7,95,2006,9,-45549103,0.17183449090909092
46000000,479,en,19.643365,"['Paramount Pictures', 'Scott Rudin Productions']","['Germany', 'United States of America']",2000-06-15,107196498,99.0,"['English', 'Español', 'Deutsch']",Released,Shaft,5.5,308,2000,6,61196498,2.330358652173913
53000000,9444,en,45.565918,"['Twentieth Century Fox Film Corporation', 'Fox Animation Studios', 'Fox Family Films', 'The Big Gun Project', 'Little Wolf Entertainment']",['United States of America'],1997-11-20,139804348,94.0,"['English', 'Pусский', 'Français']",Released,Anastasia,7.4,1432,1997,11,86804348,2.637817886792453
52500000,824,en,57.374341,"['Bazmark Films', 'Twentieth Century Fox Film Corporation']","['Australia', 'United States of America']",2001-03-09,179213434,127.0,"['Français', 'Español', 'English']",Released,Moulin Rouge!,7.4,1300,2001,3,126713434,3.413589219047619
75000000,11456,en,8.41856,['Paramount Pictures'],['United States of America'],2001-10-30,54249294,89.0,['English'],Released,Domestic Disturbance,5.4,113,2001,10,-20750706,0.72332392
53000000,261023,en,46.049902,"['Infinitum Nihil', 'Head Gear Films', 'Cross Creek Pictures', 'Free State Pictures', 'RatPac-Dune Entertainment', 'Le Grisbi Productions', 'Vendian Entertainment']","['United Kingdom', 'United States of America']",2015-09-04,98837872,122.0,['English'],Released,Black Mass,6.3,1242,2015,9,45837872,1.8648655094339623
90000000,3683,en,23.9366,"['DreamWorks SKG', 'Amblin Entertainment', 'Malpaso Productions', 'Warner Bros.']",['United States of America'],2006-10-18,65900249,132.0,['English'],Released,Flags of Our Fathers,6.7,526,2006,10,-24099751,0.7322249888888889
53000000,22803,en,49.593978,"['Film Department, The', 'Evil Twins', 'Warp Films']",['United States of America'],2009-10-15,126690726,109.0,['English'],Released,Law Abiding Citizen,7.2,1486,2009,10,73690726,2.3903910566037734
67000000,285923,en,16.637642,"['Big Talk Productions', 'Yer Dead Productions', 'Weinstein Company, The', 'Dimension Films', 'Troublemaker Studios', 'Dartmouth International', 'Eyetronics', 'Rodriguez International Pictures']",['United States of America'],2007-04-06,25037897,191.0,"['Español', 'English']",Released,Grindhouse,6.8,459,2007,4,-41962103,0.3736999552238806
52000000,640,en,73.944049,"['Kemp Company', 'Splendid Pictures', 'Parkes/MacDonald Productions']",['United States of America'],2002-12-25,352114312,141.0,"['English', 'Français']",Released,Catch Me If You Can,7.7,3795,2002,12,300114312,6.771429076923077
40000000,97630,en,38.306954,"['Columbia Pictures', 'Annapurna Pictures', 'First Light Production']",['United States of America'],2012-12-19,132820716,157.0,"['English', 'العربية']",Released,Zero Dark Thirty,6.7,1702,2012,12,92820716,3.3205179
52000000,9767,en,26.251217,"['Universal Pictures', 'Mosaic Media Group', 'Wild West Picture Show Productions']",['United States of America'],2006-06-01,204999686,106.0,['English'],Released,The Break-Up,5.6,832,2006,6,152999686,3.9423016538461537
52000000,11631,en,30.780599,"['Universal Pictures', 'Internationale Filmproduktion Richter', 'Playtone', 'Relativity Media', 'Littlestar']","['Germany', 'United Kingdom', 'United States of America']",2008-07-03,609841637,108.0,"['English', 'ελληνικά']",Released,Mamma Mia!,6.4,1386,2008,7,557841637,11.727723788461539
52000000,32856,en,25.41929,"['New Line Cinema', 'Karz Entertainment', 'Rice Films']",['United States of America'],2010-02-10,216485654,125.0,['English'],Released,Valentine's Day,5.7,1013,2010,2,164485654,4.163185653846154
50000000,6519,en,15.98212,"['Village Roadshow Pictures', 'Gerber Pictures', 'Warner Bros.', 'WV Films III']",['United States of America'],2005-08-05,110803676,104.0,['English'],Released,The Dukes of Hazzard,5.1,316,2005,8,60803676,2.21607352
52000000,8741,en,40.072583,"['Fox 2000 Pictures', 'Phoenix Pictures', 'Geisler-Roberdeau']","['Canada', 'United States of America']",1998-12-25,98126565,170.0,"['English', 'Pусский']",Released,The Thin Red Line,7.2,771,1998,12,46126565,1.887049326923077
52000000,49520,en,32.015477,"['Universal Pictures', 'Original Film', 'Relativity Media', 'Big Kid Pictures']",['United States of America'],2011-08-05,75450437,112.0,['English'],Released,The Change-Up,5.9,736,2011,8,23450437,1.4509699423076923
82000000,1850,en,24.444186,['Mutual Film Company'],['United States of America'],1999-12-22,47434430,118.0,['English'],Released,Man on the Moon,6.9,435,1999,12,-34565570,0.5784686585365854
52000000,524,en,40.06688,"['Universal Pictures', 'Légende Entreprises', 'Syalis DA', 'De Fina-Cappa']","['France', 'United States of America']",1995-11-22,116112375,178.0,['English'],Released,Casino,7.8,1307,1995,11,64112375,2.2329302884615383
52000000,26389,en,27.916284,"['Apipoulaï', 'M6 Films', 'Canal+', 'TPS Star', 'Grive Productions', 'EuropaCorp', 'M6', 'W9']","['United Kingdom', 'France']",2010-02-05,52826594,92.0,"['Deutsch', 'English', 'Français', '普通话']",Released,From Paris with Love,6.1,675,2010,2,826594,1.0158960384615385
51000000,2123,en,39.001682,"['Twentieth Century Fox Film Corporation', 'Conundrum Entertainment']",['United States of America'],2000-06-22,149270999,116.0,"['English', 'Deutsch']",Released,"Me, Myself & Irene",6.1,927,2000,6,98270999,2.9268823333333334
51000000,9907,en,10.430832,"['Paramount Pictures', 'Nickelodeon Movies', 'Paramount Animation']","['Germany', 'United States of America']",2006-08-04,72779000,90.0,['English'],Released,Barnyard,5.3,225,2006,8,21779000,1.4270392156862746
50000000,18239,en,94.815867,"['Summit Entertainment', 'Maverick Films', 'Imprint Entertainment', 'Sunswept Entertainment', 'Temple Hill Entertainment']",['United States of America'],2009-03-15,709827462,130.0,"['English', 'Italiano']",Released,The Twilight Saga: New Moon,5.6,2436,2009,3,659827462,14.19654924
60000000,808,en,67.298732,"['DreamWorks SKG', 'Pacific Data Images (PDI)', 'DreamWorks Animation']",['United States of America'],2001-05-16,484409218,90.0,['English'],Released,Shrek,7.3,4056,2001,5,424409218,8.073486966666668
50200000,38050,en,26.60772,"['Universal Pictures', 'Media Rights Capital', 'Gambit Pictures', 'Electric Shepherd Productions']",['United States of America'],2011-03-03,127869379,106.0,['English'],Released,The Adjustment Bureau,6.5,1652,2011,3,77669379,2.5471987848605577
48000000,8367,en,28.803729,"['Warner Bros.', 'Morgan Creek Productions']",['United States of America'],1991-06-14,390493908,143.0,['English'],Released,Robin Hood: Prince of Thieves,6.6,909,1991,6,342493908,8.13528975
50000000,9390,en,27.039636,"['Gracie Films', 'TriStar Pictures']",['United States of America'],1996-12-06,273552592,139.0,"['English', 'Polski']",Released,Jerry Maguire,6.7,913,1996,12,223552592,5.47105184
50000000,72105,en,68.87691,"['Universal Pictures', 'Media Rights Capital', 'Fuzzy Door Productions']",['United States of America'],2012-06-29,549368315,106.0,['English'],Released,Ted,6.3,4697,2012,6,499368315,10.9873663
50000000,2898,en,37.885022,"['Gracie Films', 'TriStar Pictures']",['United States of America'],1997-12-19,314178011,139.0,['English'],Released,As Good as It Gets,7.2,915,1997,12,264178011,6.28356022
50000000,10312,en,35.537397,"['Universal Pictures', 'Bungalow 78 Productions', 'Blue Wolf', 'Farrell/Minoff']",['United States of America'],1998-12-25,202292902,115.0,['English'],Released,Patch Adams,7.0,832,1998,12,152292902,4.04585804
50000000,109443,en,38.125008,"['Paramount Pictures', 'Gary Sanchez Productions', 'Apatow Productions']",['United States of America'],2013-12-18,173649015,119.0,['English'],Released,Anchorman 2: The Legend Continues,6.0,923,2013,12,123649015,3.4729803
50000000,2022,en,18.121404,"['New Line Cinema', 'Columbia Pictures Corporation', 'Out of the Blue... Entertainment', 'Happy Madison Productions']",['United States of America'],2002-06-28,171269535,96.0,['English'],Released,Mr. Deeds,5.6,644,2002,6,121269535,3.4253907
50000000,37686,en,37.069253,"['Paramount Pictures', 'Amblin Entertainment', 'Bad Robot', 'K/O Camera Toys']",['United States of America'],2011-06-08,260095987,112.0,['English'],Released,Super 8,6.6,2435,2011,6,210095987,5.20191974
52000000,462,en,30.347332,['Jersey Films'],['United States of America'],2000-03-17,256271286,131.0,"['English', 'Français']",Released,Erin Brockovich,7.1,716,2000,3,204271286,4.928293961538461
50000000,9919,en,23.854701,['Paramount Pictures'],"['Germany', 'United States of America']",2003-02-07,177371441,116.0,['English'],Released,How to Lose a Guy in 10 Days,6.3,850,2003,2,127371441,3.54742882
50000000,187017,en,52.380982,"['Columbia Pictures', 'Original Film', 'Media Rights Capital', 'Metro-Goldwyn-Mayer (MGM)', 'Cannell Studios', 'LStar Capital', '33andOut Productions', 'JHF Productions']",['United States of America'],2014-06-05,188441614,112.0,['English'],Released,22 Jump Street,7.0,3319,2014,6,138441614,3.76883228
60000000,628,en,50.163785,['Geffen Pictures'],['United States of America'],1994-11-11,223664608,123.0,"['English', 'Français']",Released,Interview with the Vampire,7.2,1516,1994,11,163664608,3.7277434666666664
70000000,10201,en,43.849351,"['Village Roadshow Pictures', 'The Zanuck Company', 'Heyday films', 'Warner Bros.']",['United States of America'],2008-12-09,225990978,104.0,"['Eesti', 'English', '한국어/조선말']",Released,Yes Man,6.4,1813,2008,12,155990978,3.228442542857143
50000000,302699,en,45.318703,"['New Line Cinema', 'Universal Pictures', 'Bluegrass Films', 'Principato-Young Entertainment']",['United States of America'],2016-06-15,216972543,107.0,['English'],Released,Central Intelligence,6.2,1650,2016,6,166972543,4.33945086
50000000,274167,en,38.616744,"['Paramount Pictures', 'Gary Sanchez Productions', 'Red Granite Pictures']",['United States of America'],2015-12-25,242786137,96.0,['English'],Released,Daddy's Home,5.8,854,2015,12,192786137,4.85572274
50000000,224141,en,65.90161,"['Walt Disney Pictures', 'Marc Platt Productions', 'Lucamar Productions']",['United States of America'],2014-12-25,212902372,125.0,['English'],Released,Into the Woods,5.6,1652,2014,12,162902372,4.25804744
45000000,388,en,45.220386,"['Imagine Entertainment', 'Universal Pictures', '40 Acres & A Mule Filmworks']",['United States of America'],2006-03-23,184376254,129.0,"['English', 'shqip']",Released,Inside Man,7.3,1630,2006,3,139376254,4.097250088888889
90000000,2112,en,17.457947,"['Paramount Pictures', 'Icon Entertainment International']",['United States of America'],1999-02-05,161626121,100.0,['English'],Released,Payback,6.7,548,1999,2,71626121,1.7958457888888888
50000000,10329,en,10.755847,"['Paramount Pictures', 'Kennedy/Marshall Company, The']",['United States of America'],1995-06-09,152022101,109.0,"['English', 'Français']",Released,Congo,5.0,213,1995,6,102022101,3.04044202
50000000,74465,en,38.629763,"['Twentieth Century Fox Film Corporation', 'Dune Entertainment', 'Vinyl Films', 'LBI Entertainment']",['United States of America'],2011-12-22,120081841,124.0,['English'],Released,We Bought a Zoo,6.5,909,2011,12,70081841,2.40163682
50000000,13811,en,32.693093,"['Summit Entertainment', 'Mystery Clock Cinema', 'Escape Artists', 'Goldcrest Pictures', 'Kaplan/Perrone Entertainment', 'Wintergreen Productions']","['United Kingdom', 'United States of America', 'Australia']",2009-03-19,155446362,121.0,['English'],Released,Knowing,5.9,1486,2009,3,105446362,3.10892724
50000000,6877,en,18.806031,"['Paramount Pictures', 'Scott Rudin Productions', 'Failure to Launch Productions']",['United States of America'],2006-03-10,88715192,97.0,['English'],Released,Failure to Launch,5.5,399,2006,3,38715192,1.77430384
50000000,10320,en,32.233713,"['DreamWorks', 'BenderSpink', 'Parkes+MacDonald Image Nation']",['United States of America'],2005-03-17,161451538,110.0,['English'],Released,The Ring Two,5.4,632,2005,3,111451538,3.22903076
50000000,50646,en,37.990705,['Warner Bros.'],['United States of America'],2011-07-29,142851197,118.0,['English'],Released,"Crazy, Stupid, Love.",7.0,2443,2011,7,92851197,2.85702394
50000000,8920,en,17.667826,"['Twentieth Century Fox Film Corporation', 'Davis Entertainment', 'Twentieth Century Fox Animation']",['United States of America'],2004-06-10,200804534,80.0,['English'],Released,Garfield,5.2,820,2004,6,150804534,4.01609068
50000000,60308,en,46.180421,"['Columbia Pictures', 'Scott Rudin Productions']",['United States of America'],2011-09-22,110206216,133.0,['English'],Released,Moneyball,7.0,1381,2011,9,60206216,2.20412432
50000000,6950,en,30.397496,"['Kopelson Entertainment', 'Punch Productions', 'Warner Bros.', 'Arnold Kopelson Productions']",['United States of America'],1995-03-10,189859560,127.0,"['English', '한국어/조선말', 'Français']",Released,Outbreak,6.3,513,1995,3,139859560,3.7971912
50000000,225574,en,83.295796,"['StudioCanal', 'Silver Pictures', 'TF1 Films Production', 'Canal+', 'Anton Capital Entertainment (ACE)', 'TF1', 'LOVEFiLM International']","['France', 'United Kingdom', 'United States of America']",2014-01-26,222809600,106.0,"['English', 'Deutsch']",Released,Non-Stop,6.8,2268,2014,1,172809600,4.456192
50000000,13836,en,23.935053,"['Walt Disney Pictures', 'Gunn Films']",['United States of America'],2009-03-12,106303988,98.0,['English'],Released,Race to Witch Mountain,5.5,509,2009,3,56303988,2.12607976
54000000,752,en,84.630969,"['Studio Babelsberg', 'DC Comics', 'Virtual Studios', 'Anarchos Productions', 'Silver Pictures', 'Warner Bros.', 'Medienboard Berlin-Brandenburg', 'Fünfte Babelsberg Film']","['Germany', 'United Kingdom', 'United States of America']",2006-03-15,132511035,132.0,['English'],Released,V for Vendetta,7.7,4442,2006,3,78511035,2.4539080555555555
50000000,6038,en,16.251204,"['Spyglass Entertainment', 'Touchstone Pictures', 'Birnbaum / Barber Productions', 'Jackie Chan Films Limited', 'All Knight Productions']","['Hong Kong', 'United States of America']",2003-02-06,88323487,115.0,"['English', '普通话']",Released,Shanghai Knights,6.0,692,2003,2,38323487,1.76646974
50000000,9975,en,9.894346,"['Imagine Entertainment', 'Universal Pictures', 'Universal Animation Studios']",['United States of America'],2006-02-10,69834815,86.0,['English'],Released,Curious George,6.2,106,2006,2,19834815,1.3966963
50000000,11451,en,12.050755,"['Walt Disney Pictures', 'Robert Simonds Productions']",['United States of America'],2005-06-22,66002004,101.0,['English'],Released,Herbie Fully Loaded,5.1,542,2005,6,16002004,1.32004008
50000000,12103,en,11.596207,"['Village Roadshow Pictures', 'NPV Entertainment', 'Regency Enterprises', 'Kopelson Entertainment', 'Epsilon Motion Pictures', 'New Regency Pictures', 'Furthur Films']","['Australia', 'United States of America']",2001-09-28,100020092,113.0,"['English', 'Français', 'Italiano', 'Español']",Released,Don't Say a Word,6.0,220,2001,9,50020092,2.00040184
50000000,60304,en,53.02787,"['Paramount Pictures', 'Studio Babelsberg', 'MTV Films', 'Gary Sanchez Productions', 'Metro-Goldwyn-Mayer (MGM)', 'Deutsche Filmförderfonds (DFFF)']","['United States of America', 'Germany']",2013-01-17,224803475,88.0,['English'],Released,Hansel & Gretel: Witch Hunters,5.7,3239,2013,1,174803475,4.4960695
50000000,2251,en,14.382253,"['Regency Enterprises', 'Fox 2000 Pictures', 'Epsilon Motion Pictures', 'Unfaithful Filmproduktion GmbH & Co. KG']",['United States of America'],2002-05-10,119137784,124.0,"['English', 'Français']",Released,Unfaithful,6.3,276,2002,5,69137784,2.38275568
50000000,46529,en,43.450266,"['DreamWorks SKG', 'Reliance BIG Entertainment', 'Bay Films', 'Touchstone Pictures']",['United States of America'],2011-02-18,144492830,109.0,"['Français', 'English']",Released,I Am Number Four,5.9,1567,2011,2,94492830,2.8898566
50000000,231,en,16.871194,"['Section Eight', 'Warner Bros.', 'Participant Media', 'FilmWorks', '4M', 'MID Foundation']",['United States of America'],2005-11-23,94000000,128.0,"['العربية', 'English', 'فارسی', 'اردو', 'Français', '普通话']",Released,Syriana,6.3,451,2005,11,44000000,1.88
50000000,300671,en,42.526529,"['Paramount Pictures', '3 Arts Entertainment', 'Bay Films', 'Latina Pictures', 'Dune Films']","['Malta', 'Morocco', 'United States of America']",2016-01-13,69411370,144.0,"['العربية', 'English']",Released,13 Hours: The Secret Soldiers of Benghazi,7.0,938,2016,1,19411370,1.3882274
50000000,228326,en,34.890999,"['Twentieth Century Fox Film Corporation', 'Reel FX Creative Studios', 'Twentieth Century Fox Animation', 'Chatrone']","['Mexico', 'United States of America']",2014-10-01,97437106,95.0,['English'],Released,The Book of Life,7.3,755,2014,10,47437106,1.94874212
45000000,9754,en,18.186026,"['Village Roadshow Pictures', 'Thunder Road Pictures', 'Warner Bros.', 'Beacon Pictures', 'Jon Shestack Productions']","['United States of America', 'Australia']",2006-02-10,82800000,105.0,['English'],Released,Firewall,5.6,267,2006,2,37800000,1.84
50000000,66,en,13.576765,"['Columbia Pictures', 'Castle Rock Entertainment', 'Malpaso Productions']",['United States of America'],1997-02-14,50068310,121.0,"['English', 'Español']",Released,Absolute Power,6.4,223,1997,2,68310,1.0013662
50000000,4421,en,19.434672,"['Caravan Pictures', 'Hollywood Pictures', 'First Independent Films', 'Largo Entertainment', 'Scott Free Productions', 'Trap-Two-Zero Productions']",['United States of America'],1997-08-22,48169156,125.0,['English'],Released,G.I. Jane,6.0,395,1997,8,-1830844,0.96338312
50000000,2649,en,62.925175,"['PolyGram Filmed Entertainment', 'A&B Producoes', 'Popaganda Films']",['United States of America'],1997-09-12,109423648,129.0,"['广州话 / 廣州話', 'Deutsch', 'English']",Released,The Game,7.5,1506,1997,9,59423648,2.18847296
50000000,588,en,32.927994,"['Silent Hill DCP Inc.', 'Davis-Films', 'TriStar Pictures', 'Konami']","['Canada', 'France', 'Japan', 'United States of America']",2006-04-21,97607453,125.0,['English'],Released,Silent Hill,6.3,1067,2006,4,47607453,1.95214906
50000000,71552,en,39.920035,['Universal Pictures'],['United States of America'],2012-04-04,234989584,113.0,['English'],Released,American Reunion,6.1,1611,2012,4,184989584,4.69979168
50000000,9631,en,28.725621,"['Regency Enterprises', 'Warner Bros.']","['Germany', 'United States of America']",1998-07-29,44547681,140.0,['English'],Released,The Negotiator,6.8,582,1998,7,-5452319,0.89095362
50000000,216282,en,20.566554,"['New Line Cinema', 'Village Roadshow Pictures', 'Broken Road Productions', 'RatPac-Dune Entertainment']",['United States of America'],2014-08-06,160602194,89.0,['English'],Released,Into the Storm,5.8,817,2014,8,110602194,3.21204388
50000000,306,en,20.333953,"['Paramount Pictures', 'Eddie Murphy Productions']",['United States of America'],1994-05-24,119208989,104.0,['English'],Released,Beverly Hills Cop III,5.5,434,1994,5,69208989,2.38417978
50000000,928,en,33.98637,"['Amblin Entertainment', 'Warner Bros.']",['United States of America'],1990-06-15,41482207,106.0,['English'],Released,Gremlins 2: The New Batch,6.2,652,1990,6,-8517793,0.82964414
50000000,205587,en,42.472324,"['Village Roadshow Pictures', 'Warner Bros.', 'Big Kid Pictures', 'Team Downey']",['United States of America'],2014-10-08,83719388,141.0,['English'],Released,The Judge,7.2,1417,2014,10,33719388,1.67438776
45000000,1577,en,29.880122,"['Impact Pictures', 'Constantin Film Ltd.']","['United Kingdom', 'United States of America', 'Germany', 'France', 'Canada']",2004-09-10,129394835,94.0,['English'],Released,Resident Evil: Apocalypse,6.1,1267,2004,9,84394835,2.875440777777778
50000000,9801,en,28.803802,"['Miramax Films', 'Universal Pictures', 'Studio Canal', 'Working Title Films', 'Atlantic Television', 'Little Bird']","['France', 'Germany', 'Ireland', 'United Kingdom', 'United States of America']",2004-11-10,40203020,108.0,"['Deutsch', 'ภาษาไทย', 'English']",Released,Bridget Jones: The Edge of Reason,6.1,750,2004,11,-9796980,0.8040604
50000000,2116,en,14.993459,"['Original Film', 'Monarch Pictures', 'Metro-Goldwyn-Mayer (MGM)']",['United States of America'],2003-10-03,55495563,105.0,['English'],Released,Out of Time,6.1,298,2003,10,5495563,1.10991126
50000000,9624,en,9.114168,['Warner Bros.'],['United States of America'],1994-02-18,49000000,102.0,"['Český', 'English']",Released,On Deadly Ground,4.5,104,1994,2,-1000000,0.98
50000000,14199,en,12.31101,['Troublemaker Studios'],['United States of America'],2005-06-10,69425966,92.0,['English'],Released,The Adventures of Sharkboy and Lavagirl,4.4,269,2005,6,19425966,1.38851932
40000000,1907,en,41.362082,['Figment Films'],"['United Kingdom', 'United States of America']",2000-02-11,144056873,119.0,"['English', 'Français', 'Hrvatski', 'svenska', 'ภาษาไทย']",Released,The Beach,6.3,1233,2000,2,104056873,3.601421825
50000000,4599,en,13.298205,"['Touchstone Pictures', 'Beacon Pictures', 'Mandeville Films']",['United States of America'],2004-05-27,49718611,119.0,['English'],Released,Raising Helen,5.9,189,2004,5,-281389,0.99437222
40000000,22832,en,19.085403,"['Studio Babelsberg', 'Anarchos Productions', 'Legendary Pictures', 'Dark Castle Entertainment', 'Silver Pictures', 'Warner Bros.', 'Medienboard Berlin-Brandenburg', 'Deutsche Filmförderfonds (DFFF)', 'Rocklock Films']","['Germany', 'United States of America']",2009-09-29,60462347,99.0,['English'],Released,Ninja Assassin,6.2,371,2009,9,20462347,1.511558675
50000000,9879,en,11.106006,"['Columbia Pictures', 'Castle Rock Entertainment']",['United States of America'],1996-06-28,113309743,115.0,['English'],Released,Striptease,4.4,205,1996,6,63309743,2.26619486
50000000,38579,en,12.25622,['Twentieth Century Fox Film Corporation'],['United States of America'],2010-06-04,83761844,87.0,['English'],Released,Marmaduke,5.0,149,2010,6,33761844,1.67523688
50000000,44603,en,13.365715,"['Amblin Entertainment', 'Malpaso Productions', 'Warner Bros.', 'Kennedy/Marshall Company, The']",['United States of America'],2010-10-15,105197635,129.0,"['English', 'Français']",Released,Hereafter,5.8,510,2010,10,55197635,2.1039527
50000000,11892,en,16.167093,"['Castle Rock Entertainment', 'Warner Bros.', 'Schroeder Hoffman Productions']",['United States of America'],2002-04-19,56714147,120.0,['English'],Released,Murder by Numbers,6.0,268,2002,4,6714147,1.13428294
50000000,9691,en,23.073933,"['Silver Pictures', 'Canal+', 'Warner Bros.', 'Dino De Laurentiis Company', 'Donner/Shuler-Donner Productions', 'Evansgideon/Lazar']","['France', 'United States of America']",1995-10-06,30303072,132.0,"['English', 'Español', 'Nederlands']",Released,Assassins,6.0,387,1995,10,-19696928,0.60606144
50000000,1248,en,6.567065,"['Ingenious Film Partners', 'ETIC Films', 'Quinta Communications', 'Dino De Laurentiis Company', 'Zephyr Films', 'Young Hannibal Productions', 'Carthago Films S.a.r.l.']","['United Kingdom', 'Czech Republic', 'France', 'Italy']",2007-02-06,82169884,121.0,"['English', 'Deutsch', 'Pусский']",Released,Hannibal Rising,6.0,654,2007,2,32169884,1.64339768
50000000,12220,en,6.22577,"['Universal Pictures', 'Castle Rock Entertainment']",['United States of America'],1999-10-13,58900031,95.0,"['Italiano', 'English']",Released,The Story of Us,5.9,75,1999,10,8900031,1.17800062
44000000,72710,en,42.933027,"['Nick Wechsler Productions', 'Open Road Films', 'Silver Reel', 'Chockstone Pictures']",['United States of America'],2013-03-22,63327201,125.0,['English'],Released,The Host,6.0,1817,2013,3,19327201,1.439254568181818
50000000,10782,en,19.226763,"['Intermedia Films', 'Krane Entertainment']",['United States of America'],2003-04-18,42792561,98.0,['English'],Released,Basic,6.2,286,2003,4,-7207439,0.85585122
50000000,9573,en,10.089065,"['Malpaso Productions', 'Warner Bros.']",['United States of America'],2002-08-04,26199517,110.0,"['English', 'Español']",Released,Blood Work,6.1,206,2002,8,-23800483,0.52399034
50000000,4959,en,13.391833,"['Studio Babelsberg', 'Atlas Entertainment', 'Mosaic Media Group', 'X-Filme Creative Pool']","['Germany', 'United Kingdom', 'United States of America']",2009-02-03,60161391,118.0,"['English', 'Français', 'Deutsch', 'Italiano', 'Pусский']",Released,The International,6.0,368,2009,2,10161391,1.20322782
50000000,10061,en,21.637234,"['Paramount Pictures', 'Rysher Entertainment']",['United States of America'],1996-08-09,42277365,97.0,['English'],Released,Escape from L.A.,5.6,373,1996,8,-7722635,0.8455473
70000000,10386,en,61.245957,['Warner Bros. Animation'],['United States of America'],1999-08-06,23159305,86.0,['English'],Released,The Iron Giant,7.6,1436,1999,8,-46840695,0.3308472142857143
50000000,421,en,25.237969,"['Touchstone Pictures', 'American Empirical Pictures']",['United States of America'],2004-12-10,34808403,119.0,"['English', 'Íslenska', 'Português', 'Français', '', 'Deutsch', 'Italiano']",Released,The Life Aquatic with Steve Zissou,7.1,775,2004,12,-15191597,0.69616806
50000000,316152,en,21.589393,"['Larger Than Life Productions', 'Vendian Entertainment', 'Route One Films']",['United States of America'],2016-06-24,25035950,139.0,"['English', 'Deutsch']",Released,Free State of Jones,6.6,428,2016,6,-24964050,0.500719
50000000,11615,en,22.442241,"['Mikona Productions GmbH & Co. KG', 'Universal Pictures', 'Intermedia Films', 'Saturn Films', 'Dirty Hands Productions']","['Germany', 'United Kingdom', 'United States of America']",2003-02-21,38955598,130.0,"['English', 'Español']",Released,The Life of David Gale,7.3,480,2003,2,-11044402,0.77911196
50000000,241554,en,74.64653,"['Vertigo Entertainment', 'Energy Entertainment', 'RatPac-Dune Entertainment']",['United States of America'],2015-03-11,71561644,114.0,['English'],Released,Run All Night,6.3,1148,2015,3,21561644,1.43123288
51500000,2252,en,35.481169,"['BBC Films', 'Serendipity Point Films', 'Téléfilm Canada', 'Astral Media', 'Scion Films', 'Focus Features', 'Corus Entertainment', 'Shine Pictures', 'Kudos Film and Television']","['United Kingdom', 'United States of America', 'Canada']",2007-09-14,55112356,100.0,"['English', 'Pусский', 'Türkçe', 'Український', 'اردو']",Released,Eastern Promises,7.2,848,2007,9,3612356,1.0701428349514563
50000000,11968,en,14.723467,"['Columbia Pictures Corporation', 'Mandalay Pictures', 'Metro-Goldwyn-Mayer (MGM)']",['United States of America'],2005-09-30,44434439,110.0,['English'],Released,Into the Blue,5.8,458,2005,9,-5565561,0.88868878
60000000,10047,fr,21.084542,"['Columbia Pictures', 'Gaumont']",['France'],1999-10-18,66976317,148.0,"['English', 'Latin']",Released,The Messenger: The Story of Joan of Arc,6.2,367,1999,10,6976317,1.11627195
49900000,38319,en,21.408222,"['Universal Pictures', 'Stuber Productions']",['United States of America'],2011-04-08,26121638,102.0,['English'],Released,Your Highness,5.2,501,2011,4,-23778362,0.5234797194388777
50000000,69668,en,19.267479,"['Cliffjack Motion Pictures', 'Morgan Creek Productions']","['Canada', 'United States of America']",2011-09-30,38502340,84.0,['English'],Released,Dream House,5.8,391,2011,9,-11497660,0.7700468
50000000,9770,en,3.314004,"['Warner Bros.', 'Arnold Kopelson Productions']",['United States of America'],1997-11-07,10541523,114.0,['English'],Released,Mad City,5.9,81,1997,11,-39458477,0.21083046
50000000,11212,en,21.312186,['Twentieth Century Fox Film Corporation'],['United States of America'],1994-07-01,16671505,99.0,"['English', 'Français', 'Deutsch']",Released,Baby's Day Out,5.8,274,1994,7,-33328495,0.3334301
50000000,10533,en,7.44268,"['Hollywood Pictures', 'Cinergi Pictures Entertainment']",['United States of America'],1995-10-13,10382407,135.0,['English'],Released,The Scarlet Letter,5.5,108,1995,10,-39617593,0.20764814
22000000,38363,en,12.54949,"['River Road Entertainment', 'Participant Media']","['United States of America', 'United Arab Emirates']",2010-05-20,24188922,108.0,['English'],Released,Fair Game,6.5,235,2010,5,2188922,1.0994964545454546
50000000,9923,en,18.394571,"['New Line Cinema', 'Davis-Films', 'Metropolitan Filmexport', 'Scott Free Productions', 'Domino 17521']","['France', 'United Kingdom', 'United States of America']",2005-09-22,22944502,127.0,"['English', 'Polski']",Released,Domino,6.0,444,2005,9,-27055498,0.45889004
50000000,11863,en,8.189406,['Paramount Pictures'],['United States of America'],1995-10-13,9851610,95.0,['English'],Released,Jade,5.2,44,1995,10,-40148390,0.1970322
50000000,18501,en,27.631262,"['Lakeshore Entertainment', 'Lionsgate']",['United States of America'],2009-09-03,40828540,95.0,['English'],Released,Gamer,5.6,760,2009,9,-9171460,0.8165708
60000000,109491,en,40.721373,"['Alcon Entertainment', 'Warner Bros.', 'Belle Pictures', '3 Arts Entertainment']",['United States of America'],2013-02-13,60052138,124.0,['English'],Released,Beautiful Creatures,5.6,984,2013,2,52138,1.0008689666666666
50000000,329833,en,37.253774,"['Scott Rudin Productions', 'Red Hour Films']",['United States of America'],2016-02-06,55969000,100.0,['English'],Released,Zoolander 2,4.7,797,2016,2,5969000,1.11938
50000000,12634,en,6.397388,"['Shangri-La Entertainment', 'Material', 'Taormina Productions']",['United States of America'],2004-01-30,6808550,88.0,['English'],Released,The Big Bounce,5.0,76,2004,1,-43191450,0.136171
50000000,47327,en,30.387148,"['Summit Entertainment', 'Saturn Films', 'Nu Image Films', 'Millennium Films', 'Michael De Luca Productions']",['United States of America'],2011-02-24,28931401,105.0,['English'],Released,Drive Angry,5.3,600,2011,2,-21068599,0.57862802
50000000,15268,en,8.139676,"['Twentieth Century Fox Film Corporation', 'Hyde Park Films']","['Canada', 'India', 'Japan', 'United States of America']",2009-02-27,12764201,97.0,['English'],Released,Street Fighter: The Legend of Chun-Li,3.9,112,2009,2,-37235799,0.25528402
49000000,10796,en,21.746245,"['Columbia Pictures', 'Revolution Studios', 'Hard Eight Pictures', 'Wonder works studios entertainment group']",['United States of America'],2001-11-02,72700000,87.0,['English'],Released,The One,5.7,437,2001,11,23700000,1.4836734693877551
49000000,9548,en,2.808428,"['Twentieth Century Fox Film Corporation', 'Silver Pictures']",['United States of America'],1990-07-11,20423389,104.0,['English'],Released,The Adventures of Ford Fairlane,6.2,71,1990,7,-28576611,0.41680385714285717
50000000,18947,en,31.02233,"['Universal Pictures', 'Studio Canal', 'Working Title Films', 'Medienproduktion Prometheus Filmgesellschaft', 'Portobello Studios', 'Tightrope Pictures']","['Germany', 'United Kingdom', 'France']",2009-04-01,36348784,116.0,['English'],Released,The Boat That Rocked,7.2,666,2009,4,-13651216,0.72697568
48000000,1900,en,25.170217,"['USA Films', 'Initial Entertainment Group (IEG)', 'Bedford Falls Company, The', 'Compulsion Inc.', 'Splendid Medien AG']","['Germany', 'United States of America']",2000-12-27,207515725,147.0,"['Español', 'English']",Released,Traffic,6.9,562,2000,12,159515725,4.323244270833333
48000000,89,en,80.972475,"['Lucasfilm', 'Paramount Pictures']",['United States of America'],1989-05-24,474171806,127.0,"['Deutsch', 'ελληνικά', 'English']",Released,Indiana Jones and the Last Crusade,7.6,3152,1989,5,426171806,9.878579291666666
49000000,198184,en,116.700319,"['Columbia Pictures', 'Media Rights Capital', 'Sony Pictures Entertainment (SPE)', 'Alpha Core', 'Genre Films', 'Simon Kinberg Productions', 'LStar Capital', 'Ollin Studio']","['Mexico', 'South Africa', 'United States of America']",2015-03-04,104399548,120.0,['English'],Released,Chappie,6.6,3062,2015,3,55399548,2.1306030204081634
73000000,9481,en,33.884459,"['Universal Pictures', 'Columbia Pictures Corporation']",['United States of America'],1999-11-04,151493655,118.0,['English'],Released,The Bone Collector,6.5,826,1999,11,78493655,2.0752555479452055
48000000,4547,en,53.043124,"['Hofflund/Polone', 'Indelible Productions']",['United States of America'],2002-03-29,196397415,111.0,['English'],Released,Panic Room,6.5,1267,2002,3,148397415,4.0916128125
75000000,6415,en,34.973086,"['Village Roadshow Pictures', 'Atlas Entertainment', 'Warner Bros.', 'Village-A.M. Partnership', 'Coast Ridge', 'Junger Witt Productions']",['United States of America'],1999-09-27,108000000,114.0,"['English', 'العربية']",Released,Three Kings,6.6,692,1999,9,33000000,1.44
50000000,181283,en,40.371098,"['Summit Entertainment', 'Scott Free Productions', 'Worldview Entertainment']","['United Kingdom', 'United States of America', 'Czech Republic', 'Romania']",2015-03-15,3324330,137.0,['English'],Released,Child 44,6.1,547,2015,3,-46675670,0.0664866
48000000,9896,en,18.60049,"['Paramount Pictures', 'Fireworks Pictures', 'Alphaville Films']","['Canada', 'United States of America']",2001-07-30,85498534,112.0,['English'],Released,Rat Race,6.0,518,2001,7,37498534,1.7812194583333334
48000000,167,en,30.920075,"['Intermedia Films', 'Lawrence Gordon Productions', 'Pathé Pictures International', 'IMF Internationale Medien und Film GmbH & Co. 3. Produktions KG']","['Germany', 'United Kingdom', 'United States of America']",2001-10-22,50315140,120.0,['English'],Released,K-PAX,7.1,695,2001,10,2315140,1.0482320833333334
48000000,1636,en,19.348007,"['Twentieth Century Fox Film Corporation', 'Regency Enterprises', 'KirchMedia']",['United States of America'],2000-10-19,90383208,93.0,"['English', 'Pусский', 'Español']",Released,Bedazzled,5.6,512,2000,10,42383208,1.8829835
58000000,2148,en,8.59075,"['Orion Pictures', 'PSO International', 'Totally Independent']",['United States of America'],1984-12-14,25928721,127.0,"['English', 'Italiano']",Released,The Cotton Club,6.6,68,1984,12,-32071279,0.44704691379310346
55000000,5176,en,48.801089,"['Tree Line Films', 'Lionsgate', 'Relativity Media', 'Yuma']",['United States of America'],2007-09-06,70016220,122.0,['English'],Released,3:10 to Yuma,6.9,1188,2007,9,15016220,1.2730221818181817
48000000,260346,en,88.844777,"['Twentieth Century Fox Film Corporation', 'M6 Films', 'Canal+', 'Grive Productions', 'EuropaCorp', 'Ciné+', 'M6', 'TSG Entertainment', 'Taken 3']","['France', 'United States of America']",2014-12-16,325771424,109.0,['English'],Released,Taken 3,6.1,2200,2014,12,277771424,6.786904666666667
48000000,1389,en,16.000178,"['Universal Pictures', 'Jersey Films']",['United States of America'],1998-06-26,77745568,123.0,['English'],Released,Out of Sight,6.5,333,1998,6,29745568,1.6196993333333334
47000000,9894,en,19.525659,['Columbia Pictures Corporation'],['United States of America'],1996-06-10,102825796,96.0,['English'],Released,The Cable Guy,5.7,594,1996,6,55825796,2.187782893617021
47000000,8592,en,7.859226,['Touchstone Pictures'],['United States of America'],1990-06-15,103738726,103.0,['English'],Released,Dick Tracy,5.9,251,1990,6,56738726,2.2072069361702127
48000000,913,en,18.102572,"['Irish Dreamtime', 'Metro-Goldwyn-Mayer (MGM)']",['United States of America'],1999-08-06,124305181,113.0,['English'],Released,The Thomas Crown Affair,6.6,339,1999,8,76305181,2.5896912708333333
48000000,11091,en,7.226115,['Columbia Pictures'],['United States of America'],2001-10-19,35743308,132.0,['English'],Released,Riding in Cars with Boys,6.5,103,2001,10,-12256692,0.74465225
15000000,1368,en,63.071046,['Orion Pictures'],['United States of America'],1982-10-22,125212904,93.0,['English'],Released,First Blood,7.2,1488,1982,10,110212904,8.347526933333333
47000000,5393,en,10.410933,"['Vanguard Films', 'Lionsgate', 'Odyssey', 'Nitrogen Studios Canada']","['Germany', 'United States of America']",2006-09-14,38085778,75.0,['English'],Released,Happily N'Ever After,4.6,104,2006,9,-8914222,0.8103357021276596
47000000,9095,en,6.067212,"['TriStar Pictures', 'NFH Productions']",['United States of America'],1996-02-23,12379402,104.0,['English'],Released,Mary Reilly,5.7,74,1996,2,-34620598,0.2633915319148936
38000000,8874,en,15.401855,['TriStar Pictures'],['United States of America'],1997-06-19,299288605,105.0,"['English', 'Français', 'Italiano']",Released,My Best Friend's Wedding,6.3,584,1997,6,261288605,7.876015921052631
46000000,320,en,41.322708,"['Section Eight', 'Alcon Entertainment', 'Witt/Thomas Productions']",['United States of America'],2002-05-24,113714830,118.0,['English'],Released,Insomnia,6.8,1148,2002,5,67714830,2.4720615217391306
46000000,199,en,25.6713,"['Paramount Pictures', 'Digital Image Associates']",['United States of America'],1996-11-21,150000000,111.0,['English'],Released,Star Trek: First Contact,7.0,661,1996,11,104000000,3.260869565217391
47000000,20533,en,22.581313,['Warner Bros.'],['United States of America'],2010-06-18,10539000,80.0,['English'],Released,Jonah Hex,4.4,420,2010,6,-36461000,0.2242340425531915
46000000,10684,en,12.971122,['Fox 2000 Pictures'],['United States of America'],1996-07-04,100860818,117.0,['English'],Released,Courage Under Fire,6.2,232,1996,7,54860818,2.1926264782608698
45000000,1624,en,26.721386,"['Imagine Entertainment', 'Universal Pictures']",['United States of America'],1997-03-21,181000000,86.0,['English'],Released,Liar Liar,6.4,1424,1997,3,136000000,4.022222222222222
25000000,325789,en,24.672234,['Good Films'],['United Kingdom'],2016-07-13,15436808,127.0,"['English', 'Español']",Released,The Infiltrator,6.6,573,2016,7,-9563192,0.61747232
46000000,113464,en,0.146783,"['Metro-Goldwyn-Mayer (MGM)', 'Unification Church', 'One Way Productions']","['South Korea', 'United States of America']",1981-05-04,5200000,140.0,['English'],Released,Inchon,6.5,2,1981,5,-40800000,0.11304347826086956
46000000,888,en,28.964162,"['Universal Pictures', 'Amblin Entertainment', 'Hanna-Barbera Productions']",['United States of America'],1994-05-26,341631208,91.0,['English'],Released,The Flintstones,5.0,543,1994,5,295631208,7.426765391304348
45000000,82675,en,49.353524,"['Twentieth Century Fox Film Corporation', 'M6 Films', 'Canal+', 'Grive Productions', 'EuropaCorp', 'Ciné+']",['France'],2012-09-27,376141306,91.0,"['English', 'Türkçe', 'العربية']",Released,Taken 2,6.1,2757,2012,9,331141306,8.358695688888888
48000000,4256,en,36.585509,"['Dimension Films', 'Brad Grey Pictures']",['United States of America'],2003-10-24,220673217,84.0,['English'],Released,Scary Movie 3,5.8,912,2003,10,172673217,4.5973586875
45000000,1493,en,32.624355,"['Village Roadshow Pictures', 'Castle Rock Entertainment', 'NPV Entertainment', 'Fortis Films']",['United States of America'],2000-12-14,212000000,111.0,"['English', 'Español', 'Français', 'Pусский']",Released,Miss Congeniality,6.1,961,2000,12,167000000,4.711111111111111
45000000,88751,en,53.090422,"['New Line Cinema', 'Walden Media']",['United States of America'],2008-07-10,101702060,93.0,"['English', 'Íslenska', 'Italiano']",Released,Journey to the Center of the Earth,5.8,1309,2008,7,56702060,2.2600457777777776
40000000,11130,en,30.002907,['Walt Disney Pictures'],['United States of America'],2004-08-06,95149435,113.0,['English'],Released,The Princess Diaries 2: Royal Engagement,6.0,697,2004,8,55149435,2.378735875
45000000,9944,en,17.923254,['Warner Bros.'],['United States of America'],1993-12-16,195268056,141.0,['English'],Released,The Pelican Brief,6.3,371,1993,12,150268056,4.339290133333333
45000000,10731,en,17.746719,"['Regency Enterprises', 'Alcor Films', 'Warner Bros.']",['United States of America'],1994-07-20,117615211,119.0,['English'],Released,The Client,6.4,278,1994,7,72615211,2.6136713555555557
45000000,7350,en,31.305336,"['Two Ton Films', 'Zadan / Meron Productions', 'Reiner / Greisman Productions']",['United States of America'],2007-12-25,175372502,97.0,['English'],Released,The Bucket List,7.0,1111,2007,12,130372502,3.8971667111111112
45000000,9869,en,19.637704,"['Paramount Pictures', 'Mace Neufeld Productions']",['United States of America'],1992-06-04,178051587,117.0,['English'],Released,Patriot Games,6.3,433,1992,6,133051587,3.9567019333333335
43000000,4379,en,10.411996,"['New Line Cinema', 'Spring Creek Productions', 'BenderSpink', 'Kumar Mobiliengesellschaft mbH & Co. Projekt Nr. 1 KG']","['United States of America', 'Germany']",2005-05-13,154749918,101.0,"['Český', 'English', 'Português']",Released,Monster-in-Law,5.6,406,2005,5,111749918,3.5988353023255812
46000000,146233,en,88.496873,"['Alcon Entertainment', 'Madhouse Entertainment', '8:38 Productions']",['United States of America'],2013-09-18,122126687,153.0,['English'],Released,Prisoners,7.9,3085,2013,9,76126687,2.6549279782608695
45000000,2034,en,52.081131,"['Village Roadshow Pictures', 'NPV Entertainment', 'Warner Bros.', 'Outlaw Productions (I)', 'WV Films II']","['Australia', 'United States of America']",2001-10-05,104876233,122.0,"['English', 'Pусский', 'Español', '한국어/조선말']",Released,Training Day,7.3,1634,2001,10,59876233,2.3305829555555557
45000000,926,en,30.816341,"['DreamWorks SKG', 'Gran Via Productions']",['United States of America'],1999-12-23,90683916,102.0,['English'],Released,Galaxy Quest,6.9,710,1999,12,45683916,2.0151981333333335
45000000,4248,en,35.376971,"['Gold/Miller Productions', 'Wayans Bros. Entertainment', 'Dimension Films', 'Brad Grey Pictures']","['Canada', 'United States of America']",2001-07-04,141220678,83.0,['English'],Released,Scary Movie 2,5.4,982,2001,7,96220678,3.138237288888889
45000000,64328,en,17.047276,['Walt Disney Pictures'],['United States of America'],2011-11-22,165184237,103.0,['English'],Released,The Muppets,6.5,501,2011,11,120184237,3.6707608222222223
45000000,36647,en,43.815492,"['New Line Cinema', 'Amen Ra Films', 'Imaginary Forces', 'Marvel Enterprises']",['United States of America'],1998-08-21,131183530,120.0,"['Pусский', 'English']",Released,Blade,6.5,1905,1998,8,86183530,2.9151895555555556
30000000,7214,en,23.234651,"['Paramount Pictures', 'MTV Films', 'Tollin/Robbins Productions']","['Germany', 'United States of America']",2005-01-14,76669806,136.0,['English'],Released,Coach Carter,7.3,496,2005,1,46669806,2.5556602
45000000,1537,en,17.270539,['Paramount Pictures'],['United States of America'],2002-04-07,94935764,89.0,['English'],Released,Changing Lanes,5.9,299,2002,4,49935764,2.1096836444444445
45000000,9360,en,27.684779,"['Columbia Pictures Corporation', 'Middle Fork Productions', 'Iguana Producciones', 'Skylight Cinema Foto Art', 'St. Tropez Films', 'Cinema Line Film Corporation']","['Brazil', 'Peru', 'United States of America']",1997-04-11,136885767,89.0,['English'],Released,Anaconda,4.7,610,1997,4,91885767,3.041905933333333
45000000,6282,en,26.79781,"['Jerry Bruckheimer Films', 'Touchstone Pictures']",['United States of America'],2000-07-30,113916474,100.0,['English'],Released,Coyote Ugly,5.8,575,2000,7,68916474,2.5314772
40000000,508,en,37.073127,"['Universal Pictures', 'DNA Films', 'StudioCanal', 'Working Title Films']","['United Kingdom', 'United States of America']",2003-09-07,244931766,135.0,"['English', 'Français', 'Português']",Released,Love Actually,7.0,1869,2003,9,204931766,6.12329415
120000000,9487,en,87.350802,"['Walt Disney Pictures', 'Pixar Animation Studios']",['United States of America'],1998-11-25,363258859,95.0,['English'],Released,A Bug's Life,6.8,2303,1998,11,243258859,3.0271571583333334
35000000,768,en,26.134678,"['Twentieth Century Fox Film Corporation', 'Underworld Entertainment']","['Czech Republic', 'United Kingdom']",2001-10-19,74558115,122.0,"['English', 'Magyar', 'Pусский']",Released,From Hell,6.6,741,2001,10,39558115,2.1302318571428573
45000000,2636,en,16.582709,"['Jerry Weintraub Productions', 'Warner Bros.', 'Iguana Producciones']","['Peru', 'United States of America']",1994-10-07,170362582,110.0,['English'],Released,The Specialist,5.5,313,1994,10,125362582,3.7858351555555556
45000000,10478,en,10.731574,"['Regency Enterprises', 'Warner Bros.']",['United States of America'],1996-08-16,53854588,135.0,['English'],Released,Tin Cup,5.9,150,1996,8,8854588,1.1967686222222222
45000000,9981,en,8.99269,['Universal Pictures'],['United States of America'],2005-05-13,56070433,95.0,"['English', 'Italiano']",Released,Kicking & Screaming,5.6,176,2005,5,11070433,1.2460096222222221
50000000,7453,en,51.742065,"['Spyglass Entertainment', 'Everyman Pictures', 'Hammer & Tongs', 'Touchstone Pictures']",['United States of America'],2005-01-15,104478416,109.0,['English'],Released,The Hitchhiker's Guide to the Galaxy,6.6,1315,2005,1,54478416,2.08956832
45000000,7737,en,12.06538,"['Impact Pictures', 'Davis-Films', 'Constantin Film Produktion', 'Resident Evil Productions']","['Australia', 'France', 'Germany', 'United Kingdom', 'United States of America']",2007-09-20,148412065,94.0,['English'],Released,Resident Evil: Extinction,6.1,1292,2007,9,103412065,3.298045888888889
40000000,232672,en,44.120328,"['Happy Madison Productions', 'Karz Entertainment', 'Warner Bros.', 'Gulfstream Pictures']",['United States of America'],2014-05-21,123494610,117.0,['English'],Released,Blended,6.6,1006,2014,5,83494610,3.08736525
45000000,17379,en,6.156015,['Paramount Pictures'],['United States of America'],2006-01-13,38399961,112.0,"['English', 'Français']",Released,Last Holiday,6.4,119,2006,1,-6600039,0.8533324666666666
45000000,82525,en,31.856589,"['Ixtlan', 'Relativity Media', 'Onda Entertainment']",['United States of America'],2012-07-06,82966152,131.0,['English'],Released,Savages,6.2,766,2012,7,37966152,1.8436922666666666
25000000,9759,en,24.459948,['New Line Cinema'],"['Germany', 'United States of America']",2004-09-06,56422687,94.0,['English'],Released,Cellular,6.1,537,2004,9,31422687,2.25690748
40000000,9486,en,28.029015,"['Universal Pictures', 'StudioCanal']","['France', 'United Kingdom']",2003-04-06,160583018,88.0,"['日本語', 'English', 'Français']",Released,Johnny English,6.0,852,2003,4,120583018,4.01457545
50000000,9906,en,20.239061,"['Playtone', 'Warner Bros.', 'Legendary Entertainment', 'DNA Productions']",['United States of America'],2006-07-27,55181129,88.0,['English'],Released,The Ant Bully,5.5,366,2006,7,5181129,1.10362258
40000000,841,en,25.876582,['Dino De Laurentiis Company'],['United States of America'],1984-12-14,30925690,137.0,"['English', 'Italiano']",Released,Dune,6.5,562,1984,12,-9074310,0.77314225
35000000,4148,en,20.360549,"['DreamWorks SKG', 'Scott Rudin Productions', 'BBC Films', 'Neal Street Productions', 'Evamere Entertainment', 'Goldcrest Pictures']","['United Kingdom', 'United States of America']",2008-12-19,75225693,119.0,['English'],Released,Revolutionary Road,6.7,796,2008,12,40225693,2.1493055142857145
55000000,2207,en,32.31022,"[""Donners' Company"", 'Cheyenne Enterprises', 'Alcon Entertainment', 'Nu Image Entertainment GmbH', 'Millennium Films', 'Emmett/Furla Films', 'Equity Pictures Medienfonds GmbH & Co. KG III', '16 Block Productions']","['United States of America', 'Germany']",2006-03-01,65664721,105.0,['English'],Released,16 Blocks,6.2,661,2006,3,10664721,1.1939040181818181
70000000,9381,en,27.568194,"['StudioCanal', 'M6 Films', 'Canal+', 'CinéCinéma', 'Babylon', 'Babylon Films Limited', 'M6', 'MNP Entreprise']","['France', 'United Kingdom']",2008-08-20,72108608,101.0,"['English', 'Pусский']",Released,Babylon A.D.,5.4,676,2008,8,2108608,1.0301229714285713
45000000,20856,en,13.707183,"['Twentieth Century Fox Film Corporation', 'Regency Enterprises', 'Josephson Entertainment', 'New Upstairs Productions', 'Upstairs Canada Productions']","['Canada', 'United States of America']",2009-07-31,57881056,86.0,['English'],Released,Aliens in the Attic,5.3,244,2009,7,12881056,1.286245688888889
35000000,5955,en,12.495436,"['Epsilon Motion Pictures', 'Franchise Pictures', 'Morgan Creek Productions', 'Clyde Is Hungry Films', 'Pledge Productions']",['United States of America'],2001-01-09,29400000,123.0,['English'],Released,The Pledge,6.5,215,2001,1,-5600000,0.84
45000000,9899,en,6.803965,"['Sony Pictures', 'Gaumont Columbia Tristar Films']",['United States of America'],2005-12-25,38058335,134.0,['English'],Released,The Producers,6.1,151,2005,12,-6941665,0.8457407777777778
45000000,9826,en,9.025236,"['Paramount Pictures', 'Village Roadshow Pictures', 'The Ladd Company']","['Australia', 'United States of America']",1996-06-06,17300889,100.0,['English'],Released,The Phantom,4.7,136,1996,6,-27699111,0.3844642
44000000,10858,en,3.770161,"['Hollywood Pictures', 'Cinergi Pictures Entertainment']",['United States of America'],1995-12-22,13681765,192.0,['English'],Released,Nixon,7.1,71,1995,12,-30318235,0.31094920454545455
45000000,11439,en,21.118196,"['Studio Babelsberg', 'Runteam Ltd.', 'R.P. Productions', 'France 2 Cinéma']","['Germany', 'United Kingdom', 'United States of America']",2010-02-12,60222298,128.0,['English'],Released,The Ghost Writer,6.7,670,2010,2,15222298,1.3382732888888889
45000000,9457,en,6.513856,"['Hollywood Pictures', 'Cinergi Pictures Entertainment', 'Calimari Productions']","['Canada', 'United States of America']",1998-01-30,11203026,106.0,"['한국어/조선말', 'English']",Released,Deep Rising,6.0,154,1998,1,-33796974,0.24895613333333333
45000000,12412,en,11.387408,"['Rai Cinema', '40 Acres & A Mule Filmworks', 'Touchstone Pictures', 'On My Own']","['Italy', 'United States of America']",2008-09-15,9323833,160.0,"['Deutsch', 'Italiano', 'English']",Released,Miracle at St. Anna,6.3,90,2008,9,-35676167,0.20719628888888889
45000000,13184,en,14.813057,"['Virtual Studios', 'Initial Entertainment Group', 'Saturn Films', 'International Production Company', 'Blue Star Pictures', 'Living Films', 'Bangkok Dangerous']",['United States of America'],2008-08-21,42487390,99.0,"['ภาษาไทย', 'English']",Released,Bangkok Dangerous,5.0,332,2008,8,-2512610,0.9441642222222222
40000000,2185,en,5.201688,['Touchstone Pictures'],['United States of America'],2002-04-05,8493890,85.0,['English'],Released,Big Trouble,6.3,80,2002,4,-31506110,0.21234725
45000000,6639,en,5.361699,"['New Line Cinema', 'Grosvenor Park Media Ltd.']",['United States of America'],2007-10-04,4607608,139.0,['English'],Released,Love in the Time of Cholera,6.4,81,2007,10,-40392392,0.10239128888888889
45000000,38153,en,3.848893,"['Hollywood Pictures', 'Cinergi Pictures Entertainment']",['United States of America'],1997-01-31,2154540,103.0,"['English', 'Magyar']",Released,Shadow Conspiracy,4.0,11,1997,1,-42845460,0.04787866666666667
45000000,58233,en,35.6585,['Universal Pictures'],"['United Kingdom', 'Hong Kong', 'China']",2011-09-15,160078586,101.0,"['Deutsch', '广州话 / 廣州話', 'English', '普通话', 'Pусский']",Released,Johnny English Reborn,6.0,1007,2011,9,115078586,3.5573019111111113
65000000,116977,en,5.258726,"['Threshold Entertainment', 'Lions Gate Family Entertainment']",['United States of America'],2012-06-15,73706,87.0,['English'],Released,Foodfight!,2.3,28,2012,6,-64926294,0.0011339384615384614
44500000,68734,en,62.01056,"['GK Films', 'Warner Bros.', 'Smokehouse Pictures']",['United States of America'],2012-10-11,232324128,120.0,"['English', 'فارسی']",Released,Argo,7.1,3423,2012,10,187824128,5.220766921348314
44000000,5503,en,54.884297,['Warner Bros.'],['United States of America'],1993-08-06,368875760,130.0,['English'],Released,The Fugitive,7.2,1220,1993,8,324875760,8.38354
40000000,27573,en,33.747825,"['Columbia Pictures', 'Original Film', 'Relativity Media', 'Madhouse Entertainment']",['United States of America'],2010-03-16,136000000,110.0,['English'],Released,The Bounty Hunter,5.5,858,2010,3,96000000,3.4
44000000,819,en,16.245068,"['Propaganda Films', 'Warner Bros.', 'Baltimore Pictures']",['United States of America'],1996-10-18,165615285,147.0,['English'],Released,Sleepers,7.3,715,1996,10,121615285,3.76398375
44000000,1369,en,38.653969,"['TriStar Pictures', 'Carolco Pictures']",['United States of America'],1985-05-21,300400432,96.0,"['English', 'Tiếng Việt']",Released,Rambo: First Blood Part II,6.3,864,1985,5,256400432,6.827282545454546
2600000,10895,en,46.007991,"['RKO Radio Pictures', 'Walt Disney Productions']",['United States of America'],1940-02-23,84300000,88.0,['English'],Released,Pinocchio,6.9,1355,1940,2,81700000,32.42307692307692
44000000,10935,en,5.380124,"['United Artists', 'The Criterion Collection']",['United States of America'],1980-11-19,3484331,219.0,"['English', 'Français', 'Deutsch', 'Polski', 'Pусский']",Released,Heaven's Gate,6.4,55,1980,11,-40515669,0.07918934090909091
50000000,834,en,49.020045,"['Lakeshore Entertainment', 'Screen Gems']",['United States of America'],2006-01-12,111340801,106.0,"['English', 'Français', 'Magyar']",Released,Underworld: Evolution,6.4,1528,2006,1,61340801,2.22681602
40000000,228066,en,24.821138,"['Twentieth Century Fox Film Corporation', 'Davis Entertainment', 'Moving Picture Company (MPC)', 'TSG Entertainment']","['United Kingdom', 'United States of America']",2015-11-10,34227298,109.0,['English'],Released,Victor Frankenstein,5.6,685,2015,11,-5772702,0.85568245
43000000,711,en,19.043286,"['Fountainbridge Films', 'Laurence Mark Productions', 'Columbia Pictures Corporation', 'Finding Forrester Productions']",['United States of America'],2000-12-21,80049764,136.0,['English'],Released,Finding Forrester,7.0,302,2000,12,37049764,1.861622418604651
45000000,10027,en,25.999888,"['Canal Plus', 'Current Entertainment', 'Clubdeal', 'TF1 Films Production', 'EuropaCorp', 'Qian Yian International', 'Danny the Dog Prods Ltd.']","['France', 'United Kingdom', 'United States of America']",2005-02-02,50871113,103.0,"['English', 'Deutsch', 'Español']",Released,Unleashed,6.6,518,2005,2,5871113,1.1304691777777778
43000000,11812,en,18.65632,['Konrad Pictures'],['United States of America'],2002-04-12,68696770,84.0,['English'],Released,The Sweetest Thing,5.3,280,2002,4,25696770,1.5975993023255814
42000000,37233,en,23.736535,"['Paramount Pictures', 'Mirage Enterprises', 'Davis Entertainment']",['United States of America'],1993-06-30,270248367,154.0,['English'],Released,The Firm,6.6,501,1993,6,228248367,6.434484928571429
44000000,37950,en,21.75433,"['Universal Pictures', 'Marc Platt Productions', 'Relativity Media']",['United States of America'],2010-05-01,48190704,99.0,['English'],Released,Charlie St. Cloud,6.8,566,2010,5,4190704,1.0952432727272727
40000000,27582,en,44.094856,"['CBS Films', 'Millennium Films', 'Chartoff-Winkler Productions', 'Scared Productions', 'Nu Image Entertainment GmbH']",['United States of America'],2011-01-13,51070807,93.0,['English'],Released,The Mechanic,6.3,1045,2011,1,11070807,1.276770175
42000000,64688,en,62.714026,"['Columbia Pictures', 'Original Film', 'Stephen J. Cannell Productions', 'Relativity Media', 'Metro-Goldwyn-Mayer (MGM)']",['United States of America'],2012-03-12,201585328,109.0,['English'],Released,21 Jump Street,6.7,4074,2012,3,159585328,4.7996506666666665
42000000,509,en,28.969151,"['Bookshop Productions', 'Notting Hill Pictures', 'Working Title Films', 'Polygram Filmed Entertainment']","['United Kingdom', 'United States of America']",1999-05-13,363889678,124.0,"['English', 'Español']",Released,Notting Hill,7.0,1262,1999,5,321889678,8.664039952380952
45000000,7443,en,31.789029,"['DreamWorks SKG', 'Aardman Animations', 'DreamWorks Animation', 'Pathé']",['United Kingdom'],2000-06-21,224834564,84.0,['English'],Released,Chicken Run,6.5,1150,2000,6,179834564,4.996323644444445
42000000,5966,en,33.238296,"['Jersey Films', 'Loofah Productions']",['United States of America'],2004-01-16,171963386,90.0,['English'],Released,Along Came Polly,5.8,773,2004,1,129963386,4.094366333333333
40000000,11066,en,6.420434,['Paramount Pictures'],['United States of America'],1992-06-30,70100000,117.0,"['Français', 'English']",Released,Boomerang,5.4,134,1992,6,30100000,1.7525
43000000,136795,en,37.654688,"['Ingenious Film Partners', 'Ingenious Media', 'Twentieth Century Fox Film Corporation', 'Chernin Entertainment', 'Big Screen Productions', 'TSG Entertainment']",['United States of America'],2013-06-27,158674180,117.0,"['English', 'Español', 'български език']",Released,The Heat,6.5,1575,2013,6,115674180,3.6900972093023254
31115000,8095,en,13.244365,"['Twentieth Century Fox Film Corporation', 'MCL Films S.A.', 'Walwa Films S.A.']","['United Kingdom', 'United States of America', 'Switzerland']",1963-06-12,71000000,248.0,"['English', 'Português']",Released,Cleopatra,6.7,146,1963,6,39885000,2.2818576249397395
42000000,11560,en,14.046705,"['Twentieth Century Fox Film Corporation', 'Regency Enterprises', 'Monarch Pictures', 'Epsilon Motion Pictures', 'New Regency Pictures', 'Manifest Film Company']",['United States of America'],2002-04-03,63781810,115.0,"['English', 'Español']",Released,High Crimes,6.1,184,2002,4,21781810,1.5186145238095239
32000000,2637,en,14.733513,['Lakeshore Entertainment'],['United States of America'],2002-01-25,55157539,119.0,['English'],Released,The Mothman Prophecies,6.1,305,2002,1,23157539,1.72367309375
32000000,709,en,28.22119,['Eon Productions'],"['United Kingdom', 'United States of America']",1989-07-07,156167015,133.0,"['English', 'Español']",Released,Licence to Kill,5.9,541,1989,7,124167015,4.88021921875
42000000,49730,en,45.151657,"['Appian Way', 'Warner Bros.', 'Random Films']","['Canada', 'United States of America']",2011-03-11,89162162,100.0,['English'],Released,Red Riding Hood,5.6,922,2011,3,47162162,2.122908619047619
60000000,2749,en,15.205371,"['New Line Cinema', 'Industry Entertainment', 'Tribeca Productions', 'New Redemption Pictures']","['Germany', 'United States of America']",2001-03-01,56359980,120.0,"['Český', 'English', 'ελληνικά', 'Pусский']",Released,15 Minutes,5.7,191,2001,3,-3640020,0.939333
48000000,9607,en,14.587367,"['Hollywood Pictures', 'Cinergi Pictures Entertainment', 'Allied Filmmakers', 'Walt Disney', 'Nintendo']","['United Kingdom', 'United States of America']",1993-05-28,20915465,104.0,['English'],Released,Super Mario Bros.,4.0,232,1993,5,-27084535,0.4357388541666667
42000000,1830,en,34.828241,"['Saturn Films', 'Ascendant Pictures', 'Endgame Entertainment', 'Entertainment Manufacturing Company', 'Rising Star', 'Copag V']","['France', 'United States of America', 'Germany']",2005-09-16,24127895,122.0,"['العربية', 'Deutsch', 'English', 'Français', 'Pусский', 'Español', 'Український', 'Türkçe']",Released,Lord of War,7.0,1335,2005,9,-17872105,0.5744736904761905
31000000,79,zh,23.607392,"['Beijing New Picture Film Co. Ltd.', 'China Film Co-Production Corporation']",['China'],2002-12-19,177394432,99.0,['普通话'],Released,Hero,7.2,635,2002,12,146394432,5.722401032258064
40000000,54054,en,19.438503,"['Lakeshore Entertainment', 'Sidney Kimmel Entertainment']",['United States of America'],2012-01-26,36893721,91.0,['English'],Released,One for the Money,5.3,388,2012,1,-3106279,0.922343025
44000000,228967,en,74.168016,"['Columbia Pictures', 'Point Grey Pictures']",['United States of America'],2014-12-25,12342632,112.0,"['한국어/조선말', 'English']",Released,The Interview,6.1,2304,2014,12,-31657368,0.2805143636363636
42000000,46528,en,7.349497,['Boram Entertainment Inc.'],"['New Zealand', 'South Korea']",2010-12-02,11087569,100.0,"['English', 'ภาษาไทย']",Released,The Warrior's Way,6.3,136,2010,12,-30912431,0.26398973809523807
33000000,27936,fr,7.663515,"['France 2 Cinéma', 'France 3 Cinéma', 'Epithète Films', 'France 3 (FR 3)', 'Région Ile-de-France', 'France 2 (FR2)', 'Orange Cinéma Séries', 'Tapioca Films', 'Warner Bros. Entertainment France']",['France'],2009-10-28,14000000,100.0,['Français'],Released,Micmacs,6.8,148,2009,10,-19000000,0.42424242424242425
41000000,65,en,32.798571,"['Imagine Entertainment', 'Mikona Productions GmbH & Co. KG']",['United States of America'],2002-11-08,215000000,110.0,['English'],Released,8 Mile,6.8,1626,2002,11,174000000,5.2439024390243905
65000000,9476,en,36.670399,"['Columbia Pictures Corporation', 'Escape Artists', 'Black and Blu Entertainment', 'Finestkind']",['United States of America'],2001-05-11,117487473,132.0,['English'],Released,A Knight's Tale,6.6,907,2001,5,52487473,1.8074995846153845
40000000,745,en,73.085576,"['Spyglass Entertainment', 'The Kennedy/Marshall Company', 'Hollywood Pictures', 'Barry Mendel Productions']",['United States of America'],1999-08-06,672806292,107.0,"['Latin', 'Español', 'English']",Released,The Sixth Sense,7.7,3147,1999,8,632806292,16.8201573
42000000,49527,en,34.041407,"['Summit Entertainment', 'Di Bonaventura Picture']",['United States of America'],2012-01-13,46221189,102.0,['English'],Released,Man on a Ledge,6.2,925,2012,1,4221189,1.1005045
41000000,73937,en,9.419726,"['Ingenious Media', 'Dune Entertainment', 'Fox 2000 Pictures', 'Deuce Three Productions', 'Sunswept Entertainment', 'Red Hour Films']",['United States of America'],2011-10-13,7448385,100.0,['English'],Released,The Big Year,5.6,248,2011,10,-33551615,0.1816679268292683
8000000,1885,en,28.456572,"['Columbia Pictures Corporation', 'Jerry Weintraub Productions', 'Delphi Films']",['United States of America'],1984-06-22,90815558,126.0,['English'],Released,The Karate Kid,6.9,891,1984,6,82815558,11.35194475
40000000,168672,en,49.664128,"['Columbia Pictures', 'Atlas Entertainment', 'Annapurna Pictures']",['United States of America'],2013-12-12,251171807,138.0,['English'],Released,American Hustle,6.8,2807,2013,12,211171807,6.279295175
40000000,18240,en,36.238968,"['Touchstone Pictures', 'Mandeville Films', 'Kurtzman/Orci']",['United States of America'],2009-06-01,317375031,108.0,['English'],Released,The Proposal,6.7,1804,2009,6,277375031,7.934375775
70000000,10398,en,19.439386,['Paramount Pictures'],"['Canada', 'United States of America']",1999-09-24,177841558,105.0,['English'],Released,Double Jeopardy,6.2,278,1999,9,107841558,2.5405936857142857
40000000,165,en,43.345252,"['Universal Pictures', 'Amblin Entertainment', 'U-Drive Productions']",['United States of America'],1989-11-20,332000000,108.0,['English'],Released,Back to the Future Part II,7.4,3829,1989,11,292000000,8.3
40000000,240832,en,115.241998,"['Universal Pictures', 'TF1 Films Production', 'Canal+', 'EuropaCorp', 'Ciné+']","['France', 'United States of America']",2014-07-14,126546825,89.0,"['普通话', 'English', 'Français', 'Español', '한국어/조선말']",Released,Lucy,6.3,5878,2014,7,86546825,3.163670625
40000000,216015,en,98.755657,"['Focus Features', 'Trigger Street Productions', 'Michael De Luca Productions']",['United States of America'],2015-02-11,571006128,125.0,['English'],Released,Fifty Shades of Grey,5.2,3254,2015,2,531006128,14.2751532
38000000,12279,en,21.998734,['Dimension Films'],['United States of America'],2003-07-25,197011982,84.0,['English'],Released,Spy Kids 3-D: Game Over,4.7,511,2003,7,159011982,5.184525842105264
40000000,1645,en,25.219805,"['Regency Enterprises', 'Warner Bros.']",['United States of America'],1996-07-24,152266007,149.0,['English'],Released,A Time to Kill,7.0,509,1996,7,112266007,3.806650175
40000000,11007,en,26.516624,"['Twentieth Century Fox Film Corporation', 'Robert Simonds Productions']",['United States of America'],2003-12-24,190212113,98.0,['English'],Released,Cheaper by the Dozen,6.0,699,2003,12,150212113,4.755302825
40000000,193756,en,37.084384,"['Universal Pictures', 'Weed Road Pictures', 'Herrick Entertainment', 'Leverage Management', 'Closest to the Hole Productions', 'Emmett/Furla Films', 'Envision Entertainment Corporation', 'Film 44', 'Foresight Unlimited', 'Hollywood Studios International', 'Spikings Entertainment']",['United States of America'],2013-12-24,149295601,121.0,['English'],Released,Lone Survivor,7.4,1526,2013,12,109295601,3.732390025
40000000,11287,en,21.661028,"['Columbia Pictures Corporation', 'Parkway Productions']",['United States of America'],1992-07-01,107458785,128.0,['English'],Released,A League of Their Own,6.7,354,1992,7,67458785,2.686469625
40000000,259693,en,68.794673,"['New Line Cinema', 'Dune Entertainment', 'The Safran Company', 'Evergreen Media Group', 'warner bross Turkey', 'Soho VFX', 'Atomic Monster']","['Canada', 'United States of America']",2016-05-13,320170008,134.0,['English'],Released,The Conjuring 2,7.0,1949,2016,5,280170008,8.0042502
40000000,37799,en,69.27822,"['Columbia Pictures', 'Scott Rudin Productions', 'Relativity Media']",['United States of America'],2010-09-30,224920315,120.0,['English'],Released,The Social Network,7.1,3391,2010,9,184920315,5.623007875
40000000,10184,en,26.253357,"['New Line Cinema', 'Flower Films (II)', 'Internationale Filmproduktion Blackswan']","['Netherlands', 'United States of America', 'Germany']",2009-02-06,177259441,129.0,['English'],Released,He's Just Not That Into You,6.2,959,2009,2,137259441,4.431486025
45000000,4257,en,32.549282,['Dimension Films'],['United States of America'],2006-04-13,178262620,83.0,['English'],Released,Scary Movie 4,5.3,750,2006,4,133262620,3.9613915555555557
40000000,4234,en,24.992057,"['Konrad Pictures', 'Craven-Maddalena Films', 'Dimension Films']",['United States of America'],2000-02-03,161834276,116.0,['English'],Released,Scream 3,5.7,736,2000,2,121834276,4.0458569
40000000,196,en,45.769562,"['Universal Pictures', 'Amblin Entertainment', 'U-Drive Productions']",['United States of America'],1990-05-25,244527583,118.0,['English'],Released,Back to the Future Part III,7.1,2900,1990,5,204527583,6.113189575
40000000,257091,en,36.301202,"['Gary Sanchez Productions', 'Warner Bros.']",['United States of America'],2015-03-26,111811453,100.0,['English'],Released,Get Hard,5.9,944,2015,3,71811453,2.795286325
40000000,6114,en,45.022964,"['American Zoetrope', 'Columbia Pictures Corporation', 'Osiris Films']",['United States of America'],1992-11-13,215862692,128.0,"['Latin', 'Română', 'български език', 'ελληνικά', 'English']",Released,Dracula,7.1,1056,1992,11,175862692,5.3965673
40000000,24803,en,22.853006,"['Columbia Pictures', 'Scott Rudin Productions', 'Easy There Tiger Productions']",['United States of America'],2009-08-06,129540499,123.0,"['English', 'Français']",Released,Julie & Julia,6.6,560,2009,8,89540499,3.238512475
40000000,109410,en,31.884559,['Warner Bros.'],['United States of America'],2013-04-12,95020213,128.0,[],Released,42,6.8,787,2013,4,55020213,2.375505325
40000000,1213,en,31.385257,"['Paramount Pictures', 'Miramax Films', 'Timnick Films', 'Mirage Enterprises']",['United States of America'],1999-12-25,128798265,139.0,"['English', 'Italiano']",Released,The Talented Mr. Ripley,7.0,767,1999,12,88798265,3.219956625
40000000,100042,en,67.767785,"['New Line Cinema', 'Universal Pictures', 'Conundrum Entertainment', 'Red Granite Pictures']",['United States of America'],2014-11-12,169837010,110.0,['English'],Released,Dumb and Dumber To,5.4,1127,2014,11,129837010,4.24592525
40000000,9036,en,24.287306,"['Walt Disney Pictures', 'Spyglass Entertainment', 'Vertigo Entertainment', 'Kennedy/Marshall Company, The', 'Mandeville Films', 'Winking Productions']",['United States of America'],2006-02-17,120455994,120.0,['English'],Released,Eight Below,6.7,542,2006,2,80455994,3.01139985
35000000,257211,en,53.114573,"['Waverly Films', 'Warner Bros.']",['United States of America'],2015-09-24,194564672,121.0,['English'],Released,The Intern,7.1,1881,2015,9,159564672,5.558990628571428
40000000,323675,en,25.136082,"['Universal Pictures', 'Cube Vision', 'Will Packer Productions', 'Reel Chefs Catering']",['United States of America'],2016-01-14,124827316,102.0,['English'],Released,Ride Along 2,6.1,555,2016,1,84827316,3.1206829
40000000,9361,en,37.776566,['Morgan Creek Productions'],['United States of America'],1992-09-25,75505856,112.0,"['English', 'Français']",Released,The Last of the Mohicans,7.1,732,1992,9,35505856,1.8876464
40000000,1677,en,21.743321,"['Universal Pictures', 'Bristol Bay Productions', 'Baldwin Entertainment Group', 'Anvil Films']",['United States of America'],2004-10-29,124731534,152.0,['English'],Released,Ray,7.2,467,2004,10,84731534,3.11828835
40000000,187,en,66.003433,"['Dimension Films', 'Troublemaker Studios', 'Miramax']",['United States of America'],2005-04-01,158733820,124.0,['English'],Released,Sin City,7.2,2691,2005,4,118733820,3.9683455
40000000,7461,en,24.862767,"['Columbia Pictures', 'Original Film', 'Kanzaman', 'Relativity Media', 'Art In Motion']",['United States of America'],2008-02-01,151161491,90.0,"['Español', 'English']",Released,Vantage Point,6.2,716,2008,2,111161491,3.779037275
41000000,16538,en,25.391899,"['The Montecito Picture Company', 'De Line Pictures', 'Bernard Gayle Productions']",['United States of America'],2009-03-20,91636986,105.0,['English'],Released,"I Love You, Man",6.5,515,2009,3,50636986,2.23504843902439
40000000,9889,en,29.854773,['Twentieth Century Fox Film Corporation'],['United States of America'],2001-11-01,141069860,114.0,['English'],Released,Shallow Hal,5.7,731,2001,11,101069860,3.5267465
40000000,820,en,26.82041,"['Camelot Productions', 'Canal Plus Group', 'Ixtlan Productions', 'Warner Bros.']",['United States of America'],1991-12-20,205405498,189.0,"['English', 'Español']",Released,JFK,7.5,502,1991,12,165405498,5.13513745
40000000,11565,en,17.61292,"['Twentieth Century Fox Film Corporation', 'Regency Enterprises', 'Epsilon Motion Pictures', 'Firm Films', 'Deep River Productions', 'New Regency Pictures', 'Ed Friendly Productions', 'Runteldat Entertainment', 'Big Lou House Productions']",['United States of America'],2006-01-26,138259062,99.0,['English'],Released,Big Momma's House 2,5.4,371,2006,1,98259062,3.45647655
57000000,6073,en,21.021809,"['DreamWorks SKG', 'Newmarket Capital Group', 'Lawrence Bender Productions', 'Pistolero Productions LLC']","['Mexico', 'United States of America']",2001-03-01,147845033,123.0,"['English', 'Español']",Released,The Mexican,5.8,441,2001,3,90845033,2.59377250877193
20000000,16996,en,52.571674,"['New Line Cinema', 'Offspring Entertainment']",['United States of America'],2009-03-11,136267476,102.0,['English'],Released,17 Again,6.1,1350,2009,3,116267476,6.8133738
40000000,193610,en,34.519636,"['Twentieth Century Fox Film Corporation', 'LBI Productions']",['United States of America'],2014-04-16,196781193,109.0,['English'],Released,The Other Woman,6.2,1437,2014,4,156781193,4.919529825
40000000,19912,en,32.478077,"['New Line Cinema', 'Practical Pictures', 'Parallel Zide']",['United States of America'],2009-08-26,186167139,82.0,['English'],Released,The Final Destination,5.4,831,2009,8,146167139,4.654178475
40000000,296098,en,48.445978,"['DreamWorks SKG', 'Amblin Entertainment', 'Studio Babelsberg', 'Fox 2000 Pictures', 'Marc Platt Productions', 'Participant Media', 'Reliance Entertainment', 'TSG Entertainment']","['India', 'United States of America', 'Germany']",2015-10-15,165478348,141.0,"['Pусский', 'English', 'Deutsch']",Released,Bridge of Spies,7.2,2583,2015,10,125478348,4.1369587
40000000,8007,en,24.012986,"['Twentieth Century Fox Film Corporation', 'Davis Entertainment']",['United States of America'],2001-11-17,91753202,106.0,"['Český', 'English', 'Español', '']",Released,Behind Enemy Lines,6.0,457,2001,11,51753202,2.29383005
40000000,32823,en,17.869443,"['Universal Pictures', 'Spyglass Entertainment', 'Relativity Media', 'Apatow Productions']",['United States of America'],2010-06-04,90029656,109.0,['English'],Released,Get Him to the Greek,5.9,612,2010,6,50029656,2.2507414
50000000,4380,en,14.231899,['Miramax Films'],['United States of America'],2004-10-15,170128460,107.0,['English'],Released,Shall We Dance?,5.9,297,2004,10,120128460,3.4025692
40000000,11551,en,23.088571,"['Universal Pictures', 'Amblin Entertainment', 'DreamWorks Pictures']",['United States of America'],1998-07-10,54682547,110.0,"['English', 'Français', 'Magyar', 'Español']",Released,Small Soldiers,6.2,511,1998,7,14682547,1.367063675
40000000,10336,en,19.833664,"['New Line Cinema', 'Pull Down Your Pants Pictures', 'Todd McFarlane Entertainment']",['United States of America'],1997-07-31,87840042,96.0,['English'],Released,Spawn,5.0,336,1997,7,47840042,2.19600105
35000000,11362,en,26.595983,"['Spyglass Entertainment', 'World 2000 Entertainment', 'Count of Monte Cristo Ltd.', 'Touchstone Pictures']",['United States of America'],2002-01-23,75395048,131.0,['English'],Released,The Count of Monte Cristo,7.3,453,2002,1,40395048,2.1541442285714285
40000000,50348,en,26.072228,"['Lakeshore Entertainment', 'Sidney Kimmel Entertainment', 'Lionsgate']",['United States of America'],2011-03-17,85412898,119.0,['English'],Released,The Lincoln Lawyer,7.0,902,2011,3,45412898,2.13532245
30000000,48138,en,38.643914,"['Studio Babelsberg', 'StudioCanal', 'Dark Castle Entertainment', 'TF1 Films Production', 'Canal+', 'Panda Productions Inc.', 'Horticus UK']","['France', 'Germany', 'United Kingdom']",2011-02-16,130786397,113.0,"['English', 'Deutsch', 'Türkçe', 'العربية']",Released,Unknown,6.5,1265,2011,2,100786397,4.359546566666666
40000000,1124,en,74.440708,"['Warner Bros.', 'Touchstone Pictures', 'Syncopy']",['United States of America'],2006-10-19,109676311,130.0,['English'],Released,The Prestige,8.0,4391,2006,10,69676311,2.741907775
42000000,227159,en,82.185281,"['New Line Cinema', 'BenderSpink', 'RatPac Entertainment']",['United States of America'],2014-11-26,107670357,108.0,['English'],Released,Horrible Bosses 2,6.1,1536,2014,11,65670357,2.5635799285714285
40000000,68179,en,18.14218,"['Rainmaker Entertainment', 'Mainframe Entertainment', 'Weinstein Company, The']","['Canada', 'United States of America']",2013-02-14,74597643,89.0,['English'],Released,Escape from Planet Earth,5.7,332,2013,2,34597643,1.864941075
40000000,1579,en,41.570047,"['Icon Productions', 'Icon Entertainment International', 'Touchstone Pictures']",['United States of America'],2006-12-07,120175290,139.0,['English'],Released,Apocalypto,7.3,1221,2006,12,80175290,3.00438225
40000000,708,en,23.331459,"['United Artists', 'Eon Productions']","['United Kingdom', 'United States of America']",1987-06-29,191185897,130.0,"['English', 'العربية', 'Français', 'Deutsch', 'Pусский', 'Český', 'Slovenčina']",Released,The Living Daylights,6.2,440,1987,6,151185897,4.779647425
40000000,34851,en,47.649554,"['Twentieth Century Fox Film Corporation', 'Davis Entertainment', 'Dune Entertainment III', 'Troublemaker Studios']",['United States of America'],2010-07-03,126248813,107.0,"['English', 'Español', 'Pусский']",Released,Predators,6.0,1206,2010,7,86248813,3.156220325
40000000,1586,en,32.908414,"['Columbia Pictures Corporation', 'Pariah Entertainment Group', 'Grand Slam Productions', ""Mel's Cite du Cinema""]",['United States of America'],2004-03-12,92913171,96.0,['English'],Released,Secret Window,6.4,972,2004,3,52913171,2.322829275
40000000,2044,en,29.88736,"['Village Roadshow Pictures', 'Vertigo Entertainment', 'Sound for Film', 'Warner Bros.']",['United States of America'],2006-06-16,114830111,99.0,['English'],Released,The Lake House,6.5,670,2006,6,74830111,2.870752775
43000000,9913,en,29.105407,"['Universal Pictures', 'MFPV Film', 'Double Feature Films', 'ShadowCatcher Entertainment', 'Daniel Bobker Productions', 'Brick Dust Productions LLC']","['Germany', 'United States of America']",2005-07-29,91974818,104.0,['English'],Released,The Skeleton Key,6.4,573,2005,7,48974818,2.1389492558139533
40000000,10761,en,19.574774,"['Columbia Pictures', 'Original Film']","['United Kingdom', 'United States of America']",2008-05-02,84601681,101.0,"['English', 'Français', 'Pусский']",Released,Made of Honor,6.0,394,2008,5,44601681,2.115042025
40000000,209451,en,14.199933,['Warner Bros.'],['United States of America'],2014-06-05,67347013,134.0,['English'],Released,Jersey Boys,6.8,255,2014,6,27347013,1.683675325
40000000,11975,en,12.229516,"['Paramount Pictures', 'Constellation Entertainment']",['United States of America'],1997-11-18,45916769,135.0,['English'],Released,The Rainmaker,6.7,235,1997,11,5916769,1.147919225
40000000,4970,en,27.303608,"['Columbia Pictures Corporation', 'Dark Castle Entertainment', 'Warner Bros.']",['United States of America'],2003-11-21,141591324,98.0,['English'],Released,Gothika,5.8,629,2003,11,101591324,3.5397831
36000000,11831,en,3.698276,['DreamWorks SKG'],['United States of America'],1997-12-03,74000000,155.0,"['English', 'Español']",Released,Amistad,6.8,316,1997,12,38000000,2.0555555555555554
40000000,440,en,39.381913,"['Twentieth Century Fox Film Corporation', 'Dune Entertainment', 'Davis Entertainment', 'Brandywine Productions']",['United States of America'],2007-12-25,41797066,94.0,['English'],Released,Aliens vs Predator: Requiem,4.9,740,2007,12,1797066,1.04492665
40000000,11172,en,17.659032,"['Village Roadshow Pictures', 'Castle Rock Entertainment', 'Reserve Room', 'Flower Films (II)']",['United States of America'],2007-02-09,145896422,96.0,['English'],Released,Music and Lyrics,6.2,554,2007,2,105896422,3.64741055
40000000,39513,en,43.151268,"['Universal Pictures', 'Big Talk Productions', 'Relativity Media', 'Working Title Films']","['United States of America', 'United Kingdom']",2011-02-14,97552050,104.0,['English'],Released,Paul,6.5,1789,2011,2,57552050,2.43880125
40000000,82687,en,15.283444,"['Paramount Pictures', 'Skydance Productions']",['United States of America'],2012-12-19,41863726,95.0,['English'],Released,The Guilt Trip,5.4,284,2012,12,1863726,1.04659315
40000000,41446,en,35.21926,['Dimension Films'],['United States of America'],2011-04-11,97138686,111.0,['English'],Released,Scream 4,6.1,902,2011,4,57138686,2.42846715
40000000,8224,en,25.580272,"['Columbia Pictures Corporation', 'Hofflund/Polone', 'Global Entertainment Productions GmbH & Company Medien KG']",['United States of America'],1999-02-26,96618699,123.0,['English'],Released,8MM,6.1,474,1999,2,56618699,2.415467475
38000000,10537,en,10.794175,"['Imagine Entertainment', 'Ixtlan Productions', 'Carolco Pictures', 'Bill Graham Films']",['United States of America'],1991-03-01,34416893,140.0,['English'],Released,The Doors,6.7,275,1991,3,-3583107,0.9057077105263158
40000000,225886,en,72.641296,"['Escape Artists', 'Media Rights Capital', 'Sony Pictures Entertainment (SPE)', 'LStar Capital']",['United States of America'],2014-07-17,126069509,97.0,['English'],Released,Sex Tape,5.3,1695,2014,7,86069509,3.151737725
40000000,10385,en,3.415534,"['Laurence Mark Productions', 'Columbia Pictures Corporation', 'Global Entertainment Productions GmbH & Company Medien KG', 'Nora Ephron Productions']","['Germany', 'United States of America']",2000-02-16,36037909,94.0,['Pусский'],Released,Hanging Up,5.0,40,2000,2,-3962091,0.900947725
47000000,55779,en,38.555482,"['New Line Cinema', 'Practical Pictures', 'Parallel Zide']",['United States of America'],2011-08-12,157887643,92.0,"['English', '广州话 / 廣州話']",Released,Final Destination 5,5.9,866,2011,8,110887643,3.3593115531914894
40000000,10647,en,24.313684,"['Bel Air Entertainment', 'Warner Bros.']",['United States of America'],2000-10-12,55707411,122.0,['English'],Released,Pay It Forward,7.0,432,2000,10,15707411,1.392685275
30000000,11431,en,9.965073,"['Fox 2000 Pictures', 'Wildgaze Films', 'Alan Greenspan Productions', 'Mars Media Beteiligungs', 'Flower Films (II)', 'ELC Productions Ltd.']","['Germany', 'United States of America']",2005-04-06,50451307,103.0,"['English', 'Polski', 'Português']",Released,Fever Pitch,5.9,182,2005,4,20451307,1.6817102333333334
25000000,8850,en,8.178203,['Universal Pictures'],['United States of America'],1994-07-01,48063435,108.0,['English'],Released,The Shadow,5.4,138,1994,7,23063435,1.9225374
40000000,64685,en,31.066874,"['Paramount Pictures', 'Scott Rudin Productions', 'Warner Bros.']",['United States of America'],2011-12-24,55247881,129.0,['English'],Released,Extremely Loud & Incredibly Close,6.9,708,2011,12,15247881,1.381197025
40000000,38357,en,22.491388,"['Bad Robot', 'Goldcrest Pictures']",['United States of America'],2010-01-12,58785180,102.0,"['English', 'Український']",Released,Morning Glory,6.1,412,2010,1,18785180,1.4696295
40000000,10060,en,12.885985,"['Paramount Pictures', 'MTV Films', 'Cent Productions Inc.']",['United States of America'],2005-11-09,46442528,117.0,['English'],Released,Get Rich or Die Tryin',6.3,186,2005,11,6442528,1.1610632
40000000,11398,en,7.832337,"['Amen Ra Films', 'Franchise Pictures', 'Warner Bros.', 'Morgan Creek Productions']","['Canada', 'United States of America']",2000-08-23,30199105,117.0,['English'],Released,The Art of War,5.6,135,2000,8,-9800895,0.754977625
40000000,1833,en,10.433667,"['Columbia Pictures', '1492 Pictures', 'Revolution Studios']",['United States of America'],2005-11-23,31670620,135.0,['English'],Released,Rent,6.7,155,2005,11,-8329380,0.7917655
75000000,8970,en,4.842626,"['Paramount Pictures', 'Cherry Alley Productions']",['United States of America'],1999-04-02,29000000,90.0,['English'],Released,The Out-of-Towners,5.0,45,1999,4,-46000000,0.38666666666666666
40000000,9306,en,13.210898,['New Line Cinema'],['United States of America'],1996-08-23,49627779,96.0,['English'],Released,The Island of Dr. Moreau,4.6,147,1996,8,9627779,1.240694475
40000000,11370,en,3.296933,"['Crystal Sky Worldwide', 'MDP Worldwide', 'ApolloMedia Distribution', 'Carousel Picture Company, The', 'Signature Entertainment', 'Luxembourg Film Fund', ""D'Artagnan Productions Limited"", 'Q&Q Medien GmbH']","['United Kingdom', 'United States of America', 'Germany', 'Luxembourg']",2001-09-07,27053815,104.0,"['English', 'Magyar']",Released,The Musketeer,5.2,56,2001,9,-12946185,0.676345375
40000000,1921,en,19.372805,"['Bel Air Entertainment', 'Warner Bros.']",['United States of America'],2001-02-16,65754228,119.0,['English'],Released,Sweet November,6.4,278,2001,2,25754228,1.6438557
40000000,1683,en,13.445697,"['Village Roadshow Pictures', 'Dark Castle Entertainment', 'Warner Bros.', 'Eyetronics', 'Chime Films']",['United States of America'],2007-04-05,62771059,99.0,"['Español', 'English']",Released,The Reaping,5.4,205,2007,4,22771059,1.569276475
500000,203,en,17.002096,['Scorsese Productions'],['United States of America'],1973-10-02,3000000,110.0,"['English', 'Italiano']",Released,Mean Streets,7.2,345,1973,10,2500000,6.0
40000000,11858,en,4.516953,"['Cinergi Pictures Entertainment', 'Touchstone Pictures']","['Canada', 'United States of America']",1994-06-03,24332324,128.0,"['English', 'Español']",Released,Renaissance Man,5.9,81,1994,6,-15667676,0.6083081
40000000,62835,en,33.785969,"['TF1 Films Production', 'Canal+', 'CinéCinéma', 'Grive Productions', 'EuropaCorp', 'A.J.O.Z. Films']",['France'],2011-07-27,60965854,108.0,"['English', 'Español']",Released,Colombiana,6.5,824,2011,7,20965854,1.52414635
40000000,18937,en,16.059443,['Warner Bros.'],['United States of America'],1998-05-15,38172500,86.0,['English'],Released,Quest for Camelot,6.9,190,1998,5,-1827500,0.9543125
40000000,13536,en,3.476966,"['Warner Bros. Pictures', 'Epsilon Motion Pictures', 'Franchise Pictures', 'Brad Grey Pictures', 'Sea Breeze Productions Inc.']",['United States of America'],2002-09-06,22433915,108.0,['English'],Released,City By The Sea,5.7,92,2002,9,-17566085,0.560847875
40000000,10718,en,7.360793,"['Village Roadshow Pictures', 'Original Film', 'Warner Bros.']","['Australia', 'United States of America']",2004-01-16,46546197,84.0,['English'],Released,Torque,4.7,119,2004,1,6546197,1.163654925
45000000,10802,en,14.513305,"['United Artists', 'Le Studio Canal+', 'Carolco Pictures']","['France', 'United States of America']",1995-09-22,20350754,128.0,['English'],Released,Showgirls,4.9,256,1995,9,-24649246,0.4522389777777778
40000000,1887,en,22.364549,"['American Zoetrope', 'Columbia Pictures Corporation', 'Pricel', 'Tohokushinsha Film', 'Commission du Film France', 'Commission du Film Île-de-France']","['France', 'United States of America', 'Japan']",2006-05-24,60474340,123.0,"['English', 'Français', 'Latin']",Released,Marie Antoinette,6.5,642,2006,5,20474340,1.5118585
63600000,10461,en,4.494788,"['Franchise Pictures', 'Warner Bros.', 'Morgan Creek Productions', 'The Canton Company']",['United States of America'],2000-10-06,19412993,102.0,['English'],Released,Get Carter,4.8,145,2000,10,-44187007,0.3052357389937107
42000000,80278,en,47.559928,"['Summit Entertainment', 'Telecinco Cinema', 'Apaches Entertainment', 'Canal+ España', 'Instituto de la Cinematografía y de las Artes Audiovisuales (ICAA)', 'Institut Valenciã de Cinematografia (IVAC)', 'Mediaset España', 'La Trini', 'Generalitat Valenciana']","['United States of America', 'Spain']",2012-09-09,180274123,113.0,"['English', 'Español', 'svenska', 'ภาษาไทย']",Released,The Impossible,7.0,2025,2012,9,138274123,4.292241023809524
55000000,12704,en,2.410546,['Columbia Pictures'],['United States of America'],1987-05-15,14375181,107.0,['English'],Released,Ishtar,4.2,28,1987,5,-40624819,0.26136692727272726
40000000,10315,en,41.258956,"['Twentieth Century Fox Film Corporation', 'Regency Enterprises', 'Indian Paintbrush', 'American Empirical Pictures']",['United States of America'],2009-10-23,46471023,87.0,['English'],Released,Fantastic Mr. Fox,7.5,1176,2009,10,6471023,1.161775575
40000000,16643,en,8.980846,"['Regency Enterprises', 'Epsilon Motion Pictures', 'Davis Entertainment', 'New Regency Pictures', 'Monarchy Enterprises S.a.r.l.', 'Atchity Entertainment International (AEI)']","['Canada', 'United States of America']",2002-04-26,16872671,103.0,['English'],Released,Life or Something Like It,5.7,124,2002,4,-23127329,0.421816775
40000000,2687,en,7.222985,"['Regency Enterprises', 'Alcor Films', 'Canal+', 'Warner Bros.', 'Cornelius Productions']","['France', 'United States of America']",1992-02-28,14358033,99.0,['English'],Released,Memoirs of an Invisible Man,5.7,125,1992,2,-25641967,0.358950825
10000000,194,fr,73.720244,"['France 3 Cinéma', 'Claudie Ossard Productions', 'MMC Independent', 'Canal+', 'Tapioca Films', 'Sofica Sofinergie 5', 'Victoires Productions', 'Filmstiftung Nordrhein-Westfalen', 'Union Générale Cinématographique (UGC)']","['France', 'Germany']",2001-04-25,173921954,122.0,"['Français', 'Pусский']",Released,Amélie,7.8,3310,2001,4,163921954,17.3921954
60000000,8849,en,15.219263,"['Paramount Pictures', 'Patalex Productions']","['United Kingdom', 'United States of America']",2004-10-22,13395939,103.0,['English'],Released,Alfie,5.6,248,2004,10,-46604061,0.22326565
40000000,78698,en,8.303696,"['Universal Pictures', 'Anonymous Content', 'Working Title Films']","['United Kingdom', 'United States of America']",2012-02-02,24719215,107.0,['English'],Released,Big Miracle,6.6,152,2012,2,-15280785,0.617980375
38000000,30943,en,4.746085,"['Columbia Pictures Corporation', 'Mandalay Entertainment']",['United States of America'],1999-03-12,28121100,106.0,['English'],Released,The Deep End of the Ocean,5.9,54,1999,3,-9878900,0.7400289473684211
40000000,9544,en,6.756886,"['Milagro Films', 'Franchise Pictures', 'DoRo Fiction Film', 'Signature Pictures', 'ApolloMedia Distribution', 'Carousel Picture Company, The', 'Luxembourg Film Fund', 'Filmyard Underwaterdeco']","['Germany', 'Luxembourg', 'United Kingdom', 'United States of America']",2002-08-09,18902015,101.0,"['English', 'Pусский']",Released,FearDotCom,3.2,105,2002,8,-21097985,0.472550375
40000000,24418,en,16.424807,['Universal Pictures'],['United States of America'],2009-10-23,28169671,109.0,['English'],Released,Cirque du Freak: The Vampire's Assistant,5.5,348,2009,10,-11830329,0.704241775
40000000,7288,en,15.590001,"['Miramax Films', 'Flower Films']","['Germany', 'United States of America']",2003-09-26,19322135,89.0,['English'],Released,Duplex,5.9,482,2003,9,-20677865,0.483053375
45000000,10366,en,14.566664,"['TriStar Pictures', 'Baumgarten-Prophet Entertainment']",['United States of America'],1999-08-05,10667893,82.0,['English'],Released,Universal Soldier: The Return,4.2,135,1999,8,-34332107,0.2370642888888889
33000000,19898,en,28.353517,"['Impact Pictures', 'Constantin Film Produktion']","['Germany', 'United Kingdom']",2009-09-08,20645327,108.0,"['English', 'Tiếng Việt', 'Deutsch']",Released,Pandorum,6.5,774,2009,9,-12354673,0.6256159696969696
40000000,15074,en,2.911819,"['Paramount Pictures', 'Extreme Productions', 'ApolloMedia Distribution']",['United States of America'],2002-11-27,10959475,93.0,['English'],Released,Extreme Ops,5.0,28,2002,11,-29040525,0.273986875
50000000,1272,en,51.502884,"['DNA Films', 'Ingenious Film Partners', 'UK Film Council', 'Moving Picture Company (MPC)']","['United Kingdom', 'United States of America']",2007-04-05,32017803,107.0,['English'],Released,Sunshine,7.0,1182,2007,4,-17982197,0.64035606
40000000,72358,en,13.119133,"['Paramount Pictures', 'DreamWorks SKG', 'Saturn Films', 'Varsity Pictures']",['United States of America'],2012-03-07,22044277,91.0,['English'],Released,A Thousand Words,6.0,373,2012,3,-17955723,0.551106925
40000000,266396,en,26.935458,"['StudioCanal', 'Silver Pictures', 'TF1 Films Production', 'Canal+', 'Instituto de la Cinematografía y de las Artes Audiovisuales (ICAA)', 'Nostromo Pictures', 'Anton Capital Entertainment (ACE)', 'Institut Català de les Empreses Culturals (ICEC)', 'Prone Gunman', 'Amazon Prime Instant Video', 'Prone Gunman A.I.E.']","['France', 'Spain', 'United Kingdom', 'United States of America']",2015-02-16,13644292,115.0,"['Español', 'English']",Released,The Gunman,5.5,392,2015,2,-26355708,0.3411073
40000000,9978,en,16.282962,"['Isle of Man Film', 'Weinstein Company, The', 'Samuelson Productions']","['Germany', 'United Kingdom', 'United States of America']",2006-07-21,23937870,93.0,['English'],Released,Stormbreaker,5.1,213,2006,7,-16062130,0.59844675
20000000,8271,en,31.690456,"['Paramount Pictures', 'DreamWorks SKG', 'Cold Spring Pictures', 'Montecito Picture Company, The']",['United States of America'],2007-04-12,117760134,105.0,"['English', 'Español']",Released,Disturbia,6.6,1006,2007,4,97760134,5.8880067
20000000,10428,en,17.842246,"['United Artists', 'Suftley']",['United States of America'],1995-09-14,7563728,107.0,"['English', 'Italiano', '日本語', 'Pусский']",Released,Hackers,6.2,398,1995,9,-12436272,0.3781864
39200000,110415,ko,64.238688,"['CJ Entertainment', 'Opus Pictures', 'Stillking Films', 'SnowPiercer', 'Moho Film']","['South Korea', 'France', 'Czech Republic', 'United States of America']",2013-08-01,86758912,126.0,"['English', 'Français', '日本語', '한국어/조선말']",Released,Snowpiercer,6.7,2854,2013,8,47558912,2.2132375510204083
15000000,9495,en,44.690107,"['Miramax Films', 'Crowvision Inc.', 'Entertainment Media Investment Corporation', 'Jeff Most Productions', 'Edward R. Pressman Film']",['United States of America'],1994-05-11,94000000,102.0,['English'],Released,The Crow,7.3,953,1994,5,79000000,6.266666666666667
40000000,256040,te,16.254032,['Arka Media Works'],['India'],2015-07-10,100000000,159.0,"['', 'తెలుగు', 'हिन्दी', 'தமிழ்']",Released,Baahubali: The Beginning,7.5,135,2015,7,60000000,2.5
39000000,24420,en,37.492928,"['New Line Cinema', 'Plan B Entertainment', 'Nick Wechsler Productions', 'Internationale Scarena Filmproduktionsgesellschaft 2']",['United States of America'],2009-08-14,101229792,107.0,['English'],Released,The Time Traveler's Wife,6.7,798,2009,8,62229792,2.595635692307692
39000000,62214,en,27.908783,['Tim Burton Productions'],['United States of America'],2012-10-04,35287788,87.0,['English'],Released,Frankenweenie,6.6,932,2012,10,-3712212,0.9048150769230769
39000000,16320,en,45.388937,"['Universal Pictures', 'Barry Mendel Productions']",['United States of America'],2005-08-25,38869464,119.0,"['English', '普通话']",Released,Serenity,7.4,1264,2005,8,-130536,0.9966529230769231
39000000,8842,en,2.817364,"['Paramount Pictures', 'Cort/Madden Productions', 'ATR Films', 'MMP Erste Filmproduktions', 'Moviemakers Productions (MMP)']","['Germany', 'United States of America']",2004-02-20,6614280,106.0,['English'],Released,Against the Ropes,4.5,32,2004,2,-32385720,0.1695969230769231
39000000,9531,en,22.164202,"['Warner Bros.', 'Dovemead Films', 'Cantharus Productions']","['United Kingdom', 'United States of America']",1983-06-17,75850624,125.0,"['English', 'Italiano', 'Español', 'ภาษาไทย']",Released,Superman III,5.3,490,1983,6,36850624,1.9448877948717949
40000000,64807,en,21.362949,"['Gerber Pictures', 'Warner Bros.']",['United States of America'],2013-12-25,44907260,113.0,['English'],Released,Grudge Match,6.0,433,2013,12,4907260,1.1226815
80341000,12289,zh,14.8375,"['Metropolitan Filmexport', 'Lion Rock Productions', 'Showbox']",['China'],2008-07-10,127814609,150.0,"['普通话', 'ภาษาไทย']",Released,Red Cliff,7.1,205,2008,7,47473609,1.590901395302523
30000000,11529,en,18.256028,['Touchstone Pictures'],['United States of America'],2002-09-26,180622424,108.0,['English'],Released,Sweet Home Alabama,6.0,394,2002,9,150622424,6.020747466666666
38000000,20943,en,22.332927,"['Lakeshore Entertainment', 'Relativity Media']",['United States of America'],2009-07-24,205298907,96.0,['English'],Released,The Ugly Truth,6.4,972,2009,7,167298907,5.402602815789474
38000000,9488,en,24.085144,['Dimension Films'],['United States of America'],2002-08-07,119723358,100.0,['English'],Released,Spy Kids 2: The Island of Lost Dreams,5.3,521,2002,8,81723358,3.1506146842105265
38000000,193,en,14.779041,['Paramount Pictures'],['United States of America'],1994-11-17,120000000,118.0,['English'],Released,Star Trek: Generations,6.4,452,1994,11,82000000,3.1578947368421053
3860000,44865,zh,19.947265,"['The Weinstein Company', 'Block 2 Pictures', 'Wild Bunch', 'Annapurna Pictures', 'Jet Tone Films', 'Sil-Metropole Organisation Ltd.']","['China', 'Hong Kong']",2013-01-08,64076736,130.0,"['广州话 / 廣州話', '日本語', '普通话']",Released,The Grandmaster,6.3,273,2013,1,60216736,16.60019067357513
38000000,55787,en,16.801218,"['Ingenious Media', 'Dune Entertainment', 'Fox 2000 Pictures', 'Flashpoint Entertainment', 'Big Screen Productions']",['United States of America'],2011-03-15,114156230,120.0,"['English', 'Polski']",Released,Water for Elephants,6.7,850,2011,3,76156230,3.0041113157894737
50000000,10400,en,20.825781,"['Universal Pictures', 'Beacon Communications', 'Azoff Entertainment']",['United States of America'],1999-09-17,73956241,146.0,['English'],Released,The Hurricane,7.2,396,1999,9,23956241,1.47912482
38000000,1957,en,11.500783,['Winkler Films'],['United States of America'],2002-05-24,51801187,114.0,['English'],Released,Enough,6.2,264,2002,5,13801187,1.3631891315789473
38000000,256961,en,41.258487,"['Columbia Pictures', 'Happy Madison Productions', 'Sony Pictures Releasing', 'Sony Pictures Entertainment (SPE)', 'LStar Capital', 'Hey Eddie']",['United States of America'],2015-04-16,107597242,94.0,['English'],Released,Paul Blart: Mall Cop 2,5.0,567,2015,4,69597242,2.8315063684210524
53000000,5852,en,6.454634,"['Epsilon Motion Pictures', 'Morgan Creek Productions', 'The Canton Company', 'AE Two Film Productions', 'Angel Eyes Productions']",['United States of America'],2001-05-15,29700000,102.0,['English'],Released,Angel Eyes,5.6,88,2001,5,-23300000,0.560377358490566
38000000,622,en,30.359164,"['Bac Films', 'Kino Vision', 'Orly Films', 'R.P. Productions', 'Vía Digital', 'Artisan Entertainment', 'Origen Producciones Cinematograficas S.A.', 'TF1 Films Production', 'Canal+', 'Canal+ España']","['France', 'Portugal', 'Spain']",1999-08-24,58401898,133.0,"['English', 'Français', 'Latin', 'Polski', 'Português', 'Español']",Released,The Ninth Gate,6.3,756,1999,8,20401898,1.536892052631579
38000000,11306,en,3.426555,"['Columbia Pictures', 'Castle Rock Entertainment', 'Simian Films']",['United States of America'],1996-09-27,17380126,118.0,['English'],Released,Extreme Measures,5.7,80,1996,9,-20619874,0.45737173684210525
57000000,12508,en,11.60815,"['Bel Air Entertainment', 'Warner Bros.', 'Robert Lawrence Productions', 'Metal Productions Inc.', 'Maysville Pictures']",['United States of America'],2001-09-04,16991902,105.0,['English'],Released,Rock Star,6.0,190,2001,9,-40008098,0.2981035438596491
10000000,25793,en,18.664624,['Smokewood Entertainment Group'],['United States of America'],2009-11-06,47536959,110.0,"['English', 'Italiano']",Released,Precious,6.9,417,2009,11,37536959,4.7536959
38000000,10534,en,10.047579,"['Hollywood Pictures', 'Largo Entertainment', 'Scott Free Productions']",['United States of America'],1996-02-02,10300000,129.0,"['Dansk', 'English', 'Français', 'Deutsch']",Released,White Squall,6.3,86,1996,2,-27700000,0.2710526315789474
15000000,1091,en,52.731379,"['Universal Pictures', 'Turman-Foster Company']",['United States of America'],1982-06-25,19629760,109.0,"['English', 'Norsk']",Released,The Thing,7.8,1588,1982,6,4629760,1.3086506666666666
38000000,87421,en,46.630062,"['One Race Productions', 'Radar Pictures', 'Riddick Canada Productions']",['United States of America'],2013-09-02,98337295,119.0,['English'],Released,Riddick,6.2,2035,2013,9,60337295,2.587823552631579
37000000,10871,en,4.131546,"['Paramount Pictures', 'Pacific Western', 'Rysher Entertainment']",['United States of America'],1997-10-31,6482195,118.0,['English'],Released,Switchback,5.8,52,1997,10,-30517805,0.17519445945945947
55000000,13600,en,23.465539,"['Playtone', 'Walden Media']",['United States of America'],2008-10-07,17869048,90.0,['English'],Released,City of Ember,6.2,605,2008,10,-37130952,0.3248917818181818
32000000,68722,en,25.682509,"['Ghoulardi Film Company', 'The Weinstein Company', 'Annapurna Pictures']",['United States of America'],2012-09-07,28258060,137.0,['English'],Released,The Master,7.0,701,2012,9,-3741940,0.883064375
38000000,14324,en,6.760922,"['Ingenious Film Partners', 'Dino de Laurentiis Cinematografica', 'Dino De Laurentiis Company', 'Zephyr Films', 'Red Lion Sarl', 'Carthago Films S.a.r.l.']","['Luxembourg', 'Italy', 'France', 'United Kingdom']",2007-12-17,5410749,93.0,"['English', 'Pусский']",Released,Virgin Territory,4.3,75,2007,12,-32589251,0.14238813157894736
40000000,14325,en,3.87823,"['Davis Entertainment', 'Relativity Media', 'IDEA Filmproduktions']","['Germany', 'United States of America']",2008-10-10,9793496,130.0,['English'],Released,The Express,7.1,71,2008,10,-30206504,0.2448374
38000000,299687,en,57.889964,"['Columbia Pictures', 'GK Films', 'Material Pictures', 'LStar Capital']",['United States of America'],2016-01-14,109906372,112.0,['English'],Released,The 5th Wave,5.6,1945,2016,1,71906372,2.892272947368421
37000000,312221,en,57.773583,"['New Line Cinema', 'Warner Bros.', 'Metro-Goldwyn-Mayer (MGM)', 'Chartoff Winkler Productions']",['United States of America'],2015-11-25,173567581,133.0,['English'],Released,Creed,7.3,1915,2015,11,136567581,4.691015702702702
37000000,23168,en,24.218358,"['Legendary Pictures', 'GK Films', 'Thunder Road Pictures', 'Warner Bros.']",['United States of America'],2010-09-15,154026136,125.0,['English'],Released,The Town,7.0,1468,2010,9,117026136,4.162868540540541
40000000,76494,en,27.009723,"['Alcon Entertainment', 'Lionsgate', 'Phoenix Pictures', 'What to Expect Productions']",['United States of America'],2012-05-17,79700000,110.0,['English'],Released,What to Expect When You're Expecting,5.8,594,2012,5,39700000,1.9925
37000000,4944,en,31.941347,"['Mike Zoss Productions', 'Studio Canal', 'Relativity Media', 'Focus Features', 'Working Title Films']","['United States of America', 'United Kingdom', 'France']",2008-09-05,163720069,96.0,['English'],Released,Burn After Reading,6.5,1222,2008,9,126720069,4.42486672972973
37000000,10488,en,14.353279,['Walden Media'],['United States of America'],2008-04-03,100076342,96.0,['English'],Released,Nim's Island,5.6,330,2008,4,63076342,2.704766
38000000,96721,en,33.003828,"['Revolution Films', 'Working Title Films', 'Cross Creek Pictures', 'Exclusive Media Group', 'Double Negative']","['Germany', 'United Kingdom']",2013-09-02,90247624,123.0,"['English', 'Deutsch', 'Italiano', 'Français']",Released,Rush,7.7,2277,2013,9,52247624,2.3749374736842106
37000000,334,en,30.993736,"['New Line Cinema', 'Ghoulardi Film Company', 'The Magnolia Project']",['United States of America'],1999-12-08,48451803,188.0,"['English', 'Français', 'Deutsch']",Released,Magnolia,7.5,825,1999,12,11451803,1.309508189189189
30000000,23742,en,25.825771,['Warner Bros.'],['United States of America'],2010-02-26,55583804,107.0,"['English', 'Español']",Released,Cop Out,5.3,511,2010,2,25583804,1.8527934666666668
38000000,259694,en,46.078371,"['New Line Cinema', 'Flower Films', 'Metro-Goldwyn-Mayer Pictures']",['United States of America'],2016-01-21,112343513,110.0,['English'],Released,How to Be Single,5.9,1201,2016,1,74343513,2.956408236842105
37000000,62837,en,6.63839,"['Alcon Entertainment', 'Arc Productions']",['United States of America'],2011-09-23,95404397,113.0,['English'],Released,Dolphin Tale,6.7,163,2011,9,58404397,2.578497216216216
37000000,8966,en,127.084938,"['Summit Entertainment', 'Maverick Films', 'Imprint Entertainment', 'Goldcrest Pictures', 'Temple Hill Entertainment', 'Twilight Productions']",['United States of America'],2008-11-20,392616625,122.0,['English'],Released,Twilight,5.8,3561,2008,11,355616625,10.611260135135135
36000000,8470,en,27.465433,"['New Line Cinema', 'Burg/Koules Productions', 'Evolution Entertainment']",['United States of America'],2002-02-15,102244770,116.0,"['English', 'Español']",Released,John Q,7.0,594,2002,2,66244770,2.8401325
65000000,11001,en,16.865782,['Columbia Pictures'],"['Germany', 'United States of America']",1999-09-17,117758500,93.0,['English'],Released,Blue Streak,6.1,352,1999,9,52758500,1.8116692307692308
37000000,138832,en,100.348805,"['New Line Cinema', 'BenderSpink', 'Heyday Films', 'Newman/Tooley Films', 'Vincent Newman Entertainment', 'Slap Happy Productions (II)']",['United States of America'],2013-08-07,269994119,110.0,['English'],Released,We're the Millers,6.8,2972,2013,8,232994119,7.297138351351351
36500000,16911,ru,2.785832,"['Art Pictures Studio', 'Non-Stop Productions', 'Telekanal STS', 'Premiere Stealth Rights']",['Russia'],2008-12-18,21834845,115.0,['Pусский'],Released,The Inhabited Island,5.3,23,2008,12,-14665155,0.5982149315068493
36000000,2163,en,9.176339,"['Paramount Pictures', 'Dino De Laurentiis Company', 'Spelling Films']",['United States of America'],1997-05-02,50159144,95.0,['English'],Released,Breakdown,6.6,198,1997,5,14159144,1.3933095555555555
36000000,36670,en,23.380757,"['PSO International', 'TaliaFilm II Productions', 'Woodcote']","['Germany', 'United Kingdom', 'United States of America']",1983-10-07,160000000,134.0,"['English', 'Français', 'العربية', 'Español']",Released,Never Say Never Again,5.8,338,1983,10,124000000,4.444444444444445
36000000,23048,en,33.926473,"['United Artists', 'Metro-Goldwyn-Mayer (MGM)', 'New Crime Productions']",['United States of America'],2010-03-26,64572262,101.0,"['Pусский', 'English']",Released,Hot Tub Time Machine,6.0,894,2010,3,28572262,1.7936739444444445
36000000,227735,en,6.967857,"['Alcon Entertainment', 'Color Force', 'Boxing Cat Films', 'St. Petersburg Clearwater Film Commission']",['United States of America'],2014-09-12,52424533,107.0,['English'],Released,Dolphin Tale 2,6.7,96,2014,9,16424533,1.4562370277777779
42000000,2155,en,11.470135,"['Dimension Films', 'Marty Katz Productions']",['United States of America'],2000-02-25,32168970,124.0,['English'],Released,Reindeer Games,5.4,173,2000,2,-9831030,0.7659278571428572
36000000,8409,en,19.854932,"['New Line Cinema', 'Newman/Tooley Films', 'Joseph Nittolo Entertainment', '""DIA"" Productions GmbH & Co. KG']","['Germany', 'United States of America']",2003-04-04,44350926,109.0,"['English', 'Español']",Released,A Man Apart,5.8,258,2003,4,8350926,1.2319701666666667
37000000,222936,en,29.652536,"['Scott Rudin Productions', 'Vinyl Films']",['United States of America'],2015-05-27,26250020,105.0,"['Pусский', 'English']",Released,Aloha,5.2,692,2015,5,-10749980,0.70946
37000000,48171,en,11.492474,"['New Line Cinema', 'Contrafilm', 'Mid Atlantic Films', 'Hungarian National Film Office', 'Lazio Film Commission', 'Rome Film Commission', 'Italian Tax Credit']","['United States of America', 'Hungary', 'Italy']",2011-01-28,96047633,114.0,"['English', 'Italiano', 'Magyar', 'Pусский', 'Latin', 'Cymraeg']",Released,The Rite,5.8,556,2011,1,59047633,2.595881972972973
36000000,782,en,70.398356,"['Columbia Pictures', 'Jersey Films']",['United States of America'],1997-09-07,12532777,106.0,"['English', 'Esperanto']",Released,Gattaca,7.5,1808,1997,9,-23467223,0.34813269444444445
36000000,75531,de,1.068453,"['Universal Pictures', 'Mutual Film Company', 'Toho Company', 'British Broadcasting Corporation (BBC)', 'Marubeni', 'Tele München Fernseh Produktionsgesellschaft (TMG)', 'Lobell/Bergman Productions']",['United States of America'],2000-01-28,3003296,95.0,['English'],Released,Isn't She Great,4.6,14,2000,1,-32996704,0.0834248888888889
37000000,11802,en,6.293217,"['Starz Media', 'Starz Animation', 'Odyssey Entertainment', 'Studiopolis', 'Vanguard Animation']",['United States of America'],2008-07-17,63800345,81.0,['English'],Released,Space Chimps,5.2,99,2008,7,26800345,1.7243336486486487
35000000,18785,en,82.21166,"['Legendary Pictures', 'Green Hat Films', 'Warner Bros.', 'IFP Westcoast Erste']","['Germany', 'United States of America']",2009-06-05,459270619,100.0,['English'],Released,The Hangover,7.2,6173,2009,6,424270619,13.122017685714285
36000000,365222,cn,19.167377,['Mandarin Films Distribution Co.'],['Hong Kong'],2015-12-19,156844753,105.0,"['广州话 / 廣州話', 'English', '普通话', 'ภาษาไทย']",Released,Ip Man 3,6.5,379,2015,12,120844753,4.356798694444445
33000000,817,en,18.316151,"['New Line Cinema', ""Eric's Boy""]",['United States of America'],1999-06-08,310940086,95.0,"['Deutsch', 'English']",Released,Austin Powers: The Spy Who Shagged Me,6.2,1011,1999,6,277940086,9.422426848484848
35000000,268,en,44.104469,"['PolyGram Filmed Entertainment', 'The Guber-Peters Company', 'Warner Bros.']","['United Kingdom', 'United States of America']",1989-06-23,411348924,126.0,"['English', 'Français']",Released,Batman,7.0,2096,1989,6,376348924,11.7528264
35000000,943,en,36.172182,"['Silver Pictures', 'Warner Bros.']",['United States of America'],1992-05-15,321731527,118.0,['English'],Released,Lethal Weapon 3,6.4,811,1992,5,286731527,9.192329342857143
29000000,22881,en,25.767395,"['Alcon Entertainment', 'Left Tackle Pictures', 'Zucker/Netter Productions']",['United States of America'],2009-11-20,309208309,129.0,['English'],Released,The Blind Side,7.2,1597,2009,11,280208309,10.66235548275862
35000000,10054,en,21.543389,"['Dimension Films', 'Troublemaker Studios', 'Miramax']",['United States of America'],2001-03-18,147934180,88.0,"['Español', 'English']",Released,Spy Kids,5.5,867,2001,3,112934180,4.226690857142857
35000000,51540,en,50.309843,"['New Line Cinema', 'Rat Entertainment']",['United States of America'],2011-07-08,117000000,98.0,['English'],Released,Horrible Bosses,6.5,2277,2011,7,82000000,3.342857142857143
38000000,44264,en,49.292384,"['Paramount Pictures', 'Scott Rudin Productions', 'Mike Zoss Productions', 'Skydance Productions']",['United States of America'],2010-12-22,252276927,110.0,['English'],Released,True Grit,7.2,1668,2010,12,214276927,6.6388665
35000000,350,en,83.893257,"['Twentieth Century Fox Film Corporation', 'Dune Entertainment', 'Major Studio Partners', 'Peninsula Films', 'Fox 2000 Pictures']",['United States of America'],2006-06-30,326551094,109.0,"['English', 'Français']",Released,The Devil Wears Prada,7.0,3088,2006,6,291551094,9.330031257142856
35000000,152,en,24.616634,['Paramount Pictures'],['United States of America'],1979-12-06,139000000,132.0,['English'],Released,Star Trek: The Motion Picture,6.2,530,1979,12,104000000,3.9714285714285715
35000000,109431,en,34.005726,"['Stuber Productions', 'Aggregate Films', 'DumbDumb']",['United States of America'],2013-02-07,173965010,111.0,['English'],Released,Identity Thief,5.6,1645,2013,2,138965010,4.970428857142857
35000000,1598,en,27.714043,"['Universal Pictures', 'Amblin Entertainment', 'Cappa Productions', 'Tribeca Productions']",['United States of America'],1991-11-15,182300000,128.0,['English'],Released,Cape Fear,7.0,675,1991,11,147300000,5.208571428571428
35000000,8065,en,45.149948,"['Columbia Pictures', 'Relativity Media']",['United States of America'],2008-03-27,69823199,123.0,['English'],Released,21,6.5,1375,2008,3,34823199,1.994948542857143
35000000,271718,en,72.774941,"['Universal Pictures', 'Fuji Television Network', 'Dentsu', 'Apatow Productions']",['United States of America'],2015-07-17,140795793,125.0,['English'],Released,Trainwreck,5.9,1181,2015,7,105795793,4.022736942857143
35000000,11638,en,3.74263,"['Columbia Pictures', 'Regency Enterprises', '3 Arts Entertainment', 'Tall Trees Productions']",['United States of America'],2005-03-25,68915888,105.0,"['Français', 'English', 'Polski', 'Português']",Released,Guess Who,5.5,225,2005,3,33915888,1.9690253714285715
27000000,409,en,29.381878,"['Miramax Films', 'Tiger Moth Productions']","['United Kingdom', 'United States of America']",1996-11-14,231976425,162.0,"['Deutsch', 'Italiano', 'العربية', 'English']",Released,The English Patient,7.0,542,1996,11,204976425,8.591719444444445
35000000,2118,en,24.860326,"['Regency Enterprises', 'Wolper Organization', 'Warner Bros.']",['United States of America'],1997-09-19,126216940,138.0,['English'],Released,L.A. Confidential,7.7,1310,1997,9,91216940,3.6061982857142856
35000000,11459,en,11.041659,"['Walt Disney Pictures', 'Gunn Films', 'Max Stronghold Productions Inc.']",['United States of America'],2005-07-29,86369815,100.0,['English'],Released,Sky High,5.8,550,2005,7,51369815,2.467709
35000000,9348,en,23.607071,['Metro-Goldwyn-Mayer (MGM)'],['United States of America'],1995-07-07,113374103,108.0,['English'],Released,Species,5.5,453,1995,7,78374103,3.2392600857142857
1800000,377,en,38.204158,"['New Line Cinema', 'Smart Egg Pictures']",['United States of America'],1984-11-14,25504513,91.0,['English'],Released,A Nightmare on Elm Street,7.2,1180,1984,11,23704513,14.169173888888889
33000000,8843,en,25.413955,"['New Line Cinema', 'Avery Pix', 'Radical Media', 'Katira Productions GmbH & Co. KG', 'Caro-McLeod']","['Germany', 'United States of America']",2000-08-17,104155843,107.0,['English'],Released,The Cell,6.0,436,2000,8,71155843,3.1562376666666667
35000000,39486,en,9.525037,"['Walt Disney Pictures', 'Fast Track Productions', 'Mayhem Pictures']",['United States of America'],2010-08-20,60251371,123.0,['English'],Released,Secretariat,6.8,103,2010,8,25251371,1.7214677428571428
34000000,1273,en,18.39217,"['The Weinstein Company', 'Imagi Animation Studios', 'Warner Bros.', 'Mirage Studios', 'Imagi Production']",['United States of America'],2007-03-23,95608995,90.0,['English'],Released,TMNT,6.0,345,2007,3,61608995,2.8120292647058824
32000000,13920,en,9.254647,"['Revolution Studios', 'Tollin/Robbins Productions']",['United States of America'],2003-10-24,52277485,109.0,['English'],Released,Radio,6.8,141,2003,10,20277485,1.63367140625
35000000,50544,en,40.526587,"['Castle Rock Entertainment', 'Screen Gems', 'Olive Bridge Entertainment']",['United States of America'],2011-07-21,150483765,109.0,['English'],Released,Friends with Benefits,6.5,2237,2011,7,115483765,4.299536142857143
35000000,325133,en,50.179171,"['Universal Pictures', 'Perfect World Pictures', 'Point Grey Pictures', 'Good Universe']",['United States of America'],2016-05-04,108758521,91.0,['English'],Released,Neighbors 2: Sorority Rising,5.6,1462,2016,5,73758521,3.1073863142857143
35000000,140823,en,31.957947,"['Walt Disney Pictures', 'BBC Films', 'Ruby Films', 'Essential Media & Entertainment', 'Hopscotch Features']","['Australia', 'United Kingdom', 'United States of America']",2013-11-16,112544580,125.0,['English'],Released,Saving Mr. Banks,7.3,1226,2013,11,77544580,3.2155594285714284
34000000,1883,en,19.822791,"['JVC Entertainment', '40 Acres & A Mule Filmworks', 'Warner Bros.']",['United States of America'],1992-11-18,48169908,202.0,"['العربية', 'English']",Released,Malcolm X,7.2,370,1992,11,14169908,1.416762
35000000,89492,en,38.429648,['Apatow Productions'],['United States of America'],2012-12-20,88058786,134.0,['English'],Released,This Is 40,5.6,896,2012,12,53058786,2.5159653142857143
35000000,22949,en,13.707843,"['Walt Disney Pictures', 'Tapestry Films']",['United States of America'],2009-11-24,92219310,88.0,"['English', 'Український']",Released,Old Dogs,5.2,210,2009,11,57219310,2.6348374285714287
35000000,12437,en,51.927471,"['Lakeshore Entertainment', 'Screen Gems', 'Sketch Films', 'UW3 Film Productions']",['United States of America'],2009-01-22,91353501,92.0,['English'],Released,Underworld: Rise of the Lycans,6.2,1428,2009,1,56353501,2.6101000285714284
35000000,2959,en,14.503568,"['Village Roadshow Pictures', 'Robert Simonds Productions', 'Warner Bros.', 'Phoenix Pictures', 'Underground', 'Proposal Productions']","['Australia', 'United States of America']",2007-07-04,69307224,91.0,['English'],Released,License to Wed,5.2,253,2007,7,34307224,1.9802064
30000000,11648,en,11.120167,"['Team Todd', 'Warner Bros.', 'Ubu Productions']",['United States of America'],2005-07-21,58405313,98.0,"['English', '']",Released,Must Love Dogs,5.8,140,2005,7,28405313,1.9468437666666667
35000000,9366,en,40.370442,"['TriStar Pictures', 'Mark Johnson Productions', 'Phoenix Pictures', 'Baltimore Pictures']",['United States of America'],1997-02-27,41954997,127.0,"['日本語', 'English', 'Italiano']",Released,Donnie Brasco,7.4,1147,1997,2,6954997,1.1987142
33000000,1576,en,40.715623,"['Impact Pictures', 'Davis-Films', 'New Legacy', 'Constantin Film Produktion']","['France', 'Germany', 'United Kingdom', 'United States of America']",2002-03-15,102984862,100.0,['English'],Released,Resident Evil,6.4,2065,2002,3,69984862,3.120753393939394
10700000,609,en,36.230204,"['SLM Production Group', 'Metro-Goldwyn-Mayer (MGM)']",['United States of America'],1982-06-04,122200000,114.0,['English'],Released,Poltergeist,7.0,794,1982,6,111500000,11.42056074766355
35000000,13051,en,25.903237,"['Dune Entertainment', 'Firm Films', 'Collision Entertainment', 'Abandon Entertainment', 'Foxtor Productions', 'Depth Entertainment']","['United States of America', 'Canada']",2008-10-15,85416905,100.0,"['English', 'Pусский', 'Español']",Released,Max Payne,5.2,613,2008,10,50416905,2.440483
40000000,49530,en,60.231382,"['Regency Enterprises', 'Strike Entertainment', 'New Regency Pictures']",['United States of America'],2011-10-27,173930596,109.0,['English'],Released,In Time,6.7,3417,2011,10,133930596,4.3482649
35000000,34806,en,18.38292,"['Escape Artists', 'CBS Films']",['United States of America'],2010-04-23,77477008,106.0,['English'],Released,The Back-Up Plan,5.7,458,2010,4,42477008,2.2136288
35000000,49022,en,14.029012,"['Alcon Entertainment', 'Wild Ocean Films', '2S Films']",['United States of America'],2011-05-05,59901913,112.0,['English'],Released,Something Borrowed,5.9,296,2011,5,24901913,1.7114832285714285
35000000,23479,en,6.889633,['Paramount Pictures'],['United States of America'],1976-04-07,35323292,102.0,"['English', 'Español']",Released,The Bad News Bears,6.9,97,1976,4,323292,1.0092369142857143
35000000,11667,en,19.286099,"['Universal Pictures', 'Capcom']","['Japan', 'United States of America']",1994-12-22,99423521,102.0,"['English', '日本語']",Released,Street Fighter,4.1,325,1994,12,64423521,2.8406720285714284
35000000,423,en,50.587541,"['Bac Films', 'Canal+Polska', 'Heritage Films', 'Studio Babelsberg', 'Agencja Produkcji Filmowej', 'Beverly Detroit', 'FilmFernsehFonds Bayern', 'Filmboard Berlin-Brandenburg (FBB)', 'Mainstream S.A.', 'R.P. Productions', 'StudioCanal', 'Filmförderungsanstalt (FFA)', 'Canal+', 'Interscope Communications', 'Telewizja Polska (TVP)', 'Runteam']","['France', 'Germany', 'Poland', 'United Kingdom']",2002-09-24,120072577,150.0,"['English', 'Deutsch', 'Pусский']",Released,The Pianist,8.0,1864,2002,9,85072577,3.4306450571428573
40000000,10066,en,17.157738,"['Village Roadshow Pictures', 'Dark Castle Entertainment', 'Warner Bros.']",['United States of America'],2005-04-30,68766121,113.0,"['English', 'Pусский']",Released,House of Wax,5.5,677,2005,4,28766121,1.719153025
27000000,2288,en,22.636908,['Columbia Pictures'],['United States of America'],2004-12-01,115505027,104.0,['English'],Released,Closer,6.7,811,2004,12,88505027,4.277963962962963
35000000,88794,en,28.069419,"['Imagine Entertainment', 'Malpaso Productions', 'Wintergreen Productions']",['United States of America'],2011-11-09,84606030,137.0,['English'],Released,J. Edgar,6.0,741,2011,11,49606030,2.417315142857143
35000000,13515,en,19.774543,"['Regency Enterprises', 'Castel Film Romania', 'ASAF', 'New Regency Pictures', 'Luna Pictures']","['Romania', 'United States of America']",2008-08-15,72436439,110.0,['English'],Released,Mirrors,6.0,485,2008,8,37436439,2.069612542857143
35000000,11979,en,11.644243,"['Village Roadshow Pictures', 'NPV Entertainment', 'Warner Bros.', 'WV Films LLC', 'Material']","['Australia', 'United States of America']",2002-02-10,45479110,101.0,['English'],Released,Queen of the Damned,5.4,239,2002,2,10479110,1.2994031428571429
35000000,169,en,27.934978,"['Twentieth Century Fox Film Corporation', 'Lawrence Gordon Productions', 'Davis Entertainment', 'Silver Pictures']",['United States of America'],1990-11-20,57120318,108.0,['English'],Released,Predator 2,5.9,730,1990,11,22120318,1.6320090857142857
35000000,8090,en,12.677505,"['Lakeshore Entertainment', 'Cohen/Pearl Productions', 'Screen Gems']",['United States of America'],2008-01-22,32483410,101.0,['English'],Released,Untraceable,5.9,238,2008,1,-2516590,0.9280974285714285
35000000,11622,en,8.737058,"['New Line Cinema', 'Forge', 'Midnight Sun Pictures']",['United States of America'],1999-02-12,40263020,112.0,"['Latin', 'English', 'Français', 'Deutsch']",Released,Blast from the Past,6.3,245,1999,2,5263020,1.150372
35000000,3604,en,12.343507,"['Dino De Laurentiis Company', 'Starling Films']",['United States of America'],1980-09-01,27107960,111.0,['English'],Released,Flash Gordon,6.1,233,1980,9,-7892040,0.7745131428571429
35000000,9541,en,14.699342,"['Miramax Films', 'Beverly Detroit', 'View Askew Productions', 'Close Call Films']",['United States of America'],2004-03-25,36098382,102.0,['English'],Released,Jersey Girl,5.8,325,2004,3,1098382,1.031382342857143
45000000,94348,en,14.513243,['Summit Entertainment'],['United States of America'],2012-10-18,30353232,101.0,"['English', 'Deutsch']",Released,Alex Cross,5.1,300,2012,10,-14646768,0.6745162666666666
35000000,8197,en,5.525544,"['Warner Bros.', 'Malpaso Company']",['United States of America'],1997-11-21,25105255,155.0,['English'],Released,Midnight in the Garden of Good and Evil,6.3,157,1997,11,-9894745,0.717293
8900000,336004,en,15.079993,"['Emmett/Furla Films', 'Silver Plane Films', 'Mass Hysteria Entertainment', 'Tri Vision Pictures']",['United States of America'],2015-11-13,4100000,93.0,['English'],Released,Heist,5.6,318,2015,11,-4800000,0.4606741573033708
35000000,35019,en,23.835055,"['Universal Pictures', 'Three Strange Angels', 'Studio Canal', 'Relativity Media', 'Working Title Films']","['United States of America', 'United Kingdom', 'France']",2010-03-26,93246388,109.0,['English'],Released,Nanny McPhee and the Big Bang,6.0,436,2010,3,58246388,2.6641825142857143
30000000,8836,en,25.454549,"['Twentieth Century Fox Film Corporation', 'Ten Thirteen Productions', 'Dune Entertainment III', 'Crying Box Productions']","['Canada', 'United States of America']",2008-07-24,68369434,104.0,['English'],Released,The X Files: I Want to Believe,5.5,523,2008,7,38369434,2.278981133333333
31000000,14442,en,22.71592,"['World 2000 Entertainment', 'Enchanted Productions']","['Ireland', 'United Kingdom']",2004-04-09,27388767,96.0,['English'],Released,Ella Enchanted,5.9,437,2004,4,-3611233,0.8835086129032258
35000000,321741,en,35.120736,"['Columbia Pictures', 'Village Roadshow Pictures', 'Scott Free Productions', 'LStar Capital', 'The Cantillon Company', 'The Shuman Company']","['Australia', 'United States of America', 'United Kingdom']",2015-11-12,50363790,123.0,['English'],Released,Concussion,7.0,823,2015,11,15363790,1.4389654285714286
35000000,59965,en,19.893646,"['Lions Gate Films', 'Vertigo Entertainment', 'Gotham Group', 'Tailor Made', 'Mango Farms', 'Quick Six Entertainment']",['United States of America'],2011-09-22,82087155,106.0,['English'],Released,Abduction,5.6,961,2011,9,47087155,2.345347285714286
35000000,14175,en,14.051852,"['Vanguard Films', 'Scanbox']",['United Kingdom'],2005-03-25,19478106,76.0,['English'],Released,Valiant,5.2,235,2005,3,-15521894,0.5565173142857143
35000000,11918,en,19.088655,['Dimension Films'],['United States of America'],2008-03-27,25871834,85.0,['English'],Released,Superhero Movie,4.9,379,2008,3,-9128166,0.7391952571428572
56000000,98357,en,29.490057,"['Regency Enterprises', 'Inferno International', '1984 Private Defense Contractors', 'Closest to the Hole Productions', 'New Regency Pictures', 'Emmett/Furla Films', 'Envision Entertainment Corporation', 'Black Bear Pictures', 'Leverage Communications']",['United States of America'],2013-01-18,19701164,109.0,['English'],Released,Broken City,5.7,593,2013,1,-36298836,0.3518065
35000000,10012,en,11.195593,"['Craven-Maddalena Films', 'Outerbanks Entertainment', 'Dimension Films', 'Kalis Productions GmbH & Co. Zweite KG']","['Germany', 'United States of America']",2005-02-25,19294901,97.0,['English'],Released,Cursed,5.1,167,2005,2,-15705099,0.5512828857142857
35000000,49526,en,17.709888,['Pariah Entertainment Group'],['United States of America'],2012-08-24,31083599,91.0,"['普通话', 'English']",Released,Premium Rush,6.2,832,2012,8,-3916401,0.8881028285714285
35000000,268920,en,18.262017,"['New Line Cinema', 'Warner Bros.', 'Metro-Goldwyn-Mayer (MGM)', 'Pacific Standard']",['United States of America'],2015-05-08,51680201,87.0,"['Español', 'English']",Released,Hot Pursuit,5.4,647,2015,5,16680201,1.4765771714285714
35000000,9093,en,10.10364,"['Paramount Pictures', 'Miramax Films', 'Marty Katz Productions', 'Jaffilms Inc.', 'Dune Films', 'Belhaven Limited']","['United Kingdom', 'United States of America']",2002-09-08,29882645,132.0,['English'],Released,The Four Feathers,6.5,159,2002,9,-5117355,0.8537898571428572
35000000,119283,en,28.670477,['SND'],['United States of America'],2013-01-23,46216641,118.0,['English'],Released,Parker,5.7,1455,2013,1,11216641,1.3204754571428572
31000000,11823,en,16.736734,['Universal Pictures'],"['France', 'United Kingdom']",2004-09-13,41512007,98.0,['English'],Released,Wimbledon,6.0,293,2004,9,10512007,1.339097
35000000,35169,en,13.668633,"['Summit Entertainment', 'Robert Simonds Productions', 'Participant Media', 'Imagenation Abu Dhabi FZ', 'Furry Vengeance Productions']","['United Arab Emirates', 'United States of America']",2010-04-02,39340177,92.0,['English'],Released,Furry Vengeance,4.6,149,2010,4,4340177,1.124005057142857
27000000,849,en,9.904881,"['Columbia Pictures Corporation', 'Barclays Mercantile Industrial Finance']","['Spain', 'United Kingdom', 'Italy', 'United States of America']",1983-07-29,16519460,117.0,['English'],Released,Krull,5.8,129,1983,7,-10480540,0.6118318518518518
35000000,4515,en,9.789027,"['Cruise/Wagner Productions', 'United Artists', 'Wildwood Enterprises', 'Andell Entertainment', 'Metro-Goldwyn-Mayer (MGM)', 'Brat Na Pont Productions']",['United States of America'],2007-10-22,63215872,92.0,['English'],Released,Lions for Lambs,6.0,216,2007,10,28215872,1.8061677714285713
35000000,6575,en,10.73522,"['Columbia Pictures Corporation', 'Apatow Productions']",['United States of America'],2007-12-21,18317151,96.0,['English'],Released,Walk Hard: The Dewey Cox Story,6.6,212,2007,12,-16682849,0.5233471714285715
35000000,13496,en,6.727949,['Morgan Creek Productions'],['United States of America'],2001-08-17,13678913,94.0,['English'],Released,American Outlaws,5.7,55,2001,8,-21321087,0.39082608571428573
35000000,18320,en,16.343317,['GK Films'],"['United Kingdom', 'United States of America']",2009-03-04,27409889,105.0,"['English', 'Magyar']",Released,The Young Victoria,7.0,322,2009,3,-7590111,0.7831396857142857
40000000,22787,en,14.818718,"['StudioCanal', 'Dark Castle Entertainment', 'Don Carmody Productions', 'Warner Bros.', 'Canadian Film or Video Production Tax Credit (CPTC)', 'Ontario Media Development Corporation (OMDC)', 'Manitoba Film and Video Production Tax Credit', 'McMurdo (Canada) Productions']","['Canada', 'France', 'United States of America']",2009-09-09,12206028,101.0,"['English', 'Pусский']",Released,Whiteout,5.3,220,2009,9,-27793972,0.3051507
32000000,8967,en,43.862456,"['Fox Searchlight Pictures', 'Plan B Entertainment', 'River Road Entertainment']",['United States of America'],2011-05-18,54674226,139.0,['English'],Released,The Tree of Life,6.5,987,2011,5,22674226,1.7085695625
35000000,144336,en,27.903999,"['Open Road Films', 'QED International', 'Albert S. Ruddy Productions', 'Crave Films', 'Roth Films']",['United States of America'],2014-03-28,17508518,110.0,['English'],Released,Sabotage,5.5,555,2014,3,-17491482,0.5002433714285714
35000000,9616,en,3.746806,"['Twentieth Century Fox Film Corporation', 'N1 European Film Produktions GmbH & Co. KG', 'Baumgarten Merims Productions']","['Germany', 'United States of America']",2003-09-05,11560806,102.0,['English'],Released,The Order,4.8,91,2003,9,-23439194,0.33030874285714285
20500000,13056,en,17.112498,"['Lionsgate', 'MHF Zweite Academy Film', 'Marvel Knights', 'Valhalla Motion Pictures', 'SGF Entertainment', 'Muse Entertainment']","['Canada', 'Germany', 'United States of America']",2008-12-05,10089373,102.0,"['Pусский', 'English']",Released,Punisher: War Zone,5.6,294,2008,12,-10410627,0.49216453658536585
35000000,14113,en,10.304172,"['Columbia Pictures', 'Revolution Studios']",['United States of America'],2006-08-11,12506188,83.0,['English'],Released,Zoom,4.9,135,2006,8,-22493812,0.35731965714285713
35000000,285783,en,37.335721,"['TriStar Pictures', 'Sony Pictures Entertainment', 'ImageMovers']",['United States of America'],2015-09-30,61181942,123.0,"['Français', 'English']",Released,The Walk,6.9,1121,2015,9,26181942,1.7480554857142858
35000000,9726,en,16.782471,"['Fox 2000 Pictures', 'Scott Free Productions']",['United States of America'],2006-09-09,42064105,118.0,"['English', 'Français', 'Pусский']",Released,A Good Year,6.5,357,2006,9,7064105,1.2018315714285714
35000000,20763,en,3.503408,"['Columbia Pictures', 'Stonebridge Entertainment', 'Donner/Shuler-Donner Productions']",['United States of America'],1992-02-21,4651977,114.0,['English'],Released,Radio Flyer,6.6,53,1992,2,-30348023,0.13291362857142858
35000000,9280,en,9.07278,"['Epsilon Motion Pictures', 'Quinta Communications']","['Switzerland', 'France']",2002-11-06,16838910,114.0,"['English', 'Français', 'Español']",Released,Femme Fatale,6.2,142,2002,11,-18161090,0.4811117142857143
35000000,11876,en,2.877488,"['France 2 Cinéma', 'Hachette Première', 'Canal+']",['France'],1995-09-20,15000000,135.0,"['Français', 'Italiano']",Released,The Horseman on the Roof,6.7,25,1995,9,-20000000,0.42857142857142855
38000000,22267,en,5.516207,"['Universal Pictures', 'Good Machine']",['United States of America'],1999-11-24,635096,138.0,['English'],Released,Ride with the Devil,6.6,49,1999,11,-37364904,0.016713052631578948
35000000,1969,es,20.27704,"['Ultra Films', 'TF1 Films Production', 'Canal+', 'TPS Star', 'EuropaCorp', 'A.J.O.Z. Films']","['United States of America', 'France', 'Mexico']",2006-01-18,10496317,93.0,"['English', 'Español']",Released,Bandidas,5.8,307,2006,1,-24503683,0.2998947714285714
34000000,198663,en,131.815575,"['Ingenious Media', 'Twentieth Century Fox Film Corporation', 'Gotham Group', 'Dayday Films', 'Temple Hill Entertainment', 'TSG Entertainment']",['United States of America'],2014-09-10,348319861,113.0,['English'],Released,The Maze Runner,7.0,5371,2014,9,314319861,10.244701794117647
35000000,239573,en,16.832312,"['Studio Babelsberg', 'Regency Enterprises', 'Escape Artists', 'New Regency Pictures']",['United States of America'],2015-03-05,14431253,91.0,['English'],Released,Unfinished Business,5.0,320,2015,3,-20568747,0.4123215142857143
34000000,10436,en,9.133747,['Columbia Pictures'],['United States of America'],1993-09-17,32255440,139.0,"['English', 'Italiano']",Released,The Age of Innocence,7.0,169,1993,9,-1744560,0.9486894117647059
35000000,1381,en,24.606012,"['Regency Enterprises', 'Warner Bros.', 'Muse Entertainment Enterprises', 'Protozoa Pictures', 'New Regency Pictures']",['United States of America'],2006-09-06,15304890,96.0,['English'],Released,The Fountain,6.8,827,2006,9,-19695110,0.4372825714285714
70000000,2162,en,3.276912,"['Warner Bros.', 'Morgan Creek Productions']",['United States of America'],1999-09-01,11263966,101.0,['English'],Released,Chill Factor,5.3,29,1999,9,-58736034,0.1609138
35000000,127493,en,16.830184,"['Saturn Films', 'Nu Image Films', 'Millennium Films']",['United States of America'],2012-05-17,2106557,96.0,"['svenska', 'English']",Released,Stolen,5.1,344,2012,5,-32893443,0.060187342857142855
41677699,12429,ja,39.58676,"['Studio Ghibli', 'The Yomiuri Shimbun', 'Hakuhodo DY Media Partners', 'Mitsubishi', 'Lawson', 'Walt Disney Company', 'Taikei Office', 'Asahi Soft Drinks Company']",['Japan'],2008-07-19,187479518,100.0,['日本語'],Released,Ponyo,7.5,926,2008,7,145801819,4.498317385515933
34000000,228205,en,41.946523,"['Fox 2000 Pictures', 'Temple Hill Entertainment']",['United States of America'],2015-04-09,63013281,128.0,['English'],Released,The Longest Ride,7.3,1064,2015,4,29013281,1.853331794117647
75000000,2900,en,20.697556,"['New Line Cinema', 'Mad Chance']",['United States of America'],1999-08-26,19598588,109.0,['English'],Released,The Astronaut's Wife,5.4,254,1999,8,-55401412,0.26131450666666667
35000000,192136,en,15.50957,"['Distant Horizons', 'Film Afrika Worldwide', 'Videovision Entertainment', 'Pathe', 'Origin Pictures']","['United Kingdom', 'South Africa']",2013-12-06,27330000,141.0,"['English', 'Afrikaans', '']",Released,Mandela: Long Walk to Freedom,6.5,224,2013,12,-7670000,0.7808571428571428
32000000,18254,en,4.602185,"['Barclays Mercantile Industrial Finance', 'JRS Productions']",['United States of America'],1981-12-25,40382659,195.0,"['Deutsch', 'suomi', 'Français', 'Pусский', 'English']",Released,Reds,7.1,67,1981,12,8382659,1.26195809375
40000000,881,en,40.379966,['David Brown Productions'],['United States of America'],1992-12-11,243240178,138.0,['English'],Released,A Few Good Men,7.1,877,1992,12,203240178,6.08100445
50000000,10877,en,12.601306,"['Village Roadshow Pictures', 'NPV Entertainment', 'Warner Bros.']","['Canada', 'United States of America']",2001-03-13,79958599,101.0,['Italiano'],Released,Exit Wounds,5.3,110,2001,3,29958599,1.59917198
30000000,9600,en,24.389194,"['Twentieth Century Fox Film Corporation', 'Regency Enterprises']","['Germany', 'United States of America']",2000-05-31,173959438,98.0,['English'],Released,Big Momma's House,5.6,506,2000,5,143959438,5.798647933333333
30000000,71469,en,23.328823,"['Summit Entertainment', 'Regency Enterprises', 'Bazelevs Production', 'The Jacobson Company', 'New Regency Pictures']","['United States of America', 'Russia']",2011-12-22,64626786,89.0,['English'],Released,The Darkest Hour,4.8,469,2011,12,34626786,2.1542262
33000000,85446,en,29.775441,['Summit Entertainment'],['United States of America'],2012-07-26,140470746,99.0,['English'],Released,Step Up Revolution,6.7,663,2012,7,107470746,4.2566892727272725
33000000,326,en,19.642328,['New Line Cinema'],['United States of America'],2006-08-06,62022014,105.0,"['English', 'ภาษาไทย']",Released,Snakes on a Plane,5.1,497,2006,8,29022014,1.8794549696969698
33000000,7220,en,35.099611,"['Lions Gate Films', 'VIP 3 Medienfonds', 'Valhalla Motion Pictures', 'Marvel Enterprises', 'VIP 2 Medienfonds']","['Germany', 'United States of America']",2004-04-15,54700105,124.0,['English'],Released,The Punisher,6.1,766,2004,4,21700105,1.6575789393939393
30000000,9763,en,16.541791,"['Touchstone Pictures', 'Milkshake Films', 'Hargitay & Hargitay Pictures in Motion']","['United Kingdom', 'United States of America']",2005-06-06,27610873,118.0,"['English', 'Español']",Released,Goal!: The Dream Begins,6.6,238,2005,6,-2389127,0.9203624333333333
30000000,72387,en,31.92695,"['Lawrence Bender Productions', 'IM Global', 'Automatik Entertainment', 'Trigger Street Productions', '87Eleven']",['United States of America'],2012-04-16,40346186,94.0,"['English', '普通话', 'Pусский']",Released,Safe,6.3,799,2012,4,10346186,1.3448728666666667
32350000,1892,en,46.509071,"['Lucasfilm', 'Twentieth Century Fox Film Corporation']",['United States of America'],1983-05-23,572700000,135.0,['English'],Released,Return of the Jedi,7.9,4665,1983,5,540350000,17.7032457496136
30000000,13460,en,21.538222,"['Rogue Pictures', 'Intrepid Pictures', 'Scion Films', 'Moonlighting Films', 'Internationale Filmproduktion Blackbird Dritte', 'Crystal Sky Pictures']","['Germany', 'United Kingdom', 'United States of America', 'South Africa']",2008-03-14,22211426,108.0,['English'],Released,Doomsday,5.8,363,2008,3,-7788574,0.7403808666666667
32000000,8055,en,33.923786,"['Studio Babelsberg', 'Filmförderanstalt (FFA)', 'The Weinstein Company', 'Filmstiftung Nordrhein-Westfalen', 'Mirage Enterprises', 'Filmförderungsanstalt (FFA)', 'Medienboard Berlin-Brandenburg', 'Deutsche Filmförderfonds (DFFF)', 'Mitteldeutsche Medienförderung (MDM)']","['Germany', 'United States of America']",2008-12-10,113019290,124.0,"['English', 'Deutsch', 'ελληνικά', 'Latin']",Released,The Reader,7.2,813,2008,12,81019290,3.5318528125
35000000,50647,en,20.908494,"['Relativity Media', 'Apatow Productions', 'A Hot Dog']",['United States of America'],2012-02-23,24159934,98.0,['English'],Released,Wanderlust,5.3,394,2012,2,-10840066,0.6902838285714286
32000000,10719,en,16.901954,"['New Line Cinema', 'Gold/Miller Productions', 'Guy Walks into a Bar Productions']","['United States of America', 'Germany']",2003-10-09,173398518,97.0,['English'],Released,Elf,6.4,987,2003,10,141398518,5.4187036875
32000000,9294,en,15.039407,['Touchstone Pictures'],['United States of America'],1996-07-05,152036382,123.0,['English'],Released,Phenomenon,6.2,323,1996,7,120036382,4.7511369375
32000000,9353,en,14.642055,"['Paramount Pictures', 'Nickelodeon Movies', 'Black & White Productions']",['United States of America'],2006-06-16,80197993,92.0,"['Español', 'English']",Released,Nacho Libre,5.6,359,2006,6,48197993,2.50618728125
32500000,55721,en,17.107065,"['Universal Pictures', 'Relativity Media', 'Apatow Productions']",['United States of America'],2011-04-28,288383523,125.0,['English'],Released,Bridesmaids,6.5,1661,2011,4,255883523,8.87333916923077
32000000,109414,en,38.21708,"['Columbia Pictures', 'Mandate Pictures', 'Sony Pictures Entertainment (SPE)', 'Point Grey Pictures']",['United States of America'],2013-06-12,126041322,107.0,['English'],Released,This Is the End,6.3,2359,2013,6,94041322,3.9387913125
29000000,10307,en,14.993169,"['FGM Entertainment', 'Metro-Goldwyn-Mayer (MGM)']",['United States of America'],1999-09-10,50041732,103.0,"['English', 'Italiano', 'Português']",Released,Stigmata,6.0,242,1999,9,21041732,1.7255769655172415
32000000,11978,en,24.147269,['Fox 2000 Pictures'],['United States of America'],2000-09-13,48814909,129.0,['English'],Released,Men of Honor,7.0,544,2000,9,16814909,1.52546590625
32000000,22907,en,18.47242,['Rainforest Films'],['United States of America'],2010-08-26,69055695,107.0,['English'],Released,Takers,6.0,394,2010,8,37055695,2.15799046875
35000000,87567,en,18.84332,"['Millenium Films', 'Two Ton Films']",['United States of America'],2013-04-25,21819348,90.0,"['English', 'Español', 'Latin']",Released,The Big Wedding,5.7,414,2013,4,-13180652,0.6234099428571429
32000000,38322,en,15.901137,"['Twentieth Century Fox Film Corporation', 'Regency Enterprises', 'New Regency Pictures', 'The Collective Studios', 'Runteldat Entertainment', 'Friendly Films (II)', 'Friendly Films Productions']",['United States of America'],2011-02-16,83615414,107.0,['English'],Released,"Big Mommas: Like Father, Like Son",5.3,313,2011,2,51615414,2.6129816875
32000000,45612,en,59.19888,"['The Mark Gordon Company', 'Vendome Pictures']","['Canada', 'United States of America']",2011-03-30,147332697,93.0,['English'],Released,Source Code,7.1,2699,2011,3,115332697,4.60414678125
32000000,7305,en,14.48851,"['Paramount Pictures', 'Touchstone Pictures']",['United States of America'],1993-01-15,36733909,120.0,"['English', 'Português']",Released,Alive,6.7,374,1993,1,4733909,1.14793465625
30000000,3594,en,23.197408,"['New Line Cinema', 'Contrafilm', 'Firm Films']","['Germany', 'United States of America']",2007-02-23,77566815,101.0,['English'],Released,The Number 23,6.3,1018,2007,2,47566815,2.5855605
33000000,157841,en,10.651202,"['Epithète Films', 'Cross Creek Pictures', 'Tapioca Films']","['Canada', 'France']",2013-10-16,9494789,105.0,['English'],Released,The Young and Prodigious T.S. Spivet,6.7,232,2013,10,-23505211,0.2877208787878788
35000000,11519,en,10.032626,"['Columbia Pictures', 'Universal Pictures', 'A-Team']",['United States of America'],1979-12-13,31755742,113.0,"['English', 'Deutsch', '日本語']",Released,1941,5.6,143,1979,12,-3244258,0.9073069142857143
32000000,59,en,34.628738,"['New Line Cinema', 'DC Comics', 'BenderSpink']","['United States of America', 'Canada', 'Germany']",2005-09-23,60740827,96.0,['English'],Released,A History of Violence,6.9,832,2005,9,28740827,1.89815084375
32000000,9335,en,47.5612,"['Canal Plus', 'Twentieth Century Fox Film Corporation', 'Current Entertainment', 'TF 1 Film Productions', 'TPS Star', 'EuropaCorp', 'Revolution Sun Studios']","['France', 'United States of America']",2005-08-02,85167639,87.0,"['English', 'Français', 'Italiano']",Released,Transporter 2,6.2,1061,2005,8,53167639,2.66148871875
32000000,12106,en,16.473355,['TriStar Pictures'],"['Japan', 'United States of America']",1995-02-09,18552460,107.0,['English'],Released,The Quick and the Dead,6.3,427,1995,2,-13447540,0.579764375
28000000,11141,en,6.201404,"['New Line Cinema', 'Irish Dreamtime', 'Deep River Productions', 'Initial Entertainment Group (IEG)']","['Germany', 'Ireland', 'United Kingdom']",2004-04-04,30016165,90.0,['English'],Released,Laws of Attraction,5.6,104,2004,4,2016165,1.0720058928571428
32000000,31867,en,25.799697,"['Universal Pictures', 'Stuber Productions', 'Dentsu', 'Relativity Media']","['Canada', 'United States of America']",2010-03-18,18409891,111.0,['English'],Released,Repo Men,6.2,620,2010,3,-13590109,0.57530909375
70000000,10253,ko,4.822033,"['Younggu-Art Movies', 'Showbox Entertainment']",['South Korea'],2007-02-08,53587404,90.0,"['English', '한국어/조선말']",Released,Dragon Wars: D-War,4.0,104,2007,2,-16412596,0.7655343428571428
30000000,124459,en,26.9385,"['New Line Cinema', 'Benderspink', 'Carousel Productions']",['United States of America'],2013-03-14,27437881,100.0,['English'],Released,The Incredible Burt Wonderstone,5.3,724,2013,3,-2562119,0.9145960333333333
32000000,24662,en,4.098444,"['Warner Bros. Pictures', 'David Kirschner Productions', 'Turner Feature Animation']",['United States of America'],1997-03-26,3566637,75.0,"['English', 'Deutsch']",Released,Cats Don't Dance,7.1,24,1997,3,-28433363,0.11145740625
32000000,182,en,5.347936,"['Warner Bros.', 'Section Eight Productions', 'Sunset Gower Studios']",['United States of America'],2006-12-08,5914908,108.0,"['English', 'Deutsch', '普通话', 'Pусский']",Released,The Good German,5.9,86,2006,12,-26085092,0.184840875
31500000,28,en,49.973462,"['United Artists', 'Zoetrope Studios']",['United States of America'],1979-08-15,89460381,153.0,"['', 'English', 'Français', 'Tiếng Việt']",Released,Apocalypse Now,8.0,2055,1979,8,57960381,2.8400120952380954
32000000,38073,en,13.611544,"['New Line Cinema', 'Offspring Entertainment']",['United States of America'],2010-09-01,42045846,102.0,['English'],Released,Going the Distance,6.0,262,2010,9,10045846,1.3139326875
31500000,302156,en,27.891012,"['Lionsgate', 'BenderSpink', 'Millennium Films', 'Fipex Holding', 'Campbell Grobman Films', 'Criminal Productions']","['United Kingdom', 'United States of America']",2016-04-14,14708696,113.0,['English'],Released,Criminal,5.7,557,2016,4,-16791304,0.46694273015873017
31000000,606,en,13.864975,"['Universal Pictures', 'Mirage Entertainment']",['United States of America'],1985-12-20,128499205,161.0,"['English', 'Kiswahili']",Released,Out of Africa,7.0,279,1985,12,97499205,4.14513564516129
31000000,87502,en,42.213765,"['Paramount Pictures', 'Parkes/MacDonald Productions', 'ImageMovers']",['United States of America'],2012-11-02,161772375,138.0,['English'],Released,Flight,6.5,2415,2012,11,130772375,5.21846370967742
34000000,698,en,29.887404,"['United Artists', 'Eon Productions']","['France', 'United Kingdom', 'United States of America']",1979-06-26,210308099,126.0,"['English', 'Italiano']",Released,Moonraker,5.9,541,1979,6,176308099,6.1855323235294115
30000000,120467,en,74.417456,"['Fox Searchlight Pictures', 'Scott Rudin Productions', 'Studio Babelsberg', 'Indian Paintbrush', 'TSG Entertainment', 'American Empirical Pictures']","['United Kingdom', 'United States of America', 'Germany']",2014-02-26,174600318,99.0,"['English', 'Français']",Released,The Grand Budapest Hotel,8.0,4519,2014,2,144600318,5.8200106
31000000,11313,en,7.06762,['Castle Rock Entertainment'],"['Australia', 'United States of America']",2001-09-07,24185781,101.0,['English'],Released,Hearts in Atlantis,6.4,131,2001,9,-6814219,0.7801864838709678
31000000,6488,en,15.895661,"['Amblin Entertainment', 'Hollywood Pictures', 'Tangled Web Productions']",['United States of America'],1990-08-09,53208180,103.0,"['English', 'Español']",Released,Arachnophobia,6.2,433,1990,8,22208180,1.7163929032258065
31000000,10559,en,19.258041,['New Line Cinema'],['United States of America'],2000-04-28,68106245,118.0,['English'],Released,Frequency,7.0,462,2000,4,37106245,2.1969756451612903
31000000,296099,en,47.753598,"['New Line Cinema', 'BenderSpink', 'David Dobkin Productions']",['United States of America'],2015-07-28,104384188,99.0,['English'],Released,Vacation,6.2,1195,2015,7,73384188,3.367231870967742
30250000,8012,en,15.585138,"['Jersey Films', 'Metro-Goldwyn-Mayer (MGM)']",['United States of America'],1995-10-20,115101622,105.0,['English'],Released,Get Shorty,6.4,302,1995,10,84851622,3.805012297520661
45000000,1574,en,32.217425,"['Miramax Films', 'Producers Circle', 'Storyline Entertainment']",['United States of America'],2002-12-26,306776732,113.0,"['Magyar', 'English']",Released,Chicago,6.9,677,2002,12,261776732,6.817260711111111
34200000,9032,en,34.86859,['Columbia Pictures'],['United States of America'],1999-06-25,234801895,93.0,"['English', 'Italiano']",Released,Big Daddy,6.1,875,1999,6,200601895,6.865552485380117
30000000,2770,en,36.432598,"['Universal Pictures', 'Liveplanet', 'Zide-Perry Productions']",['United States of America'],2001-08-10,287553595,108.0,['English'],Released,American Pie 2,6.0,1344,2001,8,257553595,9.585119833333334
30000000,862,en,73.640445,['Pixar Animation Studios'],['United States of America'],1995-10-30,373554033,81.0,['English'],Released,Toy Story,7.7,5269,1995,10,343554033,12.4518011
30000000,1637,en,49.526736,['Twentieth Century Fox Film Corporation'],['United States of America'],1994-06-09,350448145,116.0,['English'],Released,Speed,6.8,1783,1994,6,320448145,11.681604833333333
30000000,72570,en,26.780961,"['Spyglass Entertainment', 'Screen Gems']",['United States of America'],2012-02-05,196114570,104.0,['English'],Released,The Vow,7.0,1293,2012,2,166114570,6.537152333333333
31000000,27569,en,6.487344,"['Double Feature Films', 'CBS Films']",['United States of America'],2010-01-21,15134293,105.0,['English'],Released,Extraordinary Measures,6.0,89,2010,1,-15865707,0.488203
30000000,10637,en,25.996219,"['Walt Disney Pictures', 'Jerry Bruckheimer Films', 'Technical Black', 'Run It Up Productions Inc.']",['United States of America'],2000-09-29,136706683,113.0,['English'],Released,Remember the Titans,7.4,821,2000,9,106706683,4.556889433333334
30000000,1669,en,46.212155,"['Paramount Pictures', 'Nina Saxon Film Design', 'Mace Neufeld Productions']",['United States of America'],1990-03-02,199200000,134.0,"['English', 'Pусский']",Released,The Hunt for Red October,7.2,957,1990,3,169200000,6.64
25000000,132363,en,32.105328,"['Laura Ziskin Productions', 'Lee Daniels Entertainment', 'Follow Through Productions', 'Salamander Pictures', 'Pam Williams Productions', 'Windy Hill Pictures']",['United States of America'],2013-08-16,115922175,132.0,['English'],Released,The Butler,7.2,1101,2013,8,90922175,4.636887
20000000,9472,en,41.156217,"['Twentieth Century Fox Film Corporation', 'Red Hour Films', 'Mediastream Vierte Film GmbH & Co. Vermarktungs KG']","['Germany', 'United States of America']",2004-06-18,167722310,92.0,"['English', 'Deutsch']",Released,DodgeBall: A True Underdog Story,6.2,981,2004,6,147722310,8.3861155
30000000,2907,en,37.179547,"['Paramount Pictures', 'Orion Pictures', 'Scott Rudin Productions']",['United States of America'],1991-11-22,191502426,99.0,['English'],Released,The Addams Family,6.7,848,1991,11,161502426,6.3834142
30000000,9273,en,34.391792,"['O Entertainment', 'Morgan Creek Productions']",['United States of America'],1995-11-10,212385533,90.0,['English'],Released,Ace Ventura: When Nature Calls,6.1,1099,1995,11,182385533,7.079517766666667
37000000,9880,en,40.176265,"['Walt Disney Pictures', 'BrownHouse Productions', 'Bottom of the Ninth Productions']",['United States of America'],2001-08-03,165335153,115.0,['English'],Released,The Princess Diaries,6.5,1023,2001,8,128335153,4.468517648648649
26000000,2925,en,10.704596,['Scott Rudin Productions'],['United States of America'],1996-09-20,116400000,102.0,['English'],Released,The First Wives Club,6.5,166,1996,9,90400000,4.476923076923077
33000000,807,en,79.579532,"['New Line Cinema', 'Juno Pix', 'Cecchi Gori Pictures']",['United States of America'],1995-09-22,327311859,127.0,['English'],Released,Se7en,8.1,5765,1995,9,294311859,9.918541181818181
30000000,17654,en,63.13678,"['WingNut Films', 'TriStar Pictures', 'Key Creatives', 'Block / Hanson', 'Canadian Film or Video Production Tax Credit (CPTC)', 'The Department of Trade and Industry of South Africa', 'QED International', 'Province of British Columbia Production Services Tax Credit', 'District 9', 'New Zealand Post Digital and Visual Effects Grant']","['United States of America', 'New Zealand', 'Canada', 'South Africa']",2009-08-05,210819611,112.0,"['Afrikaans', '', '', '', 'isiZulu', 'English']",Released,District 9,7.3,3382,2009,8,180819611,7.027320366666666
30000000,11836,en,27.870755,"['Paramount Pictures', 'Nickelodeon Movies', 'United Plankton Pictures', 'Paramount Animation']",['United States of America'],2004-11-14,140161792,87.0,['English'],Released,The SpongeBob SquarePants Movie,6.7,574,2004,11,110161792,4.672059733333334
25000000,322,en,31.242999,"['Village Roadshow Pictures', 'Malpaso Productions', 'NPV Entertainment', 'Warner Bros.']",['United States of America'],2003-10-07,156822020,138.0,['English'],Released,Mystic River,7.6,1422,2003,10,131822020,6.2728808
30000000,70,en,70.456012,"['Lakeshore Entertainment', 'Malpaso Productions', 'Epsilon Motion Pictures', 'Warner Bros.', 'Albert S. Ruddy Productions']",['United States of America'],2004-12-15,216763646,132.0,"['English', 'Gaeilge']",Released,Million Dollar Baby,7.7,2439,2004,12,186763646,7.2254548666666665
80000000,9535,en,29.415229,"['Spring Creek Productions', 'Warner Bros.', 'Tribeca Productions', 'Baltimore Pictures']","['Australia', 'United States of America']",1999-03-05,176885658,103.0,['English'],Released,Analyze This,6.4,503,1999,3,96885658,2.211070725
29000000,11036,en,55.109138,['New Line Cinema'],['United States of America'],2004-06-25,115603229,123.0,['English'],Released,The Notebook,7.7,3067,2004,6,86603229,3.98631824137931
30000000,6557,en,30.695228,"['Spyglass Entertainment', 'Fox 2000 Pictures', 'Dune Entertainment III']",['United States of America'],2008-01-10,160259319,111.0,['English'],Released,27 Dresses,6.1,978,2008,1,130259319,5.3419773
35000000,18126,en,13.788422,"['Walt Disney Pictures', ""It's a Laugh Productions"", 'Millar Gough Ink']",['United States of America'],2009-04-10,155545279,102.0,['English'],Released,Hannah Montana: The Movie,6.0,449,2009,4,120545279,4.444150828571429
30,16340,it,4.590277,"['Paramount Pictures', 'Nickelodeon Movies', 'Paramount Animation']","['Germany', 'United States of America']",2000-09-14,103,78.0,['English'],Released,Rugrats in Paris: The Movie,6.0,100,2000,9,73,3.433333333333333
30000000,10333,en,3.845231,['Columbia Pictures'],['United States of America'],1991-12-25,74787599,132.0,['English'],Released,The Prince of Tides,5.9,56,1991,12,44787599,2.492919966666667
30000000,4476,en,26.952727,"['Bedford Falls Productions', 'TriStar Pictures', 'Pangaea']",['United States of America'],1994-12-16,160638883,133.0,"['', 'English']",Released,Legends of the Fall,7.2,619,1994,12,130638883,5.354629433333334
25000000,22947,en,33.704181,"['Paramount Pictures', 'Rickshaw Productions', 'Cold Spring Pictures', 'Montecito Picture Company, The', 'DW Studios', 'Right of Way Films']",['United States of America'],2009-09-05,163670000,109.0,['English'],Released,Up in the Air,6.7,1205,2009,9,138670000,6.5468
30000000,2755,en,19.925026,"['New Line Cinema', 'Avery Pix']",['United States of America'],2002-12-13,105834556,125.0,['English'],Released,About Schmidt,6.7,362,2002,12,75834556,3.5278185333333334
35000000,82654,en,43.742241,['Summit Entertainment'],['Canada'],2013-01-31,116980662,97.0,['English'],Released,Warm Bodies,6.4,2652,2013,1,81980662,3.3423046285714286
30000000,59967,en,46.377628,"['Endgame Entertainment', 'FilmDistrict', 'DMG Entertainment', 'Ram Bergman Productions']","['China', 'United States of America']",2012-09-26,47042000,118.0,['English'],Released,Looper,6.6,4697,2012,9,17042000,1.5680666666666667
30000000,9598,en,34.36645,"['Universal Pictures', 'Kennedy Miller Productions']","['Australia', 'United States of America']",1995-07-18,254134910,89.0,['English'],Released,Babe,6.0,733,1995,7,224134910,8.471163666666667
30000000,82696,en,12.967137,"['Columbia Pictures', 'Mandate Pictures', 'Escape Artists', 'Management 360', 'Metro-Goldwyn-Mayer (MGM)']",['United States of America'],2012-08-07,114281051,100.0,['English'],Released,Hope Springs,5.8,284,2012,8,84281051,3.8093683666666665
30000000,9870,en,50.670253,"['Universal Pictures', 'Apatow Productions']",['United States of America'],2008-04-17,105173115,111.0,"['English', '日本語', 'Deutsch']",Released,Forgetting Sarah Marshall,6.4,1172,2008,4,75173115,3.5057705
45000000,8292,en,24.694551,"['Paramount Pictures', 'Di Bonaventura Pictures']",['United States of America'],2005-08-11,92374674,109.0,"['Español', 'English']",Released,Four Brothers,6.7,607,2005,8,47374674,2.0527705333333333
30000000,8780,en,11.409124,"['Relativity Media', 'Michaels-Goldwyn']",['United States of America'],2008-04-23,63833449,99.0,['English'],Released,Baby Mama,5.8,205,2008,4,33833449,2.1277816333333335
30000000,10521,en,33.385429,"['Dune Entertainment', 'Regency Enterprises', 'Fox 2000 Pictures', 'Dune Entertainment III', 'New Regency Pictures', 'Sunrise Entertainment (II)', 'Biride Productions']",['United States of America'],2009-01-09,114663461,89.0,['English'],Released,Bride Wars,5.9,856,2009,1,84663461,3.8221153666666665
19000000,10762,en,8.584398,"['Paramount Pictures', 'De Line Pictures']",['United States of America'],2004-08-20,69631118,95.0,['English'],Released,Without a Paddle,5.3,214,2004,8,50631118,3.6647956842105263
37000000,10096,en,41.569541,"['Columbia Pictures', 'Revolution Studios', 'Thirteen Productions']",['United States of America'],2004-04-13,96455697,98.0,"['English', 'Français', 'Português']",Released,13 Going on 30,6.3,1204,2004,4,59455697,2.6069107297297296
30000000,59436,en,43.753585,"['Gravier Productions', 'Televisió de Catalunya (TV3)', 'Versátil Cinema', 'Mediapro', 'Pontchartrain Productions']","['Spain', 'United States of America']",2011-05-11,151119219,94.0,"['English', 'Français', 'Deutsch', 'Español']",Released,Midnight in Paris,7.4,1990,2011,5,121119219,5.0373073
53000000,4133,en,28.350529,['New Line Cinema'],['United States of America'],2001-04-04,83282296,124.0,['English'],Released,Blow,7.4,1317,2001,4,30282296,1.5713640754716982
80000000,10207,en,10.81051,"['Bel Air Entertainment', 'DiNovi Pictures', 'Tiger Productions']",['United States of America'],1999-02-22,118880016,131.0,['English'],Released,Message in a Bottle,5.8,196,1999,2,38880016,1.4860002
30000000,172,en,19.578249,['Paramount Pictures'],['United States of America'],1989-06-09,70200000,107.0,['English'],Released,Star Trek V: The Final Frontier,5.6,376,1989,6,40200000,2.34
30000000,36593,en,28.624038,['Paramount Pictures'],['United States of America'],1994-03-18,51132598,83.0,['English'],Released,The Naked Gun 33⅓: The Final Insult,6.3,521,1994,3,21132598,1.7044199333333334
30000000,707,en,27.230493,['Eon Productions'],"['France', 'Iceland', 'United Kingdom', 'United States of America']",1985-05-24,152427960,131.0,['English'],Released,A View to a Kill,6.0,506,1985,5,122427960,5.080932
30000000,533,en,30.380747,"['Aardman Animations', 'DreamWorks Animation']","['United Kingdom', 'United States of America']",2005-09-04,192452832,85.0,['English'],Released,The Curse of the Were-Rabbit,6.8,643,2005,9,162452832,6.4150944
30000000,6023,en,29.489274,"['Wendy Finerman Productions', 'Alcon Entertainment', 'Grosvenor Park Productions']",['United States of America'],2007-11-15,156835339,126.0,['English'],Released,P.S. I Love You,6.9,977,2007,11,126835339,5.2278446333333335
30000000,6439,en,8.058109,['Alcon Entertainment'],"['United States of America', 'South Africa']",2005-01-06,93772522,102.0,['English'],Released,Racing Stripes,5.1,123,2005,1,63772522,3.125750733333333
30000000,4347,en,33.369305,"['Universal Pictures', 'Studio Canal', 'Relativity Media', 'Working Title Films']","['United Kingdom', 'France', 'United States of America']",2007-08-29,129266061,123.0,"['English', 'Français']",Released,Atonement,7.4,1049,2007,8,99266061,4.3088687
30000000,4105,en,11.19602,"['Paramount Pictures', 'Pegasus Film Partners', 'Jaffe-Lansing']",['United States of America'],1989-09-22,45892212,125.0,"['English', '日本語']",Released,Black Rain,6.2,243,1989,9,15892212,1.5297404
30000000,76489,en,14.585968,['Wessler Entertainment'],['United States of America'],2012-04-13,54819301,92.0,['English'],Released,The Three Stooges,4.9,140,2012,4,24819301,1.8273100333333334
40000000,3933,en,43.571612,"['Tim Burton Animation Company', 'Will Vinton Studios', 'Warner Bros.', 'Tim Burton Productions', 'Laika Entertainment', 'Patalex Productions']",['United States of America'],2005-09-09,117195061,77.0,['English'],Released,Corpse Bride,7.2,1894,2005,9,77195061,2.929876525
30000000,273481,en,55.424027,"['Lionsgate', 'Thunder Road Pictures', 'Black Label Media']",['United States of America'],2015-09-17,84025816,121.0,"['Español', 'English']",Released,Sicario,7.2,2416,2015,9,54025816,2.800860533333333
30000000,307081,en,65.364452,"['Escape Artists', 'Riche-Ludwig Productions']",['United States of America'],2015-06-15,91709827,123.0,['English'],Released,Southpaw,7.3,2067,2015,6,61709827,3.0569942333333335
30000000,16871,en,45.083509,"['Universal Pictures', 'Ghost House Pictures', 'Mandate Pictures', 'Buckaroo Entertainment', 'Curse Productions']",['United States of America'],2009-03-15,90810892,99.0,"['English', 'Español', 'Magyar', 'Český']",Released,Drag Me to Hell,6.2,966,2009,3,60810892,3.0270297333333334
25000000,293863,en,82.052056,"['Lakeshore Entertainment', 'Sidney Kimmel Entertainment', 'Sierra/Affinity']",['United States of America'],2015-04-16,65663276,112.0,['English'],Released,The Age of Adaline,7.4,1990,2015,4,40663276,2.62653104
30000000,41233,en,25.060342,"['Summit Entertainment', 'Touchstone Pictures']",['United States of America'],2010-08-04,159291809,107.0,['English'],Released,Step Up 3D,6.6,582,2010,8,129291809,5.309726966666667
25000000,9266,en,11.42943,"['Imagine Entertainment', 'Mikona Productions GmbH & Co. KG', 'Universal Pictures', 'Shutt/Jones Productions']","['Germany', 'United States of America']",2002-08-08,51842679,104.0,['English'],Released,Blue Crush,5.6,159,2002,8,26842679,2.07370716
30000000,1262,en,32.26789,"['Mandate Pictures', 'Three Strange Angels']",['United States of America'],2006-09-09,53653224,113.0,['English'],Released,Stranger Than Fiction,7.1,721,2006,9,23653224,1.7884408
30000000,4513,en,33.394082,"['Columbia Pictures', 'Dark Horse Entertainment', 'Ghost House Pictures', 'HorrorFlix']","['New Zealand', 'United States of America']",2007-10-17,75505973,113.0,['English'],Released,30 Days of Night,6.2,767,2007,10,45505973,2.5168657666666667
30000000,22970,en,73.987775,"['Lionsgate', 'Mutant Enemy Productions']",['United States of America'],2012-04-12,66486080,95.0,"['English', '日本語']",Released,The Cabin in the Woods,6.5,2263,2012,4,36486080,2.2162026666666668
30000000,7278,en,10.608998,"['Regency Enterprises', 'New Regency Pictures']",['United States of America'],2008-01-24,84646831,84.0,['English'],Released,Meet the Spartans,3.7,359,2008,1,54646831,2.8215610333333334
30000000,9013,en,12.821329,"['Universal Pictures', 'City Light Films']",['United States of America'],1988-07-20,38413606,126.0,"['Český', 'English']",Released,Midnight Run,7.2,238,1988,7,8413606,1.2804535333333333
27000000,865,en,30.131498,"['Keith Barish Productions', 'TAFT Entertainment Pictures', 'HBO', 'Braveworld Productions']",['United States of America'],1987-11-13,38122105,101.0,['English'],Released,The Running Man,6.4,703,1987,11,11122105,1.4119298148148147
25000000,10776,en,12.113235,['The Geffen Company'],['United States of America'],1986-12-19,38748395,94.0,['English'],Released,Little Shop of Horrors,6.6,384,1986,12,13748395,1.5499358
30000000,50456,en,31.191975,"['Focus Features', 'Neunte Babelsberg Film', 'Holleran Company', 'Sechzehnte Babelsberg Film']","['Germany', 'United Kingdom', 'United States of America']",2011-04-07,63782078,111.0,"['English', 'Français', 'Deutsch', 'Italiano', 'العربية', 'Español']",Released,Hanna,6.5,1263,2011,4,33782078,2.1260692666666667
30000000,9823,en,11.916389,"['New Line Cinema', 'Threshold Entertainment']",['United States of America'],1997-11-21,51376861,95.0,['English'],Released,Mortal Kombat: Annihilation,3.8,221,1997,11,21376861,1.7125620333333333
30000000,59861,en,20.355458,"['Universal Pictures', 'Playtone Productions', 'Vendome Pictures']",['United States of America'],2011-06-30,36160375,98.0,['English'],Released,Larry Crowne,5.7,359,2011,6,6160375,1.2053458333333333
30000000,133805,en,63.848541,"['Screen Gems', 'Metro-Goldwyn-Mayer (MGM)', 'Misher Films']",['United States of America'],2013-10-16,82394288,100.0,['English'],Released,Carrie,5.8,1463,2013,10,52394288,2.746476266666667
30000000,12763,en,8.999675,"['New Line Cinema', 'Tiara Blu Films']",['United States of America'],2006-03-17,34742066,108.0,['English'],Released,Take the Lead,6.6,162,2006,3,4742066,1.1580688666666668
30000000,9766,en,9.278361,['Columbia Pictures'],['United States of America'],2006-09-15,41480851,125.0,['English'],Released,Gridiron Gang,6.5,206,2006,9,11480851,1.3826950333333334
30000000,12244,en,55.806402,"['Focus Films', 'Starz Animation', 'Relativity Media', 'Tim Burton Productions', 'Arc Productions']",['United States of America'],2009-08-19,48428063,79.0,['English'],Released,9,6.6,1262,2009,8,18428063,1.6142687666666666
30000000,109421,en,48.237797,"['Di Bonaventura Pictures', 'Endgame Entertainment', 'Universal', 'Open Road Films']",['United States of America'],2013-02-07,63372757,106.0,"['English', 'Français']",Released,Side Effects,6.4,1323,2013,2,33372757,2.1124252333333335
30000000,51162,en,19.143721,"['Walt Disney Pictures', 'Walt Disney Animation Studios']",['United States of America'],2011-04-13,14460000,63.0,['English'],Released,Winnie the Pooh,6.8,258,2011,4,-15540000,0.482
19000000,10152,en,15.67747,['New Line Cinema'],['United States of America'],2003-06-13,39267515,85.0,['English'],Released,Dumb and Dumberer: When Harry Met Lloyd,4.1,210,2003,6,20267515,2.066711315789474
30000000,9452,en,4.52363,['Twentieth Century Fox Film Corporation'],['United States of America'],1998-05-15,29202884,108.0,['English'],Released,Bulworth,6.3,66,1998,5,-797116,0.9734294666666666
30000000,9271,en,5.301589,['Paramount Pictures'],['United States of America'],1995-08-04,24048000,106.0,['English'],Released,Virtuosity,5.4,163,1995,8,-5952000,0.8016
30000000,48340,en,20.063165,"['Universal Pictures', 'Wayfare Entertainment', 'Sanctum Australia', 'Relativity Media', 'Great Wight Productions/ Osford Films', 'Start Motion Pictures']","['United States of America', 'Australia']",2011-02-03,108609310,108.0,['English'],Released,Sanctum,5.8,339,2011,2,78609310,3.6203103333333333
35000000,14846,en,6.246199,"['Revolution Studios', 'Blue Star Pictures']",['United States of America'],2004-08-06,22034832,111.0,['English'],Released,Little Black Book,5.2,112,2004,8,-12965168,0.6295666285714285
30000000,72207,en,27.71063,"['Universal Pictures', 'Dentsu', 'Relativity Media', 'Apatow Productions', 'Stoller Global Solutions']",['United States of America'],2012-04-27,53909751,124.0,['English'],Released,The Five-Year Engagement,5.7,457,2012,4,23909751,1.7969917
30000000,16232,en,2.850896,['Touchstone Pictures'],['United States of America'],2004-06-15,21800302,104.0,['English'],Released,Mr. 3000,5.0,66,2004,6,-8199698,0.7266767333333334
30000000,43539,en,34.421696,"['Lionsgate', 'Fidélité Films', 'Hwy61']","['United States of America', 'France']",2010-11-18,51148651,133.0,['English'],Released,The Next Three Days,6.9,905,2010,11,21148651,1.7049550333333334
30000000,9920,en,15.89534,"['Screen Gems', 'Ultravi Productions']",['United States of America'],2006-03-03,31070211,87.0,"['English', 'Tiếng Việt']",Released,Ultraviolet,4.8,458,2006,3,1070211,1.0356737
30000000,8978,en,18.706504,"['Rogue Pictures', 'Why Not Productions', 'Liaison Films', 'Biscayne Pictures']","['United States of America', 'France']",2005-01-19,35294470,109.0,"['English', 'Srpski', 'Español']",Released,Assault on Precinct 13,6.0,311,2005,1,5294470,1.1764823333333334
30000000,11702,en,9.607391,['Columbia Pictures Corporation'],['United States of America'],1998-02-06,19204929,87.0,"['广州话 / 廣州話', 'Český', 'English']",Released,The Replacement Killers,6.0,127,1998,2,-10795071,0.6401643
25000000,18550,en,2.77255,['Metro-Goldwyn-Mayer (MGM)'],['United States of America'],1996-07-19,17193231,98.0,['English'],Released,Fled,5.2,47,1996,7,-7806769,0.68772924
30000000,43347,en,20.236951,"['Bedford Falls Productions', 'Dune Entertainment', 'Regency Enterprises', 'Fox 2000 Pictures', 'Stuber Productions', 'New Regency Pictures']",['United States of America'],2010-11-22,102820008,112.0,['English'],Released,Love & Other Drugs,6.6,1233,2010,11,72820008,3.4273336
30000000,3489,en,16.883429,"['TriStar Pictures', 'Nu Image Entertainment', 'Brightlight Pictures']",['United States of America'],2007-02-14,16930884,108.0,['English'],Released,88 Minutes,5.7,313,2007,2,-13069116,0.5643628
35000000,9701,en,12.779201,"['Warner Bros.', 'Participant Media', 'Nick Wechsler Productions']",['United States of America'],2005-02-12,25224242,126.0,['English'],Released,North Country,6.8,125,2005,2,-9775758,0.7206926285714286
40000000,2122,en,14.729386,"['Cheyenne Enterprises', 'Franchise Pictures', 'MHF Zweite Academy Film', 'Eclipse Catering', 'Nine Yards Two Productions', 'Nine Yards Productions']",['United States of America'],2004-04-07,26155781,98.0,"['English', 'עִבְרִית', 'Magyar']",Released,The Whole Ten Yards,5.5,278,2004,4,-13844219,0.653894525
37000000,10658,en,11.374306,"['Lucasfilm', 'Universal Pictures']",['United States of America'],1986-08-01,37962774,110.0,"['Português', 'English']",Released,Howard the Duck,5.1,221,1986,8,962774,1.026020918918919
30000000,13150,en,10.703602,"['New Line Cinema', 'Solaris Film', 'Avery Pix', ""O'Connor Brothers"", 'Kumar Mobiliengesellschaft mbH & Co. Projekt Nr. 1 KG']","['United States of America', 'Germany']",2008-09-09,31148328,130.0,['English'],Released,Pride and Glory,6.3,240,2008,9,1148328,1.0382776
30000000,9042,en,10.756266,"['Lakeshore Entertainment', 'Cinerenta Medienbeteiligungs KG', 'Screen Gems', 'Cineblue Internationale Filmproduktionsgesellschaft', 'City Productions']","['Germany', 'United States of America']",2005-08-25,15007991,97.0,"['Český', 'English']",Released,The Cave,5.1,202,2005,8,-14992009,0.5002663666666667
30000000,17813,en,4.352422,"['Epsilon Motion Pictures', 'Franchise Pictures', 'Escape Artists', 'Reiner / Greisman Productions']",['United States of America'],2003-06-16,15368897,96.0,"['English', 'Français']",Released,Alex & Emma,5.0,68,2003,6,-14631103,0.5122965666666667
30000000,11208,en,9.301562,"['Lakeshore Entertainment', 'Metro-Goldwyn-Mayer (MGM)', ""Mel's Cite du Cinema""]",['United States of America'],2004-09-03,13001257,114.0,['English'],Released,Wicker Park,6.7,157,2004,9,-16998743,0.43337523333333333
17000000,58151,en,18.27083,['Touchstone Pictures'],"['United Kingdom', 'United States of America']",2011-08-18,24922237,106.0,['English'],Released,Fright Night,6.0,603,2011,8,7922237,1.4660139411764705
30000000,11400,en,19.106154,"['New Line Cinema', 'First Foot Films', 'Sunflower Productions', 'Sarah Green Film', 'The Virginia Company LLC']",['United States of America'],2005-12-25,30536013,135.0,['English'],Released,The New World,6.4,330,2005,12,536013,1.0178671
25000000,11058,en,12.10235,"['Lions Gate Films', '2929 Productions', 'Artists Production Group (APG)', 'Blue Productions']","['Canada', 'United States of America']",2004-04-30,30114487,102.0,['English'],Released,Godsend,4.7,114,2004,4,5114487,1.20457948
23000000,14844,en,3.362045,"['Alcon Entertainment', 'ETIC Films', 'C.R.G. International', 'Trademark Films', 'Micro Fusion 2003-2']","['United Kingdom', 'United States of America']",2004-01-09,12,111.0,"['English', 'Français', 'עִבְרִית', 'Italiano', 'Español', 'Deutsch']",Released,Chasing Liberty,6.1,152,2004,1,-22999988,5.217391304347826e-07
30000000,57089,en,10.694417,['HW Two'],['United States of America'],2011-04-29,13521829,86.0,['English'],Released,Hoodwinked Too! Hood VS. Evil,4.8,131,2011,4,-16478171,0.4507276333333333
30000000,1947,en,6.353971,"['Miramax Films', 'Revolution Studios', 'Persistent Entertainment', 'Initial Entertainment Group (IEG)', 'The Ladd Company', 'Kalis Productions GmbH & Co. Zweite KG', 'Unfinished Films']","['United States of America', 'Germany']",2005-09-09,18618284,108.0,"['English', 'Français']",Released,An Unfinished Life,6.7,161,2005,9,-11381716,0.6206094666666667
30000000,8054,en,37.181019,"['Infinity Features Entertainment', 'Davis-Films', 'Téléfilm Canada', 'The Movie Network', 'Canadian Film or Video Production Tax Credit (CPTC)', 'British Columbia Film', 'Province of British Columbia Film Incentive BC', 'Movie Central', 'Grosvenor Park Productions', 'Poo Poo Pictures', 'Parnassus Productions', 'U.K. Tax Credit']","['Canada', 'France', 'United Kingdom']",2009-10-01,64352607,123.0,"['English', 'Pусский', 'Français']",Released,The Imaginarium of Doctor Parnassus,6.3,869,2009,10,34352607,2.1450869
30000000,46829,en,4.952735,['Serendipity Point Films'],"['Canada', 'Italy']",2010-10-26,8454301,134.0,['English'],Released,Barney's Version,7.2,129,2010,10,-21545699,0.2818100333333333
30000000,146238,en,22.975918,"['Double Feature Films', 'Regency Enterprises', 'Appian Way', 'Stone Village Pictures', 'New Regency Pictures']",['United States of America'],2013-09-24,62616646,91.0,['English'],Released,Runner Runner,5.5,543,2013,9,32616646,2.0872215333333335
30000000,9989,en,8.359599,"['Industry Entertainment', 'Epsilon Motion Pictures', 'Hyde Park Films', 'Metro-Goldwyn-Mayer (MGM)']","['Canada', 'United States of America']",2001-01-12,18195610,108.0,['English'],Released,Antitrust,5.8,153,2001,1,-11804390,0.6065203333333333
18000000,9665,en,16.102271,"['TriStar Pictures', 'Freddie Fields Productions']",['United States of America'],1989-12-15,26828365,122.0,['English'],Released,Glory,7.4,383,1989,12,8828365,1.4904647222222223
30000000,13967,en,8.386432,['BBC Films'],"['United Kingdom', 'United States of America']",2006-12-03,35078241,92.0,['English'],Released,Miss Potter,6.3,141,2006,12,5078241,1.1692747
21000000,9053,en,12.790408,"['Impact Pictures', 'Constantin Film Produktion', 'Mindfire Entertainment', 'Team Ninja', 'VIP 4 Medienfonds', 'Tecmo']","['Germany', 'United Kingdom', 'United States of America']",2006-09-07,480314,87.0,['English'],Released,DOA: Dead or Alive,5.0,205,2006,9,-20519686,0.022872095238095237
30000000,4512,en,35.53352,"['Plan B Entertainment', 'Virtual Studios', 'Scott Free Productions', 'Alberta Film Entertainment', 'Warner Bros.', 'Jesse Films Inc.']","['Canada', 'United Kingdom', 'United States of America']",2007-09-02,14711793,160.0,['English'],Released,The Assassination of Jesse James by the Coward Robert Ford,7.0,776,2007,9,-15288207,0.4903931
30000000,76349,zh,4.065212,['Variance Films'],"['China', 'Hong Kong']",2011-07-03,108348,125.0,"['Français', '普通话', 'English']",Released,1911,5.0,41,2011,7,-29891652,0.0036116
30000000,45610,en,13.268936,"['Mpower Pictures', 'Relativity Media', '1984 Private Defense Contractors', 'Virgin Produced', 'Moonlighting Films', 'Apparatus Productions', 'GG Filmz', 'ITS Capital', 'Merlina Entertainment', 'MGP Productions', 'Safady Entertainment']",['United States of America'],2011-09-23,2527904,129.0,"['العربية', 'English']",Released,Machine Gun Preacher,6.4,286,2011,9,-27472096,0.08426346666666666
19000000,223702,en,66.242737,"['Columbia Pictures', 'Sony Pictures Animation', 'Sony Pictures Entertainment', 'Annapurna Pictures', 'Point Grey Pictures', 'Nitrogen Studios Canada']","['Canada', 'United States of America']",2016-07-11,140752617,83.0,['English'],Released,Sausage Party,5.6,2238,2016,7,121752617,7.4080324736842105
29000000,254470,en,71.496894,"['Universal Pictures', 'Gold Circle Films', 'Brownstone Productions']",['United States of America'],2015-05-07,287506194,115.0,['English'],Released,Pitch Perfect 2,6.8,1940,2015,5,258506194,9.914006689655173
28000000,69,en,35.580032,"['Tree Line Films', 'Konrad Pictures', 'Catfish Productions', 'Fox 2000 Pictures', 'Mars Media Beteiligungs']","['Germany', 'United States of America']",2005-09-13,186438883,136.0,"['English', 'Pусский']",Released,Walk the Line,7.3,718,2005,9,158438883,6.658531535714285
30000000,4967,en,8.085872,"['Spyglass Entertainment', 'Touchstone Pictures', 'Triple Threat Talent']",['United States of America'],2000-04-14,37036004,127.0,"['עִבְרִית', 'English', 'Español']",Released,Keeping the Faith,5.9,159,2000,4,7036004,1.2345334666666667
30000000,4912,en,18.165957,"['Miramax Films', 'Allied Filmmakers', 'Mad Chance']",['United States of America'],2002-12-30,33013805,113.0,['English'],Released,Confessions of a Dangerous Mind,6.6,275,2002,12,3013805,1.1004601666666667
29000000,12771,en,8.93941,['Paramount Pictures'],"['Germany', 'United States of America']",2002-08-20,16930185,100.0,"['Español', 'English']",Released,Serving Sara,5.0,85,2002,8,-12069815,0.5837994827586207
29000000,323676,en,20.55509,['Universal Pictures'],['United States of America'],2016-04-07,78636257,91.0,['English'],Released,The Boss,5.5,431,2016,4,49636257,2.7115950689655173
12000000,11249,en,12.653831,['Rogue Pictures'],"['Romania', 'United States of America']",2004-11-11,24829644,87.0,['English'],Released,Seed of Chucky,4.9,287,2004,11,12829644,2.069137
29000000,9667,en,24.240361,"['Section Eight', 'Mandalay Pictures', 'VIP 3 Medienfonds', '2929 Productions', 'Rising Star', 'VIP 2 Medienfonds', 'Warner Independent Pictures (WIP)']","['Germany', 'United States of America']",2005-03-04,21126225,103.0,['English'],Released,The Jacket,6.8,455,2005,3,-7873775,0.7284905172413794
28000000,812,en,92.982009,['Walt Disney Pictures'],['United States of America'],1992-11-25,504050219,90.0,['English'],Released,Aladdin,7.4,3416,1992,11,476050219,18.001793535714285
28000000,277216,en,61.76233,"['New Line Cinema', 'Universal Pictures', 'Legendary Pictures', 'Cube Vision', 'Broken Chair Flickz', 'Crucial Films']",['United States of America'],2015-08-13,201634991,147.0,['English'],Released,Straight Outta Compton,7.7,1355,2015,8,173634991,7.201249678571428
28000000,87,en,66.976776,"['Lucasfilm', 'Paramount Pictures']",['United States of America'],1984-05-23,333000000,118.0,"['English', '']",Released,Indiana Jones and the Temple of Doom,7.1,2781,1984,5,305000000,11.892857142857142
30000000,14444,en,7.981116,"['Nickelodeon Movies', 'Paramount Animation']",['United States of America'],1998-11-20,100491683,79.0,['English'],Released,The Rugrats Movie,5.7,147,1998,11,70491683,3.3497227666666665
60000000,2043,en,21.252797,"['Paramount Pictures', 'AZL Productions KG', 'David Brown Productions', 'MFP Munich Film Partners', 'Phase 1 Productions', 'Revelations Entertainment']","['Canada', 'Germany', 'United States of America']",2001-04-06,105178561,104.0,"['English', 'Pусский']",Released,Along Came a Spider,6.1,400,2001,4,45178561,1.7529760166666666
29000000,315664,en,19.237254,"['BBC Films', 'Qwerty Films', 'Pathé']","['United Kingdom', 'United States of America']",2016-05-06,48902953,110.0,['English'],Released,Florence Foster Jenkins,6.6,392,2016,5,19902953,1.686308724137931
29000000,1428,en,27.555646,"['Columbia Pictures Corporation', 'Dimension Films', 'Troublemaker Studios']",['United States of America'],2003-09-11,98185582,102.0,"['English', 'Español']",Released,Once Upon a Time in Mexico,6.2,594,2003,9,69185582,3.3857097241379313
28000000,562,en,66.169628,"['Twentieth Century Fox Film Corporation', 'Gordon Company', 'Silver Pictures']",['United States of America'],1988-07-15,140767956,131.0,"['English', 'Deutsch', 'Italiano']",Released,Die Hard,7.5,3948,1988,7,112767956,5.027427
28000000,15373,en,24.917665,"['Universal Pictures', 'Internationale Filmproduktion Stella-del-Süd', 'Relativity Media', 'New Regency Pictures', 'WideAwake', 'Stuber/Parent']",['United States of America'],2008-02-03,92380927,99.0,['English'],Released,Role Models,6.4,564,2008,2,64380927,3.2993188214285714
28000000,318846,en,57.518472,"['Paramount Pictures', 'Plan B Entertainment', 'Regency Enterprises']",['United States of America'],2015-12-11,133346506,130.0,['English'],Released,The Big Short,7.3,2607,2015,12,105346506,4.762375214285714
28000000,14292,en,7.534003,['Walt Disney'],['United States of America'],2004-02-06,64445708,135.0,['English'],Released,Miracle,7.0,159,2004,2,36445708,2.3016324285714287
28000000,924,en,44.529429,"['New Amsterdam Entertainment', 'Strike Entertainment', 'Metropolitan Filmexport', 'Toho-Towa', 'Cruel and Unusual Films']",['United States of America'],2004-03-19,102356381,101.0,"['English', 'Italiano']",Released,Dawn of the Dead,6.8,1016,2004,3,74356381,3.6555850357142856
35000000,2018,en,14.949395,"['Columbia Pictures Corporation', 'Intermedia Films', 'Dee Gee Entertainment', 'Tapestry Films', 'Prufrock Pictures', 'IMF Internationale Medien und Film GmbH & Co. Produktions KG']",['United States of America'],2001-01-26,94728529,103.0,['English'],Released,The Wedding Planner,5.5,427,2001,1,59728529,2.7065294
30000000,192577,ja,14.726338,['Toei Animation Company'],['Japan'],2013-09-07,17137302,115.0,['日本語'],Released,Space Pirate Captain Harlock,6.5,356,2013,9,-12862698,0.5712434
21000000,9428,en,24.13081,['Touchstone Pictures'],['United States of America'],2001-10-05,71441250,110.0,"['English', 'Italiano']",Released,The Royal Tenenbaums,7.4,1286,2001,10,50441250,3.4019642857142856
30000000,2832,en,45.915165,"['Konrad Pictures', 'Columbia Pictures Corporation']",['United States of America'],2003-04-25,90259536,90.0,['English'],Released,Identity,7.1,1061,2003,4,60259536,3.0086512
28000000,137093,en,28.043508,"['Laurence Mark Productions', 'CBS Films', 'Outlaw Sinema', 'Good Universe', 'Gidden Media']",['United States of America'],2013-10-31,134402450,105.0,['English'],Released,Last Vegas,6.4,799,2013,10,106402450,4.8000875
28000000,699,en,26.090746,"['United Artists', 'Eon Productions']","['United Kingdom', 'United States of America']",1981-06-23,195312802,127.0,"['ελληνικά', 'English', 'Italiano']",Released,For Your Eyes Only,6.3,490,1981,6,167312802,6.975457214285714
28000000,9778,en,14.530803,"['Miramax Films', 'Tapestry Films', 'Simon Fields Productions']",['United States of America'],2001-10-05,77516304,90.0,['English'],Released,Serendipity,6.6,521,2001,10,49516304,2.7684394285714284
27000000,8831,en,13.308127,"['Universal Pictures', 'Renaissance Pictures', 'Dark Horse Entertainment', 'Largo Entertainment', 'Signature Pictures', 'JVC Entertainment Networks']","['Japan', 'United States of America']",1994-09-15,101646581,99.0,['English'],Released,Timecop,5.5,282,1994,9,74646581,3.764688185185185
28000000,9398,en,38.0958,"['Paramount Pictures', 'Village Roadshow Pictures', 'NPV Entertainment', 'Scott Rudin Productions', 'Red Hour Productions', 'Tenth Planet Productions', 'VH1 Television', 'Red Hour Films', 'MFP Munich Film Partners GmbH & Company I. Produktions KG']","['Germany', 'United States of America']",2001-09-28,60780981,89.0,['English'],Released,Zoolander,6.1,1337,2001,9,32780981,2.1707493214285716
28000000,112949,en,37.729059,"['Temple Hill Productions', 'Relativity Media']",['United States of America'],2013-02-07,97594140,115.0,"['English', 'Português']",Released,Safe Haven,6.9,823,2013,2,69594140,3.485505
28000000,10439,en,18.650748,['Walt Disney Pictures'],['United States of America'],1993-07-16,39514713,96.0,['English'],Released,Hocus Pocus,6.4,471,1993,7,11514713,1.41123975
28000000,3638,en,15.794946,"['Village Roadshow Pictures', 'Castle Rock Entertainment', 'Warner Bros.', 'Storefront Pictures', 'WV Films III']","['Australia', 'United States of America']",2007-07-25,92601050,104.0,['English'],Released,No Reservations,6.1,327,2007,7,64601050,3.3071803571428573
28000000,23483,en,45.054936,"['Lionsgate', 'Marv Films']","['United Kingdom', 'United States of America']",2010-03-22,96188903,117.0,['English'],Released,Kick-Ass,7.1,4645,2010,3,68188903,3.4353179642857143
28000000,62206,en,25.039383,['Columbia Pictures'],"['United States of America', 'Germany', 'Canada']",2011-08-11,40547440,83.0,"['English', 'Deutsch', 'Español']",Released,30 Minutes or Less,5.6,531,2011,8,12547440,1.448122857142857
28000000,10577,en,6.756771,"['Neo Art & Logic', 'Dimension Films', 'Wes Craven Films']",['United States of America'],2000-12-22,33000337,99.0,['English'],Released,Dracula 2000,4.6,148,2000,12,5000337,1.1785834642857143
28000000,218778,en,22.14595,"['Walt Disney Pictures', '21 Laps Entertainment', 'Jim Henson Company, The']",['United States of America'],2014-10-08,100654149,81.0,['English'],Released,"Alexander and the Terrible, Horrible, No Good, Very Bad Day",6.1,493,2014,10,72654149,3.5947910357142856
28000000,4348,en,36.58383,"['Universal Pictures', 'StudioCanal', 'Scion Films', 'Focus Features', 'Working Title Films']","['France', 'United Kingdom', 'United States of America']",2005-09-16,121147947,135.0,['English'],Released,Pride & Prejudice,7.7,1358,2005,9,93147947,4.326712392857143
28000000,78,en,94.056131,"['Shaw Brothers', 'Warner Bros.', 'The Ladd Company']","['United States of America', 'Hong Kong', 'United Kingdom']",1982-06-25,33139618,117.0,"['English', 'Deutsch', '广州话 / 廣州話', '日本語', 'Magyar']",Released,Blade Runner,7.9,3509,1982,6,5139618,1.1835577857142856
28000000,11780,en,10.703456,"['United Artists', 'Talisman Productions']","['United Kingdom', 'United States of America']",1995-04-13,31596911,139.0,['English'],Released,Rob Roy,6.5,148,1995,4,3596911,1.1284611071428572
28000000,192102,en,41.638961,"['Wonderland Sound and Vision', 'EuropaCorp', 'Relativity Media', '3DTK', 'Feelgood Entertainment', 'Paradise/MGN']","['France', 'United States of America']",2014-02-14,52597999,113.0,['English'],Released,3 Days to Kill,6.0,883,2014,2,24597999,1.8784999642857143
21000000,2001,en,14.518708,"['Columbia Pictures', 'Industry Entertainment', '2929 Productions']",['United States of America'],2007-05-25,54926886,117.0,"['English', 'Pусский']",Released,We Own the Night,6.5,323,2007,5,33926886,2.615566
35866397,11516,fr,3.75074,"['Bac Films', 'Pandora Filmproduktion', 'Procirep', 'Galatée Films', 'Eurimages', 'Canal+', 'Westdeutscher Rundfunk (WDR)', 'Télévision Suisse-Romande (TSR)', 'Wanda Visión S.A.', 'Conseil Régional de Franche-Comté', 'Eyescreen S.r.l.', 'France 2 Cinéma', 'Les Productions de la Guéville', 'Centre National de la Cinématographie (CNC)']","['Switzerland', 'Germany', 'Spain', 'France', 'Italy']",2001-12-12,20217080,98.0,"['English', 'Français']",Released,Winged Migration,7.0,49,2001,12,-15649317,0.5636774722590618
28000000,10025,en,22.074306,"['Regency Enterprises', 'Cheyenne Enterprises', 'New Regency Pictures']",['United States of America'],2006-05-12,38159905,103.0,['English'],Released,Just My Luck,5.8,491,2006,5,10159905,1.36285375
28000000,15198,en,4.436792,['Hollywood Pictures'],"['Canada', 'United States of America']",1999-10-01,8888143,119.0,['English'],Released,"Mystery, Alaska",6.0,69,1999,10,-19111857,0.31743367857142857
28000000,23172,en,14.639324,"['Robert Simonds Productions', 'Relativity Media', 'Spy Next Door']",['United States of America'],2010-01-15,45236543,94.0,['English'],Released,The Spy Next Door,5.5,345,2010,1,17236543,1.6155908214285715
28000000,17834,en,1.767479,"['Universal Pictures', 'The Bubble Factory']",['United States of America'],1997-07-11,8345056,86.0,['English'],Released,A Simple Wish,5.5,46,1997,7,-19654944,0.2980377142857143
28000000,10016,en,13.145205,"['Screen Gems', 'Storm King Productions', 'Animationwerks']",['United States of America'],2001-08-24,14010832,98.0,['English'],Released,Ghosts of Mars,4.8,296,2001,8,-13989168,0.5003868571428571
28000000,10317,en,12.921594,"['Participant Media', 'Smokehouse Pictures']",['United States of America'],2015-09-11,7002261,108.0,['English'],Released,Our Brand Is Crisis,5.8,195,2015,9,-20997739,0.25008075
28000000,58431,en,28.397048,"['Lionsgate', 'Handsomecharlie Films', 'Cross Creek Pictures', 'Darko Entertainment', 'Panorama Media', 'QC Entertainment']",['United States of America'],2016-02-04,16374328,108.0,['English'],Released,Pride and Prejudice and Zombies,5.5,640,2016,2,-11625672,0.5847974285714286
28000000,9746,en,7.039189,['Touchstone Pictures'],['United States of America'],1997-12-25,5684789,134.0,"['English', '普通话', '']",Released,Kundun,6.8,91,1997,12,-22315211,0.20302817857142857
27000000,13092,en,16.785866,"['UK Film Council', 'Intandem Films', 'Aramid Entertainment Fund', 'Film4', 'Lipsync Productions', 'Number 9 Films']",['United Kingdom'],2008-10-02,17286299,110.0,['English'],Released,How to Lose Friends & Alienate People,6.2,244,2008,10,-9713701,0.6402332962962963
28000000,59859,en,40.28635,"['Universal Pictures', 'Marv Films']","['United States of America', 'United Kingdom']",2013-07-17,60700000,103.0,['English'],Released,Kick-Ass 2,6.3,2224,2013,7,32700000,2.1678571428571427
24000000,13495,es,6.009644,"['Twentieth Century Fox Film Corporation', 'Estudios Picasso', 'NBC Universal Global Networks', 'Origen Producciones Cinematograficas S.A.']",['Spain'],2006-09-01,23321954,145.0,['Español'],Released,Alatriste,5.6,61,2006,9,-678046,0.9717480833333333
28000000,254473,en,25.520976,"['Canal+', 'EuropaCorp', 'Ciné+', 'D8']","['Canada', 'France']",2014-04-22,68896829,90.0,['English'],Released,Brick Mansions,5.7,615,2014,4,40896829,2.460601035714286
27500000,700,en,25.633663,['Eon Productions'],"['United Kingdom', 'United States of America']",1983-06-05,187500000,131.0,"['Deutsch', 'English', 'Pусский', 'Español']",Released,Octopussy,6.2,527,1983,6,160000000,6.818181818181818
30000000,4964,en,22.527211,"['Universal Pictures', 'Apatow Productions']",['United States of America'],2007-06-01,219076518,129.0,['English'],Released,Knocked Up,6.2,1214,2007,6,189076518,7.3025506
30000000,10024,en,24.09152,"['Mark Johnson Productions', 'Gran Via Productions', 'Curmudgeon Films']",['United States of America'],2009-06-26,95714875,109.0,"['Hrvatski', 'English']",Released,My Sister's Keeper,7.1,598,2009,6,65714875,3.1904958333333333
35000000,13490,en,6.248273,"['Universal Pictures', 'Spyglass Entertainment']",['United States of America'],2008-02-08,43650785,114.0,['English'],Released,Welcome Home Roscoe Jenkins,5.7,57,2008,2,8650785,1.2471652857142856
8000000,15927,en,9.548391,"['Columbia Pictures', 'EMI Films Ltd.', 'Thorn EMI Screen Entertainment', 'Home Box Office']","['United Kingdom', 'United States of America']",1984-12-14,27187653,163.0,"['English', 'हिन्दी']",Released,A Passage to India,6.9,67,1984,12,19187653,3.398456625
15000000,1259,en,12.576381,"['Fox Searchlight Pictures', 'Scott Rudin Productions', 'DNA Films', 'BBC Films', 'Ingenious Film Partners', 'UK Film Council']",['United Kingdom'],2006-12-25,49469904,92.0,"['English', 'Français']",Released,Notes on a Scandal,6.9,235,2006,12,34469904,3.2979936
27500000,5125,en,12.741073,"['Anonymous Content', 'Level 1 Entertainment', 'MID Foundation']",['United States of America'],2007-09-07,24748670,120.0,"['العربية', 'English']",Released,Rendition,6.2,205,2007,9,-2751330,0.8999516363636364
27000000,174,en,16.188572,['Paramount Pictures'],['United States of America'],1991-12-05,96900000,113.0,['English'],Released,Star Trek VI: The Undiscovered Country,6.7,413,1991,12,69900000,3.588888888888889
27000000,9437,en,18.913,"['Paramount Pictures', 'Rysher Entertainment']",['United States of America'],1997-10-03,60527873,115.0,"['English', '普通话']",Released,Kiss the Girls,6.2,345,1997,10,33527873,2.2417730740740742
27000000,525,en,44.714264,['Universal Pictures'],['United States of America'],1980-06-17,115229890,133.0,['English'],Released,The Blues Brothers,7.5,1065,1980,6,88229890,4.267773703703703
27000000,10188,en,11.870301,[],['United States of America'],2008-08-06,44352417,117.0,['English'],Released,The Sisterhood of the Traveling Pants 2,6.0,238,2008,8,17352417,1.6426821111111112
27000000,245,en,28.227984,['Universal Pictures'],"['United Kingdom', 'United States of America']",2002-04-26,129000000,101.0,['English'],Released,About a Boy,6.6,607,2002,4,102000000,4.777777777777778
27000000,9825,en,11.678561,"['Fox 2000 Pictures', 'Phoenix Pictures', 'Rocking Chair Productions']",['United States of America'],1999-07-15,56870414,82.0,['English'],Released,Lake Placid,5.5,247,1999,7,29870414,2.1063116296296296
27000000,186,en,36.921445,"['The Weinstein Company', 'FilmEngine', 'Capitol Films', 'Ascendant Pictures', 'VIP Medienfonds 4', 'The Complex Studio']","['Germany', 'United States of America']",2006-02-24,56308881,110.0,['English'],Released,Lucky Number Slevin,7.4,1323,2006,2,29308881,2.0855141111111113
27000000,9549,en,17.567332,"['Warner Bros.', 'The Ladd Company']",['United States of America'],1983-10-20,21500000,193.0,"['English', 'Pусский']",Released,The Right Stuff,7.3,235,1983,10,-5500000,0.7962962962962963
30000000,61891,en,16.698316,"['Columbia Pictures', 'Centropolis Entertainment']","['United Kingdom', 'Germany']",2011-10-21,15395087,130.0,['English'],Released,Anonymous,6.3,288,2011,10,-14604913,0.5131695666666667
27000000,34584,en,47.862016,"['Producers Sales Organization', 'Bavaria Film', 'Dieter Geissler Filmproduktion', 'Warner Bros.', 'Westdeutscher Rundfunk (WDR)', 'Bavaria Studios']","['Germany', 'United States of America']",1984-04-05,20158808,102.0,['English'],Released,The NeverEnding Story,7.0,1002,1984,4,-6841192,0.7466225185185185
27000000,2666,en,39.324831,"['New Line Cinema', 'Mystery Clock Cinema']","['Australia', 'United States of America']",1998-02-27,27200316,100.0,['English'],Released,Dark City,7.2,828,1998,2,200316,1.007419111111111
25000000,13155,en,5.650125,"['Silver Screen Partners II', 'Oz Productions Ltd.']","['United Kingdom', 'United States of America']",1985-06-21,11137801,109.0,['English'],Released,Return to Oz,6.7,120,1985,6,-13862199,0.44551204
27000000,42807,en,3.123583,"['Twentieth Century Fox Film Corporation', 'Detour Filmproduction']",['United States of America'],1998-03-26,76000000,113.0,['English'],Released,The Newton Boys,5.9,44,1998,3,49000000,2.814814814814815
27000000,28355,en,23.917982,"['Paramount Vantage', 'Anonymous Content', 'Misher Films', 'Case 39 Productions']","['Canada', 'United States of America']",2009-08-13,29000000,109.0,['English'],Released,Case 39,6.1,563,2009,8,2000000,1.0740740740740742
27000000,8080,en,8.715822,"['Paramount Pictures', 'Cruise/Wagner Productions', 'Lakeshore Entertainment', 'Intermedia Films']","['Germany', 'United Kingdom', 'United States of America']",2004-08-27,13000000,99.0,['English'],Released,Suspect Zero,5.5,98,2004,8,-14000000,0.48148148148148145
27000000,56288,en,14.788073,['Dimension Films'],['United States of America'],2011-08-18,85564310,89.0,['English'],Released,Spy Kids: All the Time in the World,4.4,222,2011,8,58564310,3.1690485185185184
27000000,303858,en,38.279458,"['TriStar Pictures', 'Sony Pictures Releasing', 'Smokehouse Pictures', 'LStar Capital', 'Allegiance Theater']",['United States of America'],2016-05-12,93282604,98.0,['English'],Released,Money Monster,6.5,1068,2016,5,66282604,3.4549112592592595
28,1613,en,9.670031,"['Film Council', 'Alliance Atlantis Communications', 'The Film Consortium', 'Focus Films', 'Momentum Films', 'National Lottery', 'Canadian Film or Video Production Tax Credit (CPTC)', 'Artists Production Group (APG)', 'Fifty First Films']","['Canada', 'United Kingdom']",2001-12-07,14,93.0,['English'],Released,The 51st State,5.9,173,2001,12,-14,0.5
27000000,16617,en,17.193659,"['Avenue Pictures Productions', 'Weed Road Pictures', 'Intermedia Films', 'Egmond Film & Television', 'Dimension Films', 'Outlaw Productions (I)', 'Mindhunters (UK) Limited', 'Mindhunters Productie BV', 'Tonna Oy', 'Outlaw Victoria Productions Inc.']","['Finland', 'Netherlands', 'United Kingdom', 'United States of America']",2004-05-07,21148829,106.0,['English'],Released,Mindhunters,6.3,333,2004,5,-5851171,0.7832899629629629
25000000,8944,en,8.31653,"['2929 Productions', 'Linson Entertainment', 'Art Linson Productions', 'Tribeca Productions']",['United States of America'],2008-10-17,6673422,104.0,"['Français', 'English', 'עִבְרִית']",Released,What Just Happened,5.2,127,2008,10,-18326578,0.26693688
26000000,14560,en,31.250383,"['Columbia Pictures', 'Happy Madison Productions', 'Relativity Media', 'Hey Eddie']",['United States of America'],2009-01-15,183293131,91.0,['English'],Released,Paul Blart: Mall Cop,5.2,788,2009,1,157293131,7.049735807692308
26000000,10330,en,24.345651,"['Walt Disney Pictures', 'Gunn Films', 'Casual Friday Productions']",['United States of America'],2003-08-03,110230332,97.0,"['普通话', 'English']",Released,Freaky Friday,6.0,879,2003,8,84230332,4.239628153846154
26000000,6957,en,38.473732,"['Universal Pictures', 'Apatow Productions']",['United States of America'],2005-08-11,109449237,116.0,"['English', 'Español']",Released,The 40 Year Old Virgin,6.2,1983,2005,8,83449237,4.209586038461539
25000000,1934,en,31.792964,"['Miramax Films', 'Universal Pictures', 'Bedford Falls Productions']",['United States of America'],1998-12-11,289317794,122.0,['English'],Released,Shakespeare in Love,6.8,796,1998,12,264317794,11.57271176
28000000,169917,en,61.309619,"['Double Feature Films', 'Jersey Films', '1984 Private Defense Contractors', 'Cross Creek Pictures', 'Exclusive Media Group', 'Traveling Picture Show Company (TPSC)', 'Free State Pictures', 'Da Vinci Media Ventures']",['United States of America'],2014-09-18,53181600,113.0,['English'],Released,A Walk Among the Tombstones,6.2,1131,2014,9,25181600,1.8993428571428572
15000000,951,en,5.411154,"['Imagine Entertainment', 'Universal Pictures']",['United States of America'],1990-12-21,201957688,111.0,"['English', 'Español']",Released,Kindergarten Cop,5.8,628,1990,12,186957688,13.463845866666666
27000000,10189,en,41.832392,"['Columbia Pictures', 'Apatow Productions']",['United States of America'],2008-08-06,101624843,111.0,['English'],Released,Pineapple Express,6.6,1148,2008,8,74624843,3.763883074074074
26000000,9454,en,21.988861,['Twentieth Century Fox Film Corporation'],['United States of America'],1998-07-31,65705772,121.0,['English'],Released,Ever After: A Cinderella Story,6.8,399,1998,7,39705772,2.5271450769230768
22000000,2055,en,19.068175,"['Tig Productions', 'Touchstone Pictures', 'Beacon Pictures', 'Cobalt Media Group']",['United States of America'],2003-08-29,68296293,139.0,['English'],Released,Open Range,7.0,262,2003,8,46296293,3.1043769545454545
26000000,1551,en,24.114459,"['Columbia Pictures Corporation', 'Stonebridge Entertainment']",['United States of America'],1990-08-09,61489265,115.0,"['English', 'Français', 'Español']",Released,Flatliners,6.3,404,1990,8,35489265,2.3649717307692306
22000000,5902,en,20.256571,"['United Artists', 'Joseph E. Levine Productions']","['United Kingdom', 'United States of America']",1977-06-15,50750000,175.0,"['English', 'Nederlands', 'Polski', 'Deutsch', 'Latin']",Released,A Bridge Too Far,6.9,207,1977,6,28750000,2.3068181818181817
26000000,11460,en,8.802626,"['DreamWorks SKG', 'Craven-Maddalena Films', 'BenderSpink']",['United States of America'],2005-08-04,57891803,85.0,"['English', 'Pусский']",Released,Red Eye,6.2,455,2005,8,31891803,2.2266078076923077
26000000,9358,en,37.355826,"['New Line Cinema', 'Zide-Perry Productions']",['United States of America'],2003-01-31,90426405,90.0,['English'],Released,Final Destination 2,5.9,1023,2003,1,64426405,3.4779386538461536
26000000,134,en,39.742009,"['Universal Pictures', 'Mike Zoss Productions', 'Studio Canal', 'Touchstone Pictures', 'Working Title Films']","['France', 'United Kingdom', 'United States of America']",2000-08-30,71868327,106.0,['English'],Released,"O Brother, Where Art Thou?",7.3,1112,2000,8,45868327,2.764166423076923
26000000,22894,en,30.981604,['Bold Films'],['United States of America'],2010-01-21,67918658,100.0,['English'],Released,Legion,5.2,629,2010,1,41918658,2.6122560769230767
25000000,134374,en,31.893932,"['Paramount Pictures', 'De Line Pictures']",['United States of America'],2013-04-18,86175291,130.0,['English'],Released,Pain & Gain,6.1,1573,2013,4,61175291,3.44701164
26000000,15028,en,5.894163,"['Paramount Pictures', 'Nickelodeon Movies', 'Valhalla Motion Pictures']",['United States of America'],2002-03-17,38793283,94.0,"['Český', 'English']",Released,Clockstoppers,4.9,89,2002,3,12793283,1.4920493461538462
26000000,7445,en,22.07638,"['Lionsgate', 'Relativity Media', 'Sighvatsson Films', 'Michael De Luca Productions', 'Palomar Pictures (II)']",['United States of America'],2009-01-27,43318349,104.0,"['English', 'Français']",Released,Brothers,6.8,633,2009,1,17318349,1.666090346153846
26000000,17047,en,10.925618,"['Splendid Pictures', 'Maverick Films', 'Metro-Goldwyn-Mayer (MGM)', 'Dylan Sellers Productions', 'Madacy Entertainment']",['United States of America'],2004-12-03,28818995,100.0,['English'],Released,Agent Cody Banks 2: Destination London,5.2,144,2004,12,2818995,1.1084228846153845
56000000,62838,en,21.219292,['New Line Cinema'],['United States of America'],2011-12-08,142044638,118.0,['English'],Released,New Year's Eve,5.7,718,2011,12,86044638,2.5365113928571428
42000000,2057,en,14.831402,['Metro-Goldwyn-Mayer (MGM)'],"['France', 'United States of America']",2001-08-03,35402320,118.0,"['English', 'Deutsch', '日本語', 'Latin', 'Español']",Released,Original Sin,5.8,198,2001,8,-6597680,0.842912380952381
26000000,70436,en,22.520842,['Relativity Media'],"['Hungary', 'Serbia', 'Spain', 'United States of America']",2012-03-09,29657751,111.0,['English'],Released,The Raven,6.1,426,2012,3,3657751,1.1406827307692309
30000000,16784,en,3.314094,"['Twentieth Century Fox Film Corporation', 'Intermedia Films', 'Mediastream Vierte Film GmbH & Co. Vermarktungs KG', 'Mooseport Productions']","['Germany', 'United States of America']",2004-02-24,14000000,110.0,['English'],Released,Welcome to Mooseport,4.8,54,2004,2,-16000000,0.4666666666666667
26000000,8011,en,7.964451,"['Trans-Film', 'Initial Groupe', 'Lumière Pictures', 'Fallingcloud']","['Canada', 'France', 'United Kingdom']",1994-11-29,36800000,99.0,['English'],Released,Highlander: The Final Dimension,4.5,110,1994,11,10800000,1.4153846153846155
25530000,36355,en,4.475007,"['Universal Pictures', 'The Bubble Factory', 'American Films']",['United States of America'],1996-05-17,20080020,95.0,['English'],Released,Flipper,5.3,84,1996,5,-5449980,0.7865264394829612
26000000,238615,en,66.097437,"['Endgame Entertainment', 'Ram Bergman Productions']",['United States of America'],2015-07-10,30523226,116.0,['English'],Released,Self/less,6.3,1091,2015,7,4523226,1.1739702307692308
25000000,1985,en,20.679652,"['Studio Babelsberg', 'Epsilon Motion Pictures', 'UK Film Council', 'Scion Films', 'Focus Features', 'Blue Sky Films', 'Potboiler Productions']","['China', 'Germany', 'United Kingdom', 'United States of America']",2005-08-31,82466670,129.0,"['Deutsch', 'English', 'Italiano', 'Kiswahili']",Released,The Constant Gardener,6.8,417,2005,8,57466670,3.2986668
30000000,615,en,38.171417,"['Icon Productions', 'Twentieth Century Fox Film Corporation']",['United States of America'],2004-02-25,611899420,127.0,"['עִבְרִית', 'Latin']",Released,The Passion of the Christ,6.9,864,2004,2,581899420,20.396647333333334
25000000,788,en,30.884535,"['Twentieth Century Fox Film Corporation', 'Blue Wolf']",['United States of America'],1993-11-24,441286195,125.0,['English'],Released,Mrs. Doubtfire,7.0,1591,1993,11,416286195,17.6514478
25000000,380,en,49.510658,"['United Artists', 'Star Partners II Ltd.']",['United States of America'],1988-12-11,412800000,133.0,"['Italiano', 'English']",Released,Rain Man,7.6,1709,1988,12,387800000,16.512
33000000,13223,en,50.7453,"['Village Roadshow Pictures', 'Malpaso Productions', 'Gerber Pictures', 'Warner Bros.', 'Double Nickel Entertainment', 'Matten Productions', 'WV Films IV']","['United States of America', 'Germany']",2008-12-09,269958228,116.0,['English'],Released,Gran Torino,7.8,3086,2008,12,236958228,8.180552363636364
25100000,10523,en,10.445391,"['Ixtlan Productions', 'Emperor Motion Pictures', 'Global Entertainment Group']",['United States of America'],2008-10-17,29506464,131.0,"['Español', 'English']",Released,W.,6.1,143,2008,10,4406464,1.1755563346613547
25000000,8681,en,80.879032,"['Twentieth Century Fox Film Corporation', 'M6 Films', 'Canal+', 'TPS Star', 'Grive Productions', 'EuropaCorp', 'M6', 'Wintergreen Productions', 'All Pictures Media']","['France', 'United Kingdom', 'United States of America']",2008-02-18,226830568,93.0,"['English', 'Français', 'العربية', 'shqip']",Released,Taken,7.2,4369,2008,2,201830568,9.07322272
26000000,239571,en,33.93914,['Relativity Media'],['United States of America'],2014-10-16,35926213,117.0,['English'],Released,The Best of Me,7.2,765,2014,10,9926213,1.381777423076923
25000000,619,en,26.576385,"['Tig Productions', 'Warner Bros.', 'Kasdan Pictures']",['United States of America'],1992-11-25,411006740,129.0,['English'],Released,The Bodyguard,6.1,661,1992,11,386006740,16.4402696
22000000,424,en,104.469351,"['Universal Pictures', 'Amblin Entertainment']",['United States of America'],1993-11-29,321365567,195.0,"['Deutsch', 'Polski', 'עִבְרִית', 'English']",Released,Schindler's List,8.3,4329,1993,11,299365567,14.607525772727273
25000000,50014,en,42.191509,"['DreamWorks SKG', '1492 Pictures', 'Participant Productions', 'Imagenation Abu Dhabi FZ', 'Reliance Entertainment', 'Touchstone Pictures']","['India', 'United Arab Emirates', 'United States of America']",2011-08-09,124272124,146.0,['English'],Released,The Help,7.8,1910,2011,8,99272124,4.97088496
28000000,162903,en,20.267062,"['DreamWorks SKG', 'Participant Media', 'Reliance Entertainment', 'Touchstone Pictures', 'Anonymous Content']","['Belgium', 'United States of America']",2013-10-11,8555008,128.0,['English'],Released,The Fifth Estate,5.7,364,2013,10,-19444992,0.305536
30000000,6466,en,26.69592,"['New Line Cinema', 'Cecchi Gori Group Tiger Cinematografica', 'Avery Pix', 'Sean S. Cunningham Films', 'Crystal Lake Entertainment', 'WTC Productions', 'Yannix Technology Corporation']","['Canada', 'Italy', 'United States of America']",2003-08-15,114908830,97.0,['English'],Released,Freddy vs. Jason,5.8,594,2003,8,84908830,3.8302943333333332
25000000,12589,en,12.739721,"['Nickelodeon Movies', 'Universal Cartoon Studios', 'Paramount Animation']",['United States of America'],2001-12-21,80936232,83.0,['English'],Released,Jimmy Neutron: Boy Genius,5.6,231,2001,12,55936232,3.23744928
25000000,7191,en,46.942396,"['Paramount Pictures', 'Bad Robot']",['United States of America'],2008-01-15,170764026,85.0,"['Pусский', 'English']",Released,Cloverfield,6.4,2251,2008,1,145764026,6.83056104
25000000,1497,en,15.505137,"['New Line Cinema', 'Golden Harvest Company']","['Hong Kong', 'United States of America']",1991-03-22,78000000,88.0,['English'],Released,Teenage Mutant Ninja Turtles II: The Secret of the Ooze,5.8,286,1991,3,53000000,3.12
25000000,117,en,38.272889,['Paramount Pictures'],['United States of America'],1987-06-02,76270454,119.0,['English'],Released,The Untouchables,7.6,1384,1987,6,51270454,3.05081816
25000000,6977,en,53.645267,"['Miramax Films', 'Scott Rudin Productions', 'Paramount Vantage', 'Mike Zoss Productions']",['United States of America'],2007-11-08,171600000,122.0,"['English', 'Español']",Released,No Country for Old Men,7.7,3003,2007,11,146600000,6.864
25000000,168530,en,28.468,"['Universal Pictures', 'Rainforest Films', 'Cube Vision', 'Relativity Media']",['United States of America'],2014-01-07,153997819,99.0,['English'],Released,Ride Along,6.1,853,2014,1,128997819,6.15991276
25000000,634,en,35.310712,"['Miramax Films', 'Universal Pictures', 'Studio Canal', 'Working Title Films', 'Little Bird']","['France', 'Ireland', 'United Kingdom', 'United States of America']",2001-04-13,281929795,97.0,['English'],Released,Bridget Jones's Diary,6.5,1356,2001,4,256929795,11.2771918
25000000,392,en,28.727731,"['Miramax Films', 'David Brown Productions', 'Fat Free']","['United Kingdom', 'United States of America']",2000-12-14,152500343,121.0,"['English', 'Français']",Released,Chocolat,6.8,951,2000,12,127500343,6.10001372
45000000,10327,en,4.340616,"['Type A Films', 'Marc Platt Productions', 'Metro-Goldwyn-Mayer (MGM)']",['United States of America'],2003-07-02,124914842,95.0,['English'],Released,"Legally Blonde 2: Red, White & Blonde",5.1,377,2003,7,79914842,2.7758853777777777
25000000,88042,en,14.604911,"['Twentieth Century Fox Film Corporation', 'Dune Entertainment', 'Dune Entertainment III', 'Chernin Entertainment', 'Walden Media', 'Face Productions']",['United States of America'],2012-12-25,119772232,104.0,['English'],Released,Parental Guidance,5.7,210,2012,12,94772232,4.79088928
25000000,41630,en,38.688822,"['Katalyst Films', 'The Montecito Picture Company', 'Handsomecharlie Films']",['United States of America'],2011-01-21,147780440,107.0,['English'],Released,No Strings Attached,6.1,1331,2011,1,122780440,5.9112176
25000000,11969,en,30.537845,"['Hollywood Pictures', 'Cinergi Pictures Entertainment']",['United States of America'],1993-12-25,56505065,130.0,"['English', 'Latin', 'Español']",Released,Tombstone,7.4,626,1993,12,31505065,2.2602026
25000000,2085,en,19.750059,"['Silver Pictures', 'Warner Bros.']",['United States of America'],2000-03-20,91036760,115.0,"['English', '普通话']",Released,Romeo Must Die,6.0,330,2000,3,66036760,3.6414704
2800000,794,en,25.939385,"['Twentieth Century Fox Film Corporation', 'Mace Neufeld Productions']","['United Kingdom', 'United States of America']",1976-06-06,60922980,111.0,"['English', 'Italiano', 'Latin']",Released,The Omen,7.2,476,1976,6,58122980,21.75820714285714
25000000,9286,en,31.64341,"['New Line Cinema', 'Zide-Perry Productions', 'Kumar Mobiliengesellschaft mbH & Co. Projekt Nr. 1 KG', 'Hard Eight Pictures', 'Matinee Pictures', 'Practical Pictures']","['Canada', 'Germany', 'United States of America']",2006-02-10,117719158,93.0,['English'],Released,Final Destination 3,5.8,974,2006,2,92719158,4.70876632
25000000,77877,en,26.811541,"['Village Roadshow Pictures', 'DiNovi Pictures', 'Warner Bros.', 'Langley Park Production']",['United States of America'],2012-04-19,99357138,101.0,['English'],Released,The Lucky One,6.8,946,2012,4,74357138,3.97428552
60000000,1265,en,40.646102,"['Walden Media', 'Hal Lieberman Company', 'Lauren Levine Productions Inc.']",['United States of America'],2007-02-16,137587063,96.0,['English'],Released,Bridge to Terabithia,7.0,1113,2007,2,77587063,2.2931177166666665
25000000,866,en,34.160448,"['Miramax Films', 'Film Colony']","['United Kingdom', 'United States of America']",2004-10-17,116766556,106.0,['English'],Released,Finding Neverland,7.2,1223,2004,10,91766556,4.67066224
25000000,75174,en,48.552871,"['Scott Free Productions', '1984 Private Defense Contractors', 'LD Entertainment', 'Open Road Films', 'Inferno Distribution', 'Chambara Pictures']","['Canada', 'United States of America']",2012-01-26,77278331,117.0,['English'],Released,The Grey,6.4,1451,2012,1,52278331,3.09113324
25000000,11096,en,18.228538,"['Twentieth Century Fox Film Corporation', 'Fox 2000 Pictures', 'Josephson Entertainment', 'MBC Beteiligungs Filmproduktion']",['United States of America'],2005-01-27,122644820,101.0,['English'],Released,Hide and Seek,6.1,440,2005,1,97644820,4.9057928
26000000,8699,en,29.342744,['Apatow Productions'],['United States of America'],2004-07-09,90574188,94.0,['English'],Released,Anchorman: The Legend of Ron Burgundy,6.7,1493,2004,7,64574188,3.4836226153846153
25000000,769,en,63.654244,['Winkler Films'],['United States of America'],1990-09-12,46836394,145.0,"['Italiano', 'English']",Released,GoodFellas,8.2,3128,1990,9,21836394,1.87345576
28000000,10923,en,11.859396,"['Splendid Pictures', 'Maverick Films', 'Metro-Goldwyn-Mayer (MGM)', 'Dylan Sellers Productions', 'Madacy Entertainment']","['Canada', 'United States of America']",2003-03-14,58795814,102.0,['English'],Released,Agent Cody Banks,5.0,284,2003,3,30795814,2.0998505
25000000,11283,en,24.356483,"['Universal Pictures', 'Three Strange Angels', 'Studio Canal', 'Metro-Goldwyn-Mayer (MGM)', 'Working Title Films', 'Nanny McPhee Productions']","['France', 'United Kingdom', 'United States of America']",2005-10-21,122489822,97.0,['English'],Released,Nanny McPhee,6.4,711,2005,10,97489822,4.89959288
25000000,111,en,70.105981,['Universal Pictures'],['United States of America'],1983-12-08,65884703,170.0,"['English', 'Español']",Released,Scarface,8.0,2948,1983,12,40884703,2.63538812
23000000,746,en,21.189028,"['Columbia Pictures', 'Hemdale Film Corporation', 'Recorded Pictures Company', 'Soprofilms', 'TAO Film', 'Yanco']","['France', 'China', 'United Kingdom', 'Italy']",1987-10-21,43984230,163.0,"['Český', 'English', '日本語', '普通话', 'Pусский']",Released,The Last Emperor,7.4,355,1987,10,20984230,1.9123578260869565
25000000,77866,en,31.364901,"['Universal Pictures', 'StudioCanal', 'Relativity Media', 'Leverage Management', 'Closest to the Hole Productions', 'Farraday Films', 'Leverage Entertainment', 'Working Title Films', 'Blueeyes Productions']","['United States of America', 'United Kingdom', 'France']",2012-01-12,63100000,109.0,['English'],Released,Contraband,6.1,770,2012,1,38100000,2.524
25000000,7345,en,37.817905,"['Miramax Films', 'Ghoulardi Film Company', 'Paramount Vantage']",['United States of America'],2007-12-28,77208711,158.0,['English'],Released,There Will Be Blood,7.9,1537,2007,12,52208711,3.08834844
25000000,12277,en,6.086083,['Universal Pictures'],['United States of America'],2002-05-31,41604473,86.0,['English'],Released,Undercover Brother,5.5,112,2002,5,16604473,1.66417892
25000000,9779,en,17.17372,"['DiNovi Pictures', 'Alcon Entertainment', 'Alloy Entertainment']",['United States of America'],2005-06-01,39053061,119.0,"['English', 'ελληνικά', 'Español']",Released,The Sisterhood of the Traveling Pants,6.3,386,2005,6,14053061,1.56212244
25000000,2140,en,16.936576,"['Twentieth Century Fox Film Corporation', 'Current Entertainment', 'Immortal Entertainment', 'Canal+', 'EuropaCorp', 'Quality Growth International Ltd.']","['France', 'United States of America']",2001-07-06,64437847,98.0,"['English', 'Français', '普通话']",Released,Kiss of the Dragon,6.4,298,2001,7,39437847,2.57751388
25000000,12620,en,25.838073,"['Columbia Pictures', 'Happy Madison Productions', 'Relativity Media', 'Alta Loma Entertainment']",['United States of America'],2008-08-22,70442940,97.0,['English'],Released,The House Bunny,5.6,529,2008,8,45442940,2.8177176
25000000,14177,en,5.625632,['Metro-Goldwyn-Mayer (MGM)'],['United States of America'],2005-06-02,36351350,105.0,['English'],Released,Beauty Shop,5.4,115,2005,6,11351350,1.454054
25000000,198185,en,17.312433,['Walt Disney Pictures'],['United States of America'],2014-05-09,38307627,124.0,"['हिन्दी', 'English']",Released,Million Dollar Arm,6.6,259,2014,5,13307627,1.53230508
25000000,227156,en,53.811461,"['The Weinstein Company', 'Walden Media', 'Tonik Productions', 'Asis Productions']",['United States of America'],2014-08-11,66980456,94.0,['English'],Released,The Giver,6.4,1798,2014,8,41980456,2.67921824
17000000,11351,en,19.045146,"['United Artists', 'American Zoetrope', 'Myriad Pictures', 'Jeepers Creepers II']",['United States of America'],2003-08-08,63102666,104.0,['English'],Released,Jeepers Creepers 2,5.5,299,2003,8,46102666,3.711921529411765
25000000,10030,en,21.729434,"['Lionsgate', 'Karz Entertainment']","['Canada', 'United States of America']",2007-09-21,59192128,101.0,['English'],Released,Good Luck Chuck,5.5,444,2007,9,34192128,2.36768512
25000000,10623,en,12.837116,"['Silver Pictures', 'Warner Bros.']",['United States of America'],2003-02-28,56489558,101.0,"['English', '한국어/조선말', 'Pусский']",Released,Cradle 2 the Grave,5.8,236,2003,2,31489558,2.25958232
25000000,590,en,20.953265,"['Paramount Pictures', 'Miramax Films', 'Scott Rudin Productions']",['United States of America'],2002-12-27,41597830,114.0,['English'],Released,The Hours,7.0,451,2002,12,16597830,1.6639132
20000000,9655,en,10.81439,"['DreamWorks SKG', 'Lakeshore Entertainment']",['United States of America'],2006-03-17,33889159,105.0,['English'],Released,She's the Man,6.4,671,2006,3,13889159,1.69445795
25000000,1268,en,27.683874,"['Tiger Aspect Productions', 'Working Title Films']","['United Kingdom', 'France', 'Germany']",2007-03-22,229736344,90.0,['English'],Released,Mr. Bean's Holiday,6.1,663,2007,3,204736344,9.18945376
20000000,11237,en,9.855474,"['Screen Gems', 'Middle Fork Productions']",['United States of America'],2004-08-26,70992898,97.0,"['English', 'Pусский']",Released,Anacondas: The Hunt for the Blood Orchid,4.9,199,2004,8,50992898,3.5496449
25500000,190955,en,12.756344,"['Wild Bunch', 'LGM Productions', 'Les Productions du Trésor', 'Mars Distribution', 'Canal+', 'France Télévision', 'Worldview Entertainment', 'Ciné+', 'M6', 'France 3 Cinema', 'Caneo Films', 'Grisbi Productions', 'France 4', 'W9', 'Chi-Fou-Mi Productions', 'Treasure Company']","['France', 'United States of America']",2013-08-22,2415472,128.0,"['Español', 'English', 'Italiano']",Released,Blood Ties,6.0,171,2013,8,-23084528,0.09472439215686275
25000000,5123,en,29.533437,"['Warner Bros.', 'CJ Entertainment', 'Southpaw Entertainment']",['United States of America'],2007-11-21,66122026,114.0,['English'],Released,August Rush,7.1,797,2007,11,41122026,2.64488104
30000000,4518,en,14.179538,"['Channel Four Films', 'PolyGram Filmed Entertainment', 'Working Title Films']",['United States of America'],1998-09-13,82150642,124.0,"['Français', 'English']",Released,Elizabeth,7.1,334,1998,9,52150642,2.7383547333333333
25000000,11932,en,14.340095,"['Universal Pictures', 'Midwinter Productions Inc.']","['Canada', 'United States of America']",1998-10-16,50671850,89.0,['English'],Released,Bride of Chucky,5.5,350,1998,10,25671850,2.026874
25485000,11165,en,9.795985,['Twentieth Century Fox Film Corporation'],"['Japan', 'United States of America']",1970-01-26,29548291,144.0,"['English', '日本語']",Released,Tora! Tora! Tora!,6.9,147,1970,1,4063291,1.1594385324700804
25000000,6116,en,6.889437,['Columbia Pictures Corporation'],['United Kingdom'],1997-12-19,100000000,93.0,['English'],Released,Spice World,4.7,123,1997,12,75000000,4.0
25000000,57431,en,19.428994,"['Twentieth Century Fox Film Corporation', 'Michael De Luca Productions', 'Rough House Pictures']",['United States of America'],2011-12-09,34942188,81.0,['English'],Released,The Sitter,5.4,325,2011,12,9942188,1.39768752
25000000,278,en,136.747729,['Castle Rock Entertainment'],['United States of America'],1994-09-23,28341469,142.0,['English'],Released,The Shawshank Redemption,8.5,8205,1994,9,3341469,1.13365876
21150000,9290,en,6.081772,"['Bungalow Productions', 'Silver Lion Films', 'Vision View Entertainment']","['Australia', 'United States of America']",2001-04-12,39438674,92.0,['English'],Released,Crocodile Dundee in Los Angeles,4.7,146,2001,4,18288674,1.864712718676123
27000000,11543,en,17.329269,"['Motion Picture Corporation of America', 'Metro-Goldwyn-Mayer (MGM)']",['United States of America'],1996-07-04,25023434,113.0,['English'],Released,Kingpin,6.7,244,1996,7,-1976566,0.9267938518518518
25000000,284536,en,22.622453,"['Paramount Pictures', 'Closest to the Hole Productions', 'Leverage Entertainment', 'Chartoff-Winkler Productions']",['United States of America'],2014-12-25,39171130,111.0,['English'],Released,The Gambler,5.7,543,2014,12,14171130,1.5668452
25000000,152737,en,20.561682,"['Jean Doumanian Productions', 'Smokehouse Pictures']",['United States of America'],2013-12-26,74188937,121.0,['English'],Released,August: Osage County,6.9,483,2013,12,49188937,2.96755748
25000000,13374,en,13.288177,"['Walt Disney Pictures', 'Bridget Johnson Films', 'Skate Away Productions']","['United States of America', 'Canada']",2005-03-17,27645491,98.0,['English'],Released,Ice Princess,5.9,185,2005,3,2645491,1.10581964
30000000,8976,en,19.212552,"['Mile High Productions', 'Kevin Messick Productions', 'Touchstone Pictures', 'Beacon Pictures']",['United States of America'],2005-04-22,42886719,107.0,['English'],Released,A Lot Like Love,6.5,318,2005,4,12886719,1.4295573
23000000,319888,en,29.365851,"['Studio Babelsberg', 'Twentieth Century Fox Film Corporation', 'Marv Films', 'Saville Productions']","['Germany', 'United Kingdom', 'United States of America']",2016-02-26,46152800,106.0,"['English', 'Deutsch', 'Norsk']",Released,Eddie the Eagle,7.2,661,2016,2,23152800,2.0066434782608695
25000000,9469,en,10.232599,"['40 Acres & A Mule Filmworks', 'Touchstone Pictures']",['United States of America'],1998-05-01,21567853,136.0,['English'],Released,He Got Game,6.7,134,1998,5,-3432147,0.86271412
25000000,1909,en,8.870614,"['New Line Cinema', 'American Zoetrope']",['United States of America'],1994-10-01,22200000,97.0,['English'],Released,Don Juan DeMarco,6.2,183,1994,10,-2800000,0.888
25000000,22971,en,19.402816,['Screen Gems'],['United States of America'],2010-02-04,114977104,115.0,['English'],Released,Dear John,6.6,1262,2010,2,89977104,4.59908416
25000000,34813,en,24.903418,"['DC Comics', 'Weed Road Pictures', 'Dark Castle Entertainment', 'Warner Bros.', 'DC Entertainment']",['United States of America'],2010-04-23,23580000,97.0,['English'],Released,The Losers,6.2,515,2010,4,-1420000,0.9432
25000000,46261,en,14.562197,"['Miramax Films', 'Gran Via Productions', 'FilmDistrict', 'Necropia', 'Tequila Gang']","['United States of America', 'Australia', 'Mexico']",2010-11-06,36993168,99.0,['English'],Released,Don't Be Afraid of the Dark,5.4,341,2010,11,11993168,1.47972672
25000000,10431,en,18.896239,"['Mosaic Media Group', 'Current Entertainment', 'Lionsgate', 'Fierce Entertainment', 'Province of British Columbia Production Services Tax Credit', 'Rogue Films']","['United States of America', 'Canada']",2007-08-24,40452643,103.0,"['广州话 / 廣州話', 'English', '日本語', '普通话']",Released,War,6.0,414,2007,8,15452643,1.61810572
25000000,8051,en,15.960916,"['Columbia Pictures', 'New Line Cinema', 'Ghoulardi Film Company']",['United States of America'],2002-10-25,17000000,95.0,['English'],Released,Punch-Drunk Love,6.9,530,2002,10,-8000000,0.68
25000000,9352,en,25.848003,"['DreamWorks SKG', 'The Montecito Picture Company', 'Blue Sea Productions']",['United States of America'],2004-02-20,20796847,93.0,"['English', 'Français', 'Italiano', '日本語', 'Deutsch']",Released,EuroTrip,6.5,656,2004,2,-4203153,0.83187388
25000000,15487,en,7.538513,['Walt Disney Pictures'],['United States of America'],2005-09-30,15431177,120.0,['English'],Released,The Greatest Game Ever Played,6.9,110,2005,9,-9568823,0.61724708
30000000,22825,en,21.606001,"['Media Rights Capital', 'Lin Pictures', 'Warner Bros.', 'Darko Entertainment', 'Radar Pictures']",['United States of America'],2009-09-17,33333531,115.0,['English'],Released,The Box,5.4,597,2009,9,3333531,1.1111177
25000000,1831,en,3.707511,"['Paramount Pictures', 'Lakeshore Entertainment']",['United States of America'],2000-03-03,24362772,108.0,"['Français', 'English']",Released,The Next Best Thing,4.3,29,2000,3,-637228,0.97451088
25000000,43931,en,7.001176,"['Relativity Media', 'Rogue']",['United States of America'],2010-10-08,19829957,107.0,['English'],Released,My Soul to Take,5.2,147,2010,10,-5170043,0.79319828
25000000,10591,en,39.784026,"['Regency Enterprises', 'Epsilon Motion Pictures', 'New Regency Pictures', 'Daybreak']",['United States of America'],2004-04-09,30411183,108.0,['English'],Released,The Girl Next Door,6.3,824,2004,4,5411183,1.21644732
25000000,10861,en,10.115011,['Columbia Pictures'],['United States of America'],1996-09-13,51702483,100.0,['English'],Released,Maximum Risk,5.2,101,1996,9,26702483,2.06809932
25000000,276907,en,32.854557,"['Working Title Films', 'Cross Creek Pictures', 'Anton Capital Entertainment (ACE)']","['United Kingdom', 'United States of America', 'France']",2015-09-09,42972994,131.0,['English'],Released,Legend,6.7,973,2015,9,17972994,1.71891976
28000000,65055,en,8.363702,['Incentive Filmed Entertainment'],['United States of America'],2011-09-02,10126458,91.0,"['English', 'Português']",Released,Shark Night,4.9,132,2011,9,-17873542,0.3616592142857143
25,10397,en,4.88794,"['Paramount Pictures', 'Universal Pictures']","['Ireland', 'United States of America']",1999-12-25,13,145.0,['English'],Released,Angela's Ashes,7.0,59,1999,12,-12,0.52
25000000,200505,en,14.17009,"['Summit Entertainment', 'Lionsgate']",['United States of America'],2014-04-11,28831145,109.0,['English'],Released,Draft Day,6.5,304,2014,4,3831145,1.1532458
25000000,60309,en,9.169271,"['Wildwood Enterprises', 'American Film Company']",['United States of America'],2010-09-10,15478800,122.0,['English'],Released,The Conspirator,6.2,137,2010,9,-9521200,0.619152
25000000,9787,en,8.127728,"['Columbia Pictures', 'TriStar Pictures']","['Germany', 'United States of America']",2005-06-03,13411957,107.0,"['English', 'Español']",Released,Lords of Dogtown,7.0,210,2005,6,-11588043,0.53647828
25000000,293646,en,10.699952,"['Alcon Entertainment', 'Phoenix Pictures', 'Fabula', 'Half Circle']","['United States of America', 'Chile']",2015-08-06,24902723,120.0,"['Español', 'English']",Released,The 33,6.0,378,2015,8,-97277,0.99610892
25000000,6978,en,29.796394,"['Twentieth Century Fox Film Corporation', 'TAFT Entertainment Pictures']",['United States of America'],1986-05-30,11000000,99.0,"['广州话 / 廣州話', 'English']",Released,Big Trouble in Little China,7.1,705,1986,5,-14000000,0.44
25000000,59440,en,51.915025,"['Solaris Film', 'Lionsgate', 'Mimran Schur Pictures', 'Filmtribe']",['United States of America'],2011-09-09,23057115,140.0,['English'],Released,Warrior,7.7,1272,2011,9,-1942885,0.9222846
28000000,1770,en,8.314624,"['Geffen Pictures', 'Warner Bros.']","['Ireland', 'United Kingdom']",1996-10-25,16900000,132.0,['English'],Released,Michael Collins,6.7,97,1996,10,-11100000,0.6035714285714285
25000000,8988,en,4.002579,"['Paramount Pictures', 'Scott Rudin Productions', 'MTV Films', 'Peirce Pictures']",['United States of America'],2008-03-28,11207130,113.0,['English'],Released,Stop-Loss,6.1,82,2008,3,-13792870,0.4482852
25000000,15992,en,3.888776,"['Paramount Pictures', 'Spyglass Entertainment', 'Touchstone Pictures']","['Australia', 'United States of America']",2002-10-14,10719357,99.0,"['Italiano', 'English']",Released,Abandon,4.6,45,2002,10,-14280643,0.42877428
25000000,17707,en,7.296459,"['Twentieth Century Fox Film Corporation', 'Fox 2000 Pictures', 'Adam Fields Productions', 'Two Girls Productions']",['United States of America'],1999-08-13,13000000,100.0,"['English', 'ภาษาไทย']",Released,Brokedown Palace,6.2,111,1999,8,-12000000,0.52
14000000,77883,en,21.680424,"['Ghost House Pictures', 'North Box Productions']","['United States of America', 'Canada']",2012-08-30,85446075,92.0,['English'],Released,The Possession,5.8,498,2012,8,71446075,6.103291071428571
25000000,40001,en,7.946769,['TriStar Pictures'],['United States of America'],1996-04-19,10070000,105.0,['English'],Released,Mrs. Winterbourne,5.3,25,1996,4,-14930000,0.4028
25000000,64639,en,7.473455,['Battleplan Productions'],['United States of America'],2011-09-16,10324441,110.0,['English'],Released,Straw Dogs,5.5,144,2011,9,-14675559,0.41297764
25000000,9903,en,5.073536,"['Miramax Films', 'The Mark Gordon Company', 'Yari Film Group', 'Bob Yari Productions']",['United States of America'],2006-10-14,11772461,116.0,['English'],Released,The Hoax,6.4,60,2006,10,-13227539,0.47089844
32000000,20766,en,41.075532,"['2929 Productions', 'Dimension Films', 'Nick Wechsler Productions', 'Chockstone Pictures']",['United States of America'],2009-11-25,27635305,111.0,['English'],Released,The Road,6.8,1087,2009,11,-4364695,0.86360328125
25000000,24264,en,4.020194,"['Columbia Pictures Corporation', 'Delphi II Productions', 'Colgems Productions Ltd.']",[],1984-08-17,5778353,117.0,['English'],Released,Sheena,5.0,22,1984,8,-19221647,0.23113412
25000000,9067,en,8.186936,['Trilogy Entertainment Group'],['United States of America'],1995-03-31,4064495,98.0,['English'],Released,Tank Girl,5.5,138,1995,3,-20935505,0.1625798
25000000,8338,en,17.603823,"['Rhombus Media', 'O2 Filmes', 'Téléfilm Canada', 'Bee Vine Pictures', 'Alliance Films', 'Asmik Ace Entertainment', 'GAGA', 'Fox Filmes do Brasil', 'Ancine', 'BNDES', 'Cinema Investment', 'Corus Entertainment', 'Movie Central Network']","['Brazil', 'Canada', 'Japan']",2008-05-14,19844979,121.0,"['日本語', 'English']",Released,Blindness,6.4,387,2008,5,-5155021,0.79379916
25000000,168705,en,7.008216,['Boll KG'],['United States of America'],2005-10-22,2405420,95.0,"['English', 'Português']",Released,BloodRayne,3.5,118,2005,10,-22594580,0.0962168
25000000,72113,en,20.011435,"['Wild Bunch', 'Zanagar Films', 'Canal+', 'Constantin Film Produktion', 'CinéCinéma', 'Versátil Cinema', 'SBS Productions', 'Polski Instytut Sztuki Filmowej', 'France Télévisions', 'France 2 Cinéma', 'SPI Film Studio']","['Spain', 'France', 'Germany', 'Poland']",2011-09-16,27603069,80.0,['English'],Released,Carnage,7.0,738,2011,9,2603069,1.10412276
25000000,22256,en,3.849873,"['Cruise/Wagner Productions', 'Warner Bros.']",['United States of America'],1998-09-11,777423,117.0,['English'],Released,Without Limits,6.2,19,1998,9,-24222577,0.03109692
25000000,12404,en,3.593165,"['Isle of Man Film', 'Freestyle Releasing', 'CinemaNX']",['United States of America'],2009-11-25,2336172,114.0,['English'],Released,Me and Orson Welles,6.6,49,2009,11,-22663828,0.09344688
13500000,152742,en,30.058263,"['Paco Cinematografica', 'Warner Bros.', 'Regione Lazio', 'Business Location Sudtirol Alto Adige', 'Friuli Venezia Giulia Film Commission', 'UniCredit Group']",['Italy'],2013-01-01,19255873,124.0,['English'],Released,The Best Offer,7.7,704,2013,1,5755873,1.426360962962963
25000000,11699,en,17.339852,"['Saturn Films', 'Nu Image Films', 'Edward R. Pressman Film', 'Millennium Films', 'Polsky Films', 'Osiris Productions', 'Lieutenant Productions']",['United States of America'],2009-09-11,10589102,122.0,"['Español', 'English']",Released,The Bad Lieutenant: Port of Call - New Orleans,6.0,326,2009,9,-14410898,0.42356408
25000000,48034,fr,15.279021,"['M6 Films', 'Les Productions du Trésor', 'EuropaCorp']",['France'],2010-10-20,48531470,154.0,['Français'],Released,Little White Lies,7.1,380,2010,10,23531470,1.9412588
25000000,36696,ru,5.753564,['CN Film'],"['United States of America', 'Russia']",2010-03-18,6500000,85.0,['Pусский'],Released,Space Dogs,6.3,10,2010,3,-18500000,0.26
25000000,109091,en,35.022029,"['Ingenious Media', 'Fox 2000 Pictures', 'Scott Free Productions', 'Kanzaman', 'Nick Wechsler Productions', 'Big Screen Productions', 'Chockstone Pictures', 'Translux', 'TSG Entertainment']","['United Kingdom', 'United States of America']",2013-10-25,71009334,117.0,['English'],Released,The Counselor,5.0,712,2013,10,46009334,2.84037336
25000000,33157,en,1.894749,"['Paramount Pictures', 'Dino de Laurentiis Cinematografica', 'Mosfilm']","['Italy', 'Russia']",1970-10-26,3052000,128.0,"['English', 'Pусский']",Released,Waterloo,7.0,31,1970,10,-21948000,0.12208
14000000,859,en,14.480628,"['Lorimar Film Entertainment', 'Warner Bros.', 'NFH Productions']","['United Kingdom', 'United States of America']",1988-12-16,34670720,119.0,['English'],Released,Dangerous Liaisons,7.0,257,1988,12,20670720,2.47648
25000000,83770,en,14.613152,"['American Zoetrope', 'France 2 Cinéma', 'VideoFilmes', 'Vanguard Films', 'Canal+', 'SPAD Films', 'MK2 Productions', 'Film4', 'Ciné+', 'France Télévisions', 'Nomadic Pictures', 'Kramer & Sigman Films', 'Jerry Leider Company']","['Brazil', 'France', 'United Kingdom', 'United States of America']",2012-05-22,8784318,137.0,"['English', 'Français']",Released,On the Road,5.5,301,2012,5,-16215682,0.35137272
24000000,168,en,22.258428,['Paramount Pictures'],['United States of America'],1986-11-25,133000000,119.0,"['English', 'suomi']",Released,Star Trek IV: The Voyage Home,6.9,477,1986,11,109000000,5.541666666666667
24000000,1246,en,30.445257,"['Columbia Pictures', 'Revolution Studios', 'Rogue Marble', 'Metro-Goldwyn-Mayer (MGM)']",['United States of America'],2006-12-20,155721132,102.0,"['English', 'Español']",Released,Rocky Balboa,6.5,835,2006,12,131721132,6.4883805
24000000,4233,en,35.244037,"['Miramax Films', 'Konrad Pictures', 'Maven Entertainment', 'Dimension Films']",['United States of America'],1997-12-09,172363301,120.0,['English'],Released,Scream 2,6.1,840,1997,12,148363301,7.181804208333333
25000000,174751,en,15.333575,"['Handsomecharlie Films', 'Unanimous Pictures', 'Straight Up Films', '1821 Pictures', 'Scott Pictures']",['United States of America'],2016-01-01,1397284,98.0,['English'],Released,Jane Got a Gun,5.4,285,2016,1,-23602716,0.05589136
24000000,184098,en,15.237142,['Will Packer Productions'],['United States of America'],2014-06-20,70181428,105.0,['English'],Released,Think Like a Man Too,6.4,225,2014,6,46181428,2.9242261666666667
41300000,2069,en,23.441135,"['Franchise Pictures', 'Warner Bros.', 'Morgan Creek Productions', 'Nine Yards Productions', 'Rational Packaging Company', 'Lansdown Films']","['Canada', 'United States of America']",2000-02-18,106371651,98.0,"['English', 'Français', 'Español']",Released,The Whole Nine Yards,6.2,531,2000,2,65071651,2.575584769975787
8200000,1788,en,25.03414,"['Paramount Pictures', 'IndieProd Company Productions']",['United States of America'],1984-02-17,80035402,107.0,['English'],Released,Footloose,6.4,505,1984,2,71835402,9.760414878048781
24000000,11635,en,24.70166,"['DreamWorks SKG', 'The Montecito Picture Company']",['United States of America'],2003-02-21,87055349,91.0,['English'],Released,Old School,6.6,541,2003,2,63055349,3.627306208333333
24000000,177,en,16.146572,['TriStar Pictures'],['United States of America'],1991-09-09,41895491,137.0,['English'],Released,The Fisher King,7.2,341,1991,9,17895491,1.7456454583333334
65000000,3600,en,20.793026,"['Columbia Pictures', 'Mandalay Entertainment', 'Summer Knowledge LLC']",['United States of America'],1998-11-13,40002112,100.0,['English'],Released,I Still Know What You Did Last Summer,5.1,374,1998,11,-24997888,0.6154171076923077
24000000,2621,en,5.771479,"['Metro-Goldwyn-Mayer (MGM)', 'JLT Productions']",['United States of America'],2000-04-07,36609995,115.0,"['English', 'Italiano']",Released,Return to Me,6.1,67,2000,4,12609995,1.5254164583333334
24000000,10358,en,27.326466,"['Blue Askew', 'View Askew Productions']",['United States of America'],2008-09-18,42105111,102.0,['English'],Released,Zack and Miri Make a Porno,6.1,721,2008,9,18105111,1.754379625
24000000,10313,en,20.69219,"['BBC Films', 'Smoke House', 'Ruby Films']","['United Kingdom', 'United States of America']",2009-10-17,68729358,93.0,['English'],Released,The Men Who Stare at Goats,5.9,742,2009,10,44729358,2.86372325
17000000,13476,en,7.701041,['DreamWorks SKG'],['United States of America'],2004-01-23,16980098,95.0,['English'],Released,Win a Date with Tad Hamilton!,5.5,160,2004,1,-19902,0.9988292941176471
24000000,10208,en,6.589193,"['Columbia Pictures', 'Jim Henson Company, The']",['United States of America'],1999-07-14,16290976,87.0,['English'],Released,Muppets from Space,5.8,92,1999,7,-7709024,0.6787906666666667
24000000,24961,en,2.753313,"['Universal Pictures', 'Motown Productions']",['United States of America'],1978-10-24,21049053,134.0,['English'],Released,The Wiz,5.9,58,1978,10,-2950947,0.877043875
24000000,20697,en,3.113009,"['Bel Air Entertainment', 'Warner Bros.']",['United States of America'],2000-04-07,12372410,107.0,['English'],Released,Ready to Rumble,4.7,49,2000,4,-11627590,0.5155170833333333
24000000,20761,en,5.566203,['Touchstone Pictures'],['United States of America'],1999-12-25,8434146,124.0,"['English', 'Français']",Released,Play It to the Bone,5.7,53,1999,12,-15565854,0.35142275
24000000,70868,en,8.630825,['The Weinstein Company'],['United States of America'],2011-09-16,30551495,89.0,['English'],Released,I Don't Know How She Does It,5.0,141,2011,9,6551495,1.2729789583333333
24000000,43593,en,23.343839,"['The Weinstein Company', 'Atmosphere Entertainment MM', 'Chako Film Company', 'Dimension Films', 'Intellectual Properties Worldwide', 'Aja / Levasseur Productions']",['United States of America'],2010-08-20,83188165,88.0,['English'],Released,Piranha 3D,5.3,581,2010,8,59188165,3.4661735416666666
24000000,40688,en,2.353441,['Walt Disney Pictures'],[],1998-03-27,4562146,93.0,['English'],Released,Meet the Deedles,4.1,19,1998,3,-19437854,0.19008941666666668
28000000,26672,en,2.439184,"['Miramax Films', 'Allied Filmmakers', 'Richard Williams Productions']",['United Kingdom'],1993-09-23,669276,72.0,['English'],Released,The Thief and the Cobbler,6.8,26,1993,9,-27330724,0.023902714285714284
24000000,41283,en,26.324874,"['Castle Rock Entertainment', 'TriStar Pictures', 'State Street Pictures', 'CBS Films']",['United States of America'],2010-11-23,23081726,98.0,['English'],Released,Faster,6.1,568,2010,11,-918274,0.9617385833333333
24000000,4935,ja,49.549984,"['Studio Ghibli', 'Buena Vista Home Entertainment', 'Mitsubishi', 'd-rights', 'Tohokushinsha Film Corporation']",['Japan'],2004-11-19,234710455,119.0,['日本語'],Released,Howl's Moving Castle,8.2,1991,2004,11,210710455,9.779602291666667
23600000,19908,en,57.300674,"['Columbia Pictures', 'Relativity Media', 'Pariah']",['United States of America'],2009-10-07,102391382,88.0,['English'],Released,Zombieland,7.2,3550,2009,10,78791382,4.338617881355932
23000000,10663,en,23.839127,['Touchstone Pictures'],['United States of America'],1998-11-06,185991646,90.0,['English'],Released,The Waterboy,5.9,512,1998,11,162991646,8.086593304347826
18000000,1891,en,78.51783,"['Lucasfilm', 'Twentieth Century Fox Film Corporation']",['United States of America'],1980-05-17,538400000,124.0,['English'],Released,The Empire Strikes Back,8.2,5879,1980,5,520400000,29.91111111111111
19000000,9737,en,33.872182,"['Columbia Pictures', 'Don Simpson/Jerry Bruckheimer Films']",['United States of America'],1995-04-07,141407024,118.0,['English'],Released,Bad Boys,6.5,1699,1995,4,122407024,7.442474947368421
23000000,37137,en,27.33256,['Paramount Pictures'],['United States of America'],1991-06-28,86930411,85.0,['English'],Released,The Naked Gun 2½: The Smell of Fear,6.6,546,1991,6,63930411,3.7795830869565217
23000000,9532,en,38.799596,"['New Line Cinema', 'Zide-Perry Productions', 'Hard Eight Pictures']",['United States of America'],2000-03-16,53302314,98.0,"['English', 'Français']",Released,Final Destination,6.4,1378,2000,3,30302314,2.317491913043478
12500000,10316,en,20.317469,"['Appian Way', 'Crystal City Entertainment', 'Cross Creek Pictures', 'Exclusive Media Group', 'Smokehouse Pictures']",['United States of America'],2011-09-24,75993061,101.0,['English'],Released,The Ides of March,6.5,910,2011,9,63493061,6.07944488
23000000,2787,en,18.493202,['Interscope Communications'],['United States of America'],2000-02-18,53187659,108.0,['English'],Released,Pitch Black,6.7,1789,2000,2,30187659,2.312506913043478
23000000,152601,en,53.682367,"['Warner Bros.', 'Annapurna Pictures']","['China', 'United States of America']",2013-12-18,47351251,126.0,['English'],Released,Her,7.9,4097,2013,12,24351251,2.058750043478261
23000000,10866,en,11.183197,"['Regency Enterprises', 'Epsilon Motion Pictures', 'LivePlanet', 'New Regency Pictures', 'Bad Robot']",['United States of America'],2001-10-05,36642838,97.0,['English'],Released,Joy Ride,6.3,325,2001,10,13642838,1.5931668695652175
25000000,227707,en,8.842722,"['Matador Pictures', 'Arcadia Motion Pictures', 'uFilm', 'Afrodita Audiovisual, A.I.E.', 'Le Tax Shelter du Gouvernement Fédéral de Belgique', 'Telefónica Producciones', 'Umedia', 'Entertainment Motion Pictures', 'Cinema One', 'Nix Films', 'International Pictures Two', 'Cronos Entertainment AIE']","['Belgium', 'United Kingdom', 'Spain']",2013-12-05,6399,99.0,['English'],Released,The Adventurer: The Curse of the Midas Box,5.1,73,2013,12,-24993601,0.00025596
23000000,21349,en,8.976738,"['Twentieth Century Fox Film Corporation', 'Fox 2000 Pictures']",['United States of America'],1999-11-12,18653615,114.0,['English'],Released,Anywhere But Here,5.9,66,1999,11,-4346385,0.8110267391304348
23000000,70435,en,26.257951,"['Irish Film Board', 'Relativity Media']","['Ireland', 'United States of America']",2011-11-06,33372606,93.0,"['English', 'Español']",Released,Haywire,5.6,505,2011,11,10372606,1.4509828695652174
23000000,580,en,12.777008,['Universal Pictures'],['United States of America'],1987-07-17,51881013,89.0,['English'],Released,Jaws: The Revenge,3.5,224,1987,7,28881013,2.2556962173913044
23000000,20024,en,6.921263,['Columbia Pictures Corporation'],"['United States of America', 'United Kingdom']",1999-12-03,10827816,102.0,"['English', 'Français']",Released,The End of the Affair,6.6,55,1999,12,-12172184,0.4707746086956522
23000000,2453,en,12.869436,"['Metro-Goldwyn-Mayer (MGM)', 'Krisjair', 'Laredo']",['United States of America'],1991-08-23,7434726,98.0,['English'],Released,Harley Davidson and the Marlboro Man,6.1,82,1991,8,-15565274,0.32324895652173913
23000000,6973,en,15.676123,"['Summit Entertainment', 'Blackfriars Bridge Films', 'NALA Films', 'Samuels Media', 'Warner Independent Pictures (WIP)']",['United States of America'],2007-08-31,29541790,124.0,['English'],Released,In the Valley of Elah,6.6,261,2007,8,6541790,1.284425652173913
23000000,22215,en,5.494047,"['Pathé Renn Productions', 'UK Film Council', 'Aramid Entertainment Fund', 'Canal+', 'Bill Kenwright Films', 'Pathe', 'Deutsche Filmförderfonds (DFFF)', 'Région Ile-de-France', 'France 3 Cinema', 'Centre National de la Cinématographie (CNC)', 'National Lottery through UK Film Council', 'Filmstiftung Nordrhein-Westfalen', 'Cine Productions', 'MMC Studios', 'Tiggy Films', 'Banque Populaire Images 9', 'Cheri Productions', 'Erste MMC-Production']","['Germany', 'United Kingdom', 'France']",2009-02-10,9366227,86.0,"['English', 'Français', 'Italiano', 'Latin']",Released,Cheri,5.9,56,2009,2,-13633773,0.40722726086956523
23000000,11632,en,6.618149,"['Alliance Films', 'Focus Features']","['United Kingdom', 'United States of America']",2004-09-01,16123851,141.0,"['English', 'Français', 'Deutsch']",Released,Vanity Fair,5.5,73,2004,9,-6876149,0.701037
23000000,30596,cn,7.876883,['China Film Group Corporation'],['China'],2009-12-18,5837674,139.0,"['普通话', '广州话 / 廣州話', 'English']",Released,Bodyguards and Assassins,6.5,57,2009,12,-17162326,0.2538119130434783
25000000,3021,en,35.169779,"['The Weinstein Company', 'Di Bonaventura Pictures', 'Dimension Films']",['United States of America'],2007-07-12,94679598,104.0,['English'],Released,1408,6.5,1343,2007,7,69679598,3.78718392
22700000,957,en,39.890798,"['Brooksfilms Ltd.', 'Metro-Goldwyn-Mayer (MGM)']",['United States of America'],1987-06-24,38119483,96.0,['English'],Released,Spaceballs,6.7,902,1987,6,15419483,1.6792723788546255
22500000,256917,en,22.096286,"['Hopscotch Features', 'Fear of God Films']","['Australia', 'United States of America']",2014-12-25,15520023,112.0,"['Pусский', 'Türkçe', 'ελληνικά', 'English']",Released,The Water Diviner,6.8,431,2014,12,-6979977,0.6897788
22000000,251,en,41.967005,['Paramount Pictures'],['United States of America'],1990-07-12,505000000,127.0,['English'],Released,Ghost,6.9,1339,1990,7,483000000,22.954545454545453
23000000,544,en,57.110486,['Twentieth Century Fox Film Corporation'],['United States of America'],1998-07-15,369884651,119.0,['English'],Released,There's Something About Mary,6.5,1590,1998,7,346884651,16.08194134782609
22000000,11395,en,16.234053,"['Walt Disney Pictures', 'Hollywood Pictures']",['United States of America'],1994-11-10,189833357,97.0,['English'],Released,The Santa Clause,6.3,489,1994,11,167833357,8.628788954545454
20000000,14635,en,11.263361,"['Walt Disney Pictures', 'Gran Via Productions', '98 MPH Productions']",['United States of America'],2002-03-25,75597042,127.0,['English'],Released,The Rookie,6.5,110,2002,3,55597042,3.7798521
22000000,13680,en,20.699212,"['Walt Disney Pictures', 'Mayhem Pictures', 'Monkey Dance Productions']",['United States of America'],2007-09-28,147880543,110.0,['English'],Released,The Game Plan,6.0,428,2007,9,125880543,6.721842863636364
24000000,688,en,17.606087,"['Amblin Entertainment', 'Malpaso Productions', 'Warner Bros.']",['United States of America'],1995-05-28,182016617,135.0,['English'],Released,The Bridges of Madison County,7.3,385,1995,5,158016617,7.584025708333333
22000000,11090,en,13.786075,"['Revolution Studios', 'Happy Madison Productions']",['United States of America'],2001-06-01,84772742,84.0,['English'],Released,The Animal,4.6,304,2001,6,62772742,3.8533064545454545
22000000,783,en,35.227212,"['Columbia Pictures', 'Goldcrest Films International', 'Indo-British', 'International Film Investors', 'National Film Development Corporation of India', 'Carolina Bank']","['India', 'United Kingdom']",1982-11-30,77737889,191.0,"['English', 'हिन्दी']",Released,Gandhi,7.4,716,1982,11,55737889,3.533540409090909
22000000,228194,en,27.898438,"['Amblin Entertainment', 'Harpo Films', 'Participant Media', 'Imagenation Abu Dhabi FZ', 'Reliance Entertainment', 'Touchstone Pictures', 'DreamWorks Studios']","['India', 'United States of America', 'United Arab Emirates']",2014-08-06,88880821,122.0,"['हिन्दी', 'English', 'Français']",Released,The Hundred-Foot Journey,7.3,508,2014,8,66880821,4.0400373181818185
22000000,1642,en,23.218144,['Columbia Pictures'],['United States of America'],1995-07-28,110627965,114.0,"['English', 'Español']",Released,The Net,5.6,354,1995,7,88627965,5.028543863636363
22000000,10950,en,26.071644,['New Line Cinema'],['United States of America'],2001-12-28,92542418,132.0,['English'],Released,I Am Sam,7.2,530,2001,12,70542418,4.206473545454545
22000000,235260,en,9.175762,"['Hearst Entertainment Productions', 'LightWorkers Media']",['United States of America'],2014-02-28,67800064,138.0,"['English', 'עִבְרִית']",Released,Son of God,5.9,83,2014,2,45800064,3.081821090909091
22000000,277,en,81.829237,"['Lakeshore Entertainment', 'Laurinfilm', 'Subterranean Productions LLC', 'Subterranean Productions UK Ltd.', 'Underworld Produktions GmbH']","['Germany', 'Hungary', 'United Kingdom', 'United States of America']",2003-09-19,95708457,121.0,['English'],Released,Underworld,6.6,2512,2003,9,73708457,4.350384409090909
22000000,8999,en,17.7091,"['Miramax Films', 'Di Bonaventura Pictures', 'Patalex V Productions Limited']","['United Kingdom', 'United States of America']",2005-11-11,57479076,108.0,"['English', 'Français']",Released,Derailed,6.1,319,2005,11,35479076,2.6126852727272727
22000000,11323,en,17.772518,"['Section Eight', 'Groundswell Productions', 'Warner Bros.', 'Participant Media', 'Jaffe / Braunstein Enterprise']",['United States of America'],2009-09-18,35424826,108.0,['English'],Released,The Informant!,6.0,301,2009,9,13424826,1.6102193636363635
22000000,11453,en,10.259461,"['Columbia Pictures Corporation', 'Out of the Blue... Entertainment', 'Happy Madison Productions']",['United States of America'],2005-08-06,22400154,83.0,"['Nederlands', 'English', 'Polski', 'Português']",Released,Deuce Bigalow: European Gigolo,4.7,225,2005,8,400154,1.0181888181818182
26000000,146239,en,30.114383,"['DreamWorks SKG', 'Touchstone Pictures']",['United States of America'],2013-10-10,51164106,105.0,['English'],Released,Delivery Man,6.2,551,2013,10,25164106,1.9678502307692307
22000000,10878,en,12.887673,"['Village Roadshow Pictures', 'NPV Entertainment', 'Columbia Pictures Corporation']",['United States of America'],2001-02-09,19351569,90.0,"['English', 'Polski', 'Português', 'Español']",Released,Saving Silverman,5.4,154,2001,2,-2648431,0.8796167727272727
22000000,82650,en,13.410919,['Fox 2000 Pictures'],['United States of America'],2012-08-02,77112176,94.0,['English'],Released,Diary of a Wimpy Kid: Dog Days,6.0,223,2012,8,55112176,3.505098909090909
22000000,2294,en,21.865021,"['Dimension Films', 'View Askew Productions', 'Miramax']",['United States of America'],2001-08-22,33788161,104.0,['English'],Released,Jay and Silent Bob Strike Back,6.4,480,2001,8,11788161,1.5358255
30000000,2176,en,9.448517,['Original Film'],['United States of America'],2001-09-14,23619609,106.0,"['Español', 'English']",Released,The Glass House,5.4,201,2001,9,-6380391,0.7873203
22000000,270487,en,39.006187,"['Universal Pictures', 'Mike Zoss Productions', 'Working Title Films']",['United States of America'],2016-02-05,63647656,106.0,['English'],Released,"Hail, Caesar!",5.7,1309,2016,2,41647656,2.893075272727273
22000000,204082,en,35.737655,"['Millennium Films', 'Open Road Films']",['United States of America'],2013-11-27,43058898,100.0,['English'],Released,Homefront,6.4,875,2013,11,21058898,1.9572226363636365
22000000,24100,en,4.365196,['New Line Cinema'],"['Germany', 'Netherlands', 'United States of America']",2000-10-27,13555988,95.0,"['English', 'Deutsch']",Released,The Little Vampire,6.1,77,2000,10,-8444012,0.6161812727272727
22000000,5550,en,14.725467,['Orion Pictures'],['United States of America'],1993-04-17,10696210,104.0,"['English', '日本語']",Released,RoboCop 3,4.2,305,1993,4,-11303790,0.4861913636363636
25000000,287948,en,25.002715,['EuropaCorp'],"['Belgium', 'China', 'France']",2015-09-03,72629670,96.0,['English'],Released,The Transporter Refueled,5.2,559,2015,9,47629670,2.9051868
21000000,9075,nl,13.906611,"['CoBo Fund', 'Studio Babelsberg', 'Motel Films', 'Motion Investment Group', 'Egoli Tossell Film AG', 'Filmförderungsanstalt (FFA)', 'Nederlands Fonds voor de Film', 'Medienboard Berlin-Brandenburg', 'uFilm', 'Le Tax Shelter du Gouvernement Fédéral de Belgique', 'Fu Works', 'Hector BV', 'Media Programme of the European Community', 'Euroimages Fund of the Council of Europe', 'VIP 4 Medienfonds', 'ContentFilm International', 'Clockwork Pictures']","['Netherlands', 'Germany', 'United Kingdom']",2006-09-01,26193068,145.0,"['Nederlands', 'Deutsch', 'English', 'עִבְרִית']",Released,Black Book,7.2,277,2006,9,5193068,1.2472889523809523
22000000,11661,fr,13.960945,"['Senator Film Produktion', 'Media Pro Pictures', 'TF1 Films Production', 'Nord-Ouest Productions', 'The Bureau', 'Artémis Productions', 'Les Productions de la Guéville']","['Belgium', 'France', 'Germany', 'Japan', 'Norway', 'Romania', 'United Kingdom', 'United States of America']",2005-11-09,17709155,116.0,"['English', 'Français', 'Deutsch', 'Latin']",Released,Joyeux Noël,7.2,212,2005,11,-4290845,0.8049615909090909
2000000,109513,en,16.668854,"['Primate Pictures', 'Kim and Jim Productions', 'Panay Films', 'Exclusive Media Group']",['United States of America'],2012-08-22,14400000,100.0,"['English', 'Français', 'Polski']",Released,Hit & Run,5.5,224,2012,8,12400000,7.2
22000000,204922,en,48.784734,"['StudioCanal', 'Scott Free Productions', 'Millennium Films', 'Film i Väst', 'Filmgate Films', 'Clarius Entertainment']","['France', 'Sweden', 'United Kingdom']",2014-09-03,15447154,92.0,['English'],Released,Before I Go to Sleep,6.2,659,2014,9,-6552846,0.7021433636363636
22000000,38985,en,9.088209,"['Paramount Pictures', 'Universal Pictures', 'Film Properties International N.V.']",['United States of America'],1977-06-24,12000000,121.0,"['English', 'Français', 'Deutsch', 'Español']",Released,Sorcerer,7.4,98,1977,6,-10000000,0.5454545454545454
22000000,44113,en,12.445176,"['Stone Productions', 'Mimran Schur Pictures']",['United States of America'],2010-10-07,9479718,105.0,['English'],Released,Stone,5.2,192,2010,10,-12520282,0.4308962727272727
22000000,164457,en,29.230298,"['Appian Way', 'Scott Free Productions', 'Relativity Media', 'Energy Entertainment', 'Red Granite Pictures']",['United States of America'],2013-12-06,15400000,116.0,['English'],Released,Out of the Furnace,6.5,720,2013,12,-6600000,0.7
25000000,4566,en,18.961323,"['Castle Rock Entertainment', 'Mirage Enterprises', 'Section Eight Productions']",['United States of America'],2007-09-28,92991835,119.0,['English'],Released,Michael Clayton,6.5,501,2007,9,67991835,3.7196734
22000000,153158,es,14.866351,"['100 Bares', 'Ministerio de Cultura', 'Instituto de Crédito Oficial (ICO)', 'Televisión Federal (Telefe)', '369 Productions', 'Catmandu Branded Entertainment', 'JEMPSA', 'Plural - Jempsa', 'Prana Animation Studios']","['Argentina', 'Spain']",2013-07-18,24000000,106.0,"['Español', 'English']",Released,Underdogs,6.0,122,2013,7,2000000,1.0909090909090908
17000000,81836,en,15.013386,"['Gravier Productions', 'Medusa Film', 'Mediapro', 'Perdido Productions']","['Italy', 'Spain', 'United States of America']",2012-04-20,73244881,111.0,"['Italiano', 'English']",Released,To Rome with Love,5.6,546,2012,4,56244881,4.308522411764706
18000000,10724,en,8.700565,['Malpaso Productions'],['United States of America'],1982-06-13,70687344,136.0,"['Pусский', 'English']",Released,Firefox,5.5,139,1982,6,52687344,3.9270746666666665
9000000,2196,en,20.410354,"['Sidney Kimmel Entertainment', 'Parabolic Pictures', 'Stable Way Entertainment', 'Target Media Entertainment', 'VIP 2 Medienfonds', 'VIP 1 Medienfonds']",['United Kingdom'],2007-02-09,46,90.0,['English'],Released,Death at a Funeral,6.9,497,2007,2,-8999954,5.1111111111111115e-06
21000000,1499,en,10.207065,"['New Line Cinema', 'Golden Harvest Pictures', 'Clearwater Holdings Limited']","['Hong Kong', 'United States of America']",1993-03-17,42000000,96.0,['English'],Released,Teenage Mutant Ninja Turtles III,5.1,184,1993,3,21000000,2.0
32000000,20857,en,5.683281,"['Paramount Pictures', 'GHS Productions KG', 'Munich Film Partners & Company (MFP) GHS Productions', 'Nides/McCormick Productions']","['Germany', 'United States of America']",2001-09-14,40222729,106.0,['English'],Released,Hardball,6.3,123,2001,9,8222729,1.25696028125
21000000,82693,en,63.599973,['The Weinstein Company'],['United States of America'],2012-09-08,205738714,122.0,['English'],Released,Silver Linings Playbook,6.9,4742,2012,9,184738714,9.797081619047619
21000000,1646,en,17.746981,"['Double Feature Films', 'Jersey Films', 'Kernos Filmproduktionsgesellschaft & Company']","['Germany', 'United States of America']",2007-01-05,41170784,123.0,"['English', 'Español']",Released,Freedom Writers,7.5,356,2007,1,20170784,1.9605135238095237
21000000,4108,en,34.433521,"['TF1 Films Productions', 'Current Entertainment', 'Canal+', 'EuropaCorp']","['United States of America', 'France']",2002-10-02,43928932,92.0,"['English', 'Français', '普通话']",Released,The Transporter,6.6,1692,2002,10,22928932,2.091853904761905
20000000,8456,en,26.21425,"['Summit Entertainment', 'Mandalay Pictures', 'Baumgarten Management and Productions (BMP)']",['United States of America'],2008-03-04,41627431,115.0,['English'],Released,Never Back Down,6.4,497,2008,3,21627431,2.08137155
21000000,7341,en,4.781538,"['United Artists', 'Red Bank Films']",['United States of America'],1999-03-11,17762705,104.0,['English'],Released,The Rage: Carrie 2,5.1,76,1999,3,-3237295,0.8458430952380952
17000000,19255,en,10.13559,"['Neal Street Productions', 'Focus Features', 'Big Beach Films']",['United States of America'],2009-06-05,14899417,98.0,['English'],Released,Away We Go,6.7,189,2009,6,-2100583,0.876436294117647
21000000,10187,en,5.815881,['Touchstone Pictures'],['United States of America'],2008-08-01,17600000,120.0,['English'],Released,Swing Vote,5.8,65,2008,8,-3400000,0.8380952380952381
21000000,31005,en,8.982335,"['Punch Productions', 'Touchstone Pictures', 'Hyde Park Entertainment', 'Reveal Entertainment', 'Gran Via']",['United States of America'],2002-09-09,10011050,117.0,"['English', 'עִבְרִית']",Released,Moonlight Mile,6.5,52,2002,9,-10988950,0.4767166666666667
21000000,50780,en,13.847872,"['Summit Entertainment', 'Participant Media', 'Imagenation Abu Dhabi FZ', 'Anonymous Content']","['United Arab Emirates', 'United States of America']",2011-02-11,970816,91.0,['English'],Released,The Beaver,6.3,276,2011,2,-20029184,0.04622933333333333
35000000,16363,en,4.189378,"['Universal Pictures', 'RKO']",['United States of America'],1982-07-23,69701637,114.0,['English'],Released,The Best Little Whorehouse in Texas,5.9,41,1982,7,34701637,1.9914753428571428
15000000,1946,en,21.928025,"['Alliance Atlantis Communications', 'Natural Nylon Entertainment', 'Serendipity Point Films', 'Téléfilm Canada', 'The Harold Greenberg Fund', 'The Movie Network', 'Union Générale Cinématographique', 'Canadian Television Fund']","['Canada', 'France', 'United Kingdom']",1999-04-14,2856712,97.0,['English'],Released,eXistenZ,6.7,475,1999,4,-12143288,0.19044746666666668
18000000,85,en,68.159596,"['Lucasfilm', 'Paramount Pictures']",['United States of America'],1981-06-12,389925971,115.0,"['English', 'Español', 'Deutsch', 'עִבְרִית', 'العربية', '']",Released,Raiders of the Lost Ark,7.7,3854,1981,6,371925971,21.662553944444443
18000000,772,en,81.487685,"['Twentieth Century Fox Film Corporation', 'Hughes Entertainment']",['United States of America'],1992-11-19,358991681,120.0,"['English', 'Français']",Released,Home Alone 2: Lost in New York,6.3,2395,1992,11,340991681,19.943982277777778
20000000,840,en,52.456505,"['Columbia Pictures Corporation', 'EMI Films', 'Julia Phillips and Michael Phillips Productions']",['United States of America'],1977-11-16,303788635,135.0,"['हिन्दी', 'English', 'Français', 'Español']",Released,Close Encounters of the Third Kind,7.2,1098,1977,11,283788635,15.18943175
38000000,9682,en,9.662715,['Dimension Films'],['United States of America'],2006-08-11,29907685,90.0,"['English', 'Polski']",Released,Pulse,5.0,150,2006,8,-8092315,0.7870443421052632
20000000,96,en,25.28436,"['Paramount Pictures', 'Eddie Murphy Productions', 'Don Simpson/Jerry Bruckheimer Films']",['United States of America'],1987-05-18,299965036,100.0,['English'],Released,Beverly Hills Cop II,6.1,613,1987,5,279965036,14.9982518
20000000,10678,en,8.351385,"['Hyde Park Films', 'Touchstone Pictures']",['United States of America'],2003-03-07,132675402,105.0,"['English', 'Français']",Released,Bringing Down the House,5.4,183,2003,3,112675402,6.6337701
19000000,274,en,18.174804,"['Orion Pictures', 'Strong Heart/Demme Production']",['United States of America'],1991-02-01,272742922,119.0,['English'],Released,The Silence of the Lambs,8.1,4443,1991,2,253742922,14.354890631578947
20000000,8872,en,21.815122,['Paramount Pictures'],['United States of America'],1992-02-14,121697323,94.0,"['广州话 / 廣州話', 'English']",Released,Wayne's World,6.5,728,1992,2,101697323,6.08486615
20000000,16290,en,20.99174,['MTV Films'],"['United States of America', 'Romania']",2010-10-15,117224271,94.0,"['Română', 'English']",Released,Jackass 3D,6.4,428,2010,10,97224271,5.86121355
20000000,579,en,19.636044,['Universal Pictures'],['United States of America'],1978-06-16,187884007,116.0,['English'],Released,Jaws 2,5.9,406,1978,6,167884007,9.39420035
20000000,14405,en,12.25264,['Walt Disney Pictures'],['United States of America'],2008-10-03,149281606,91.0,['English'],Released,Beverly Hills Chihuahua,4.9,209,2008,10,129281606,7.4640803
13000000,138843,en,49.975409,"['New Line Cinema', 'The Safran Company', 'Evergreen Media Group']",['United States of America'],2013-07-18,318000141,112.0,['English'],Released,The Conjuring,7.4,3092,2013,7,305000141,24.46154930769231
32000000,11637,en,13.590677,"['Columbia Pictures', 'Revolution Studios', 'Cube Vision']",['United States of America'],2005-01-20,97918663,95.0,['English'],Released,Are We There Yet?,5.2,221,2005,1,65918663,3.05995821875
20000000,226486,en,21.657563,"['New Line Cinema', 'Gary Sanchez Productions']",['United States of America'],2014-07-02,100525432,97.0,['English'],Released,Tammy,5.0,500,2014,7,80525432,5.0262716
35000000,1584,en,43.057323,"['Paramount Pictures', 'Scott Rudin Productions', 'Nickelodeon Movies', 'NEW Century', 'MFP Munich Film Partners GmbH & Company I. Produktions KG', 'Sor Productions']","['Germany', 'United States of America']",2003-10-03,131282949,108.0,['English'],Released,School of Rock,6.7,1414,2003,10,96282949,3.7509414
18000000,9312,en,16.470895,"['New Line Cinema', 'Threshold Entertainment']",['United States of America'],1995-08-18,122195920,101.0,['English'],Released,Mortal Kombat,5.4,442,1995,8,104195920,6.788662222222222
37000000,12153,en,28.703007,"['Columbia Pictures', 'Revolution Studios', 'Wayans Bros. Entertainment', 'Gone North Productions']",['United States of America'],2004-06-23,113086475,109.0,['English'],Released,White Chicks,6.3,679,2004,6,76086475,3.056391216216216
20000000,65057,en,40.903931,"['Fox Searchlight Pictures', 'Dune Entertainment', 'Ad Hominem Enterprises']",['United States of America'],2011-09-09,177243185,115.0,['English'],Released,The Descendants,6.7,934,2011,9,157243185,8.86215925
20000000,76203,en,95.9229,"['Plan B Entertainment', 'Regency Enterprises', 'River Road Entertainment', 'Film4', 'New Regency Pictures']","['United States of America', 'United Kingdom']",2013-10-18,187000000,134.0,['English'],Released,12 Years a Slave,7.9,3674,2013,10,167000000,9.35
20000000,13497,en,4.748929,['Fox 2000 Pictures'],['United States of America'],2002-12-13,57588485,118.0,['English'],Released,Drumline,6.2,116,2002,12,37588485,2.87942425
20000000,35688,en,2.986286,"['Lions Gate Films', 'The Tyler Perry Company']",['United States of America'],2010-04-02,60072596,121.0,['English'],Released,Why Did I Get Married Too?,6.1,29,2010,4,40072596,3.0036298
20000000,162,en,47.51363,['Twentieth Century Fox Film Corporation'],['United States of America'],1990-12-05,53000000,105.0,['English'],Released,Edward Scissorhands,7.5,3601,1990,12,33000000,2.65
20000000,296096,en,53.161905,"['New Line Cinema', 'Sunswept Entertainment', 'Metro-Goldwyn-Mayer (MGM)']",['United States of America'],2016-06-02,207945075,110.0,['English'],Released,Me Before You,7.6,2562,2016,6,187945075,10.39725375
1800000,1051,en,15.978136,"['Twentieth Century Fox Film Corporation', ""D'Antoni Productions"", 'Schine-Moore Productions']",['United States of America'],1971-10-09,41158757,104.0,"['English', 'Français']",Released,The French Connection,7.4,422,1971,10,39358757,22.86597611111111
20000000,376659,en,42.512296,"['STX Entertainment', 'Huayi Brothers Pictures', 'BillBlock Media']",['United States of America'],2016-07-28,183936074,100.0,"['Pусский', 'English']",Released,Bad Moms,6.3,1252,2016,7,163936074,9.1968037
20000000,10073,en,10.098722,"['Regency Enterprises', 'Epsilon Motion Pictures', 'New Regency Pictures']","['Switzerland', 'United States of America']",2006-02-17,48548426,83.0,['English'],Released,Date Movie,3.6,222,2006,2,28548426,2.4274213
20000000,16690,en,15.341196,"['Walt Disney Pictures', 'Walt Disney Television Animation', 'Walt Disney Animation Australia', 'DisneyToon Studios', 'Walt Disney Animation Canada']","['Australia', 'Canada', 'United States of America']",2002-02-14,109862682,72.0,['English'],Released,Return to Never Land,6.1,290,2002,2,89862682,5.4931341
20000000,273895,en,29.023184,"['Plan B Entertainment', 'Harpo Films', 'Celador Films', 'Cloud Eight Films', 'Pathé']","['United Kingdom', 'United States of America']",2014-12-25,66787908,127.0,['English'],Released,Selma,7.4,817,2014,12,46787908,3.3393954
20000000,14873,en,19.819893,"['Walt Disney Pictures', 'Walt Disney Television Animation', 'Walt Disney Animation Australia', 'DisneyToon Studios']","['Australia', 'United States of America']",2003-02-07,135680000,72.0,['English'],Released,The Jungle Book 2,5.6,269,2003,2,115680000,6.784
20000000,8968,en,11.62423,"['Ghost House Pictures', 'Senator International', 'Screen Gems', 'Pacific Renaissance Pictures Ltd.']",['United States of America'],2005-02-04,67192859,89.0,"['English', 'Français', 'Polski']",Released,Boogeyman,4.6,191,2005,2,47192859,3.35964295
20000000,9963,en,22.049787,"['TriStar Pictures', 'Hyde Park Films', 'Offspring Entertainment']",['United States of America'],2007-02-08,84146832,96.0,['English'],Released,Premonition,5.8,381,2007,2,64146832,4.2073416
30000000,15655,en,9.829859,['Walt Disney Pictures'],['United States of America'],2000-02-11,45554533,77.0,['English'],Released,The Tigger Movie,6.3,143,2000,2,15554533,1.5184844333333334
20000000,21208,en,29.295801,"['Dark Castle Entertainment', 'Studio Babelsberg StudioBabelsberg Motion Pictures', 'Don Carmody Productions', 'Studio Canal']","['Canada', 'France', 'Germany', 'United States of America']",2009-07-24,41596251,123.0,"['English', 'Eesti', 'Français']",Released,Orphan,6.7,1261,2009,7,21596251,2.07981255
20000000,272878,en,14.136476,"['Sunswept Entertainment', 'Warner Bros.', 'Metro-Goldwyn-Mayer (MGM)', 'Reel Chefs Catering']",['United States of America'],2015-06-26,43967255,111.0,['English'],Released,Max,6.8,276,2015,6,23967255,2.19836275
20000000,9760,en,6.064638,"['Twentieth Century Fox Film Corporation', 'Regency Enterprises', 'New Regency Pictures', 'Paul Schiff Productions']",['United States of America'],2007-01-25,86865564,86.0,['English'],Released,Epic Movie,3.2,326,2007,1,66865564,4.3432782
20000000,314365,en,41.503588,"['Universal Pictures', 'Participant Media', 'Anonymous Content', 'Rocklin / Faust', 'First Look Media']","['Canada', 'United States of America']",2015-11-06,88346473,128.0,['English'],Released,Spotlight,7.8,2686,2015,11,68346473,4.41732365
20000000,13279,en,20.495749,"['Screen Gems', 'Overbrook Entertainment']",['United States of America'],2008-09-19,27640028,110.0,['English'],Released,Lakeview Terrace,5.9,292,2008,9,7640028,1.3820014
20000000,1975,en,13.906944,"['Columbia Pictures Corporation', 'Ghost House Pictures', 'Vertigo Entertainment']",['United States of America'],2006-10-13,39143839,102.0,"['English', '日本語', 'Pусский']",Released,The Grudge 2,5.2,283,2006,10,19143839,1.95719195
20000000,33644,en,2.003047,['Twentieth Century Fox Film Corporation'],['United States of America'],1998-08-14,37672350,124.0,['English'],Released,How Stella Got Her Groove Back,6.0,24,1998,8,17672350,1.8836175
20000000,9895,en,11.203335,"['Universal Pictures', 'Morgan Creek Productions']",['United States of America'],2006-10-09,41237648,115.0,['English'],Released,Man of the Year,5.8,129,2006,10,21237648,2.0618824
20000000,9570,en,8.265317,['Walt Disney Productions'],['United States of America'],1979-12-18,35841901,98.0,['English'],Released,The Black Hole,6.1,131,1979,12,15841901,1.79209505
20000000,27579,en,18.632156,"['This Is That Productions', 'Focus Features', 'Twins Financing', 'Smokehouse Pictures', 'Greenlit Rights']","['United Kingdom', 'United States of America']",2010-08-31,65464324,104.0,"['English', 'Italiano']",Released,The American,5.8,481,2010,8,45464324,3.2732162
20000000,16052,en,6.92592,"['Q Productions', 'Esparza / Katz Productions']",['United States of America'],1997-03-21,60000000,127.0,"['Español', 'English']",Released,Selena,7.0,114,1997,3,40000000,3.0
20000000,40264,en,17.165039,"['Regency Enterprises', 'Road Rebel']",['United States of America'],2010-08-18,80547866,82.0,"['English', 'Español']",Released,Vampires Suck,4.2,315,2010,8,60547866,4.0273933
25000000,1164,en,25.785925,"['Paramount Vantage', 'Media Rights Capital', 'Anonymous Content', 'Central Films']","['France', 'Japan', 'Mexico', 'United States of America']",2006-09-08,135330182,143.0,"['العربية', 'English', 'Español', 'Français', '日本語', 'Pусский']",Released,Babel,6.9,1055,2006,9,110330182,5.41320728
19800000,239678,en,20.311684,"['Spring Creek Productions', '21 Laps Entertainment', 'Warner Bros.']",['United States of America'],2014-09-10,41296320,103.0,['English'],Released,This Is Where I Leave You,6.5,505,2014,9,21496320,2.085672727272727
20000000,14359,en,20.975165,"['Scott Rudin Productions', 'Goodspeed Productions']",['United States of America'],2008-11-27,50907234,104.0,['English'],Released,Doubt,7.0,435,2008,11,30907234,2.5453617
32000000,3989,en,26.509175,"['Paramount Pictures', 'Scott Rudin Productions']","['Germany', 'United States of America']",2004-10-10,50907422,98.0,"['العربية', 'English', 'Français', '한국어/조선말']",Released,Team America: World Police,6.6,660,2004,10,18907422,1.5908569375
20000000,76617,en,26.497025,"['Nu Image Films', 'Lions Gate']",['United States of America'],2013-01-03,47241945,92.0,['English'],Released,Texas Chainsaw 3D,5.3,465,2013,1,27241945,2.36209725
20000000,4258,en,36.819044,['Dimension Films'],['United States of America'],2013-04-11,78378744,86.0,['English'],Released,Scary Movie 5,4.6,793,2013,4,58378744,3.9189372
20000000,20391,en,7.902536,"['Paramount Pictures', 'Malpaso Productions', 'Alan Jay Lerner Productions']",['United States of America'],1969-10-15,31678778,158.0,"['English', 'Español']",Released,Paint Your Wagon,6.2,63,1969,10,11678778,1.5839389
20000000,10139,en,30.909699,['Focus Features'],['United States of America'],2008-11-26,54586584,128.0,['English'],Released,Milk,7.1,612,2008,11,34586584,2.7293292
20000000,335778,en,16.663797,"['Columbia Pictures', 'Affirm Films', 'LD Entertainment', 'Patrick Aiello Productions']",['United States of America'],2016-02-19,46069568,107.0,['English'],Released,Risen,5.7,295,2016,2,26069568,2.3034784
35000000,9645,en,27.724913,"['Village Roadshow Pictures', 'NPV Entertainment', 'Dark Castle Entertainment', 'Warner Bros.', 'Ghost Ship Films Pty. Ltd.']","['Australia', 'United States of America']",2002-10-25,68349884,91.0,"['English', 'Italiano', 'Español']",Released,Ghost Ship,5.3,531,2002,10,33349884,1.9528538285714285
19000000,55465,en,17.971883,"['New Line Cinema', 'Mandate Pictures']",['United States of America'],2011-11-04,35387212,108.0,['English'],Released,A Very Harold & Kumar Christmas,6.0,328,2011,11,16387212,1.862484842105263
20000000,617,en,25.041992,"['Columbia Pictures', 'Mandalay Entertainment']",['United States of America'],1998-03-20,67200000,108.0,['English'],Released,Wild Things,6.3,444,1998,3,47200000,3.36
20000000,48289,en,14.857884,"['Miramax Films', 'Marv Films', 'Pioneer Pictures']",['United States of America'],2010-04-11,45636368,113.0,"['Pусский', 'English', 'Deutsch']",Released,The Debt,6.3,257,2010,4,25636368,2.2818184
30000000,243,en,23.982956,"['Buena Vista', 'Touchstone Pictures']","['United Kingdom', 'United States of America']",2000-03-17,47126295,113.0,"['Dansk', 'English']",Released,High Fidelity,7.0,628,2000,3,17126295,1.5708765
20000000,8848,en,30.387754,"['Atlas Entertainment', 'Mosaic Media Group', 'Omnilab Media', 'Relativity Media', 'Skyline (Baker St)']","['Australia', 'United Kingdom', 'United States of America']",2008-02-28,64822796,112.0,['English'],Released,The Bank Job,6.6,697,2008,2,44822796,3.2411398
20000000,38,en,56.481487,"['Anonymous Content', 'This Is That Productions', 'Focus Features']",['United States of America'],2004-03-19,72258126,108.0,['English'],Released,Eternal Sunshine of the Spotless Mind,7.9,3652,2004,3,52258126,3.6129063
20000000,38303,en,19.962713,"['Oops Doughnuts Productions', 'Touchstone Pictures', 'Frontier Pictures']",['United States of America'],2010-09-24,32005248,105.0,['English'],Released,You Again,6.0,368,2010,9,12005248,1.6002624
20000000,1266,en,18.666876,"['Fox Searchlight Pictures', 'Regency Enterprises', 'Dune Entertainment III', 'Emmett/Furla Films']",['United States of America'],2008-04-10,65569869,109.0,"['English', 'Türkçe']",Released,Street Kings,6.3,363,2008,4,45569869,3.27849345
20000000,107985,en,55.964605,"['Universal Pictures', 'Big Talk Productions', 'Focus Features', 'Working Title Films']",['United Kingdom'],2013-07-18,46089287,109.0,['English'],Released,The World's End,6.7,1778,2013,7,26089287,2.30446435
20000000,19901,en,28.019226,"['Lionsgate', 'Furst Films', 'Pictures in Paradise', 'Pacific Film and Television Commission', 'Australian Film Finance Corporation (AFFC)']","['United States of America', 'Australia']",2009-01-06,51416464,98.0,['English'],Released,Daybreakers,6.0,634,2009,1,31416464,2.5708232
20000000,34016,en,16.176976,"['DreamWorks SKG', 'Mosaic']",['United States of America'],2010-03-11,49779728,104.0,['English'],Released,She's Out of My League,5.9,525,2010,3,29779728,2.4889864
20000000,59860,en,17.237143,"['Dune Entertainment', 'Regency Enterprises', 'Fox 2000 Pictures', 'DiNovi Pictures', 'Dune Entertainment III', 'Blossom Films']","['Hungary', 'United States of America']",2011-07-01,17425000,109.0,['English'],Released,Monte Carlo,6.0,593,2011,7,-2575000,0.87125
9000000,10069,en,4.34503,"['Spyglass Entertainment', 'Hollywood Pictures', 'Endgame Entertainment', 'Wonderland Sound and Vision']",['United States of America'],2006-03-24,27105095,100.0,['English'],Released,Stay Alive,5.3,155,2006,3,18105095,3.011677222222222
20000000,12819,en,12.300789,"['Lions Gate Family Entertainment', 'Relativity Media', 'Crest Animation Productions']","['United States of America', 'India']",2010-09-17,39300000,88.0,['English'],Released,Alpha and Omega,5.3,124,2010,9,19300000,1.965
20000000,9954,en,15.804814,"['Screen Gems, Inc.']",['United States of America'],2006-09-08,37597471,97.0,['English'],Released,The Covenant,5.2,288,2006,9,17597471,1.87987355
40000000,25132,en,4.100942,['Warner Bros. Pictures'],"['United Arab Emirates', 'United States of America']",2009-08-21,28972508,89.0,['English'],Released,Shorts,5.1,44,2009,8,-11027492,0.7243127
20000000,577,en,12.309715,"['The Rank Organisation', 'Columbia Pictures Corporation']",['United States of America'],1995-05-20,21284514,106.0,['English'],Released,To Die For,6.7,175,1995,5,1284514,1.0642257
20000000,328387,en,62.933899,"['Lionsgate', 'Allison Shearmur Productions', 'Keep Your Head']",['United States of America'],2016-07-27,83707310,96.0,['English'],Released,Nerve,7.1,2181,2016,7,63707310,4.1853655
20000000,12690,en,16.074397,"['New Line Cinema', 'Groundswell Productions', 'Axon Films']",['United States of America'],2008-09-12,20211394,115.0,"['English', 'Español']",Released,Appaloosa,6.3,299,2008,9,211394,1.0105697
806948,539,en,93.067866,"['Paramount Pictures', 'Universal Pictures', 'Shamley Productions']",['United States of America'],1960-06-16,32000000,109.0,['English'],Released,Psycho,8.2,2320,1960,6,31193052,39.655591190510414
20000000,13596,en,17.145287,"['Lionsgate', 'New Wave Entertainment', 'Management 360', 'Terra Firma Films', 'Superfinger Entertainment']",['United States of America'],2008-09-19,36620508,101.0,['English'],Released,My Best Friend's Girl,5.4,220,2008,9,16620508,1.8310254
20000000,226857,en,27.256849,"['Universal Pictures', 'Fake Empire', 'Bluegrass Films']",['United States of America'],2014-02-12,34077920,103.0,['English'],Released,Endless Love,6.7,542,2014,2,14077920,1.703896
20000000,47941,en,0.173964,[],['United States of America'],1981-07-31,2297493,98.0,['English'],Released,Under the Rainbow,4.9,7,1981,7,-17702507,0.11487465
20000000,526,en,14.370111,"['Twentieth Century Fox Film Corporation', 'Warner Bros.']",['United States of America'],1985-03-27,18432000,121.0,['English'],Released,Ladyhawke,6.8,260,1985,3,-1568000,0.9216
20000000,22796,en,11.090254,"['Caravan Pictures', 'Hollywood Pictures']",['United States of America'],1998-09-11,18253415,114.0,['English'],Released,Simon Birch,6.5,52,1998,9,-1746585,0.91267075
20000000,2355,en,20.82778,"['Columbia Pictures', 'Happy Madison Productions', 'Sunlight Productions', 'Relativity Media', 'Madison 23']",['United States of America'],2007-03-23,22222308,124.0,['English'],Released,Reign Over Me,7.1,334,2007,3,2222308,1.1111154
15000000,5915,en,43.644978,"['Paramount Vantage', 'River Road Entertainment', 'Art Linson Productions', 'Into the Wild']",['United States of America'],2007-09-11,56255142,148.0,"['Dansk', 'English']",Released,Into the Wild,7.8,3045,2007,9,41255142,3.7503428
20000000,9842,en,8.244324,['Dimension Films'],['United States of America'],2006-09-29,17807569,100.0,['English'],Released,School for Scoundrels,5.6,111,2006,9,-2192431,0.89037845
20000000,61012,en,23.292761,"['Davis-Films', 'Konami Corporation Ltd.']","['France', 'Canada']",2012-10-10,52302796,94.0,['English'],Released,Silent Hill: Revelation 3D,5.0,432,2012,10,32302796,2.6151398
19000000,755,en,64.181668,"['A Band Apart', 'Dimension Films', 'Los Hooligans Productions', 'Miramax']",['United States of America'],1996-01-19,25836616,108.0,"['English', 'Español']",Released,From Dusk Till Dawn,6.9,1603,1996,1,6836616,1.3598218947368421
20000000,9470,cn,13.658985,['Columbia Pictures'],"['China', 'Hong Kong']",2004-02-10,100914445,99.0,['广州话 / 廣州話'],Released,Kung Fu Hustle,7.2,831,2004,2,80914445,5.04572225
20000000,7979,en,10.446722,"['DreamWorks SKG', 'MacDonald/Parkes Productions', 'Sidney Kimmel Entertainment', 'Neal Street Productions', 'China Film Co-Production Corporation', 'Wonderland Films', 'Participant Media', 'Ebeling Group', 'Beijing Happy Pictures Cultural Communications Co.', 'Kite Runner Holdings']","['China', 'United States of America']",2007-10-14,73276047,128.0,"['English', 'Português', 'پښتو', 'Pусский', 'اردو']",Released,The Kite Runner,7.3,394,2007,10,53276047,3.66380235
20000000,470,en,32.243357,"['This Is That Productions', 'Y Productions', 'Mediana Productions Filmgesellschaft']",['United States of America'],2003-09-06,60427839,124.0,['English'],Released,21 Grams,7.2,918,2003,9,40427839,3.02139195
20000000,15644,en,9.149089,"['Icon Productions', 'Twentieth Century Fox Film Corporation', 'Icon Entertainment International']",['United States of America'],2004-09-03,16605763,84.0,"['English', 'Español']",Released,Paparazzi,5.8,52,2004,9,-3394237,0.83028815
20000000,9582,en,5.596835,"['Metro-Goldwyn-Mayer (MGM)', 'David Ladd Films']",['United States of America'],2003-01-17,17432163,101.0,['English'],Released,A Guy Thing,5.3,83,2003,1,-2567837,0.87160815
20000000,22074,en,10.50098,"['The Weinstein Company', 'Paramount Vantage']",['United States of America'],2009-09-06,17436509,120.0,"['English', 'Polski']",Released,Capitalism: A Love Story,7.0,167,2009,9,-2563491,0.87182545
20000000,2428,en,3.011205,['George Stevens Productions'],['United States of America'],1965-02-15,15473333,199.0,['English'],Released,The Greatest Story Ever Told,6.5,41,1965,2,-4526667,0.77366665
19500000,290751,en,15.012237,"['Ingenious Media', 'Gran Via Productions', 'IM Global', 'STX Entertainment', 'Route One Entertainment', 'Union Investment Partners', 'SITE Productions', ""Willie's Movies""]","['Spain', 'United Kingdom', 'United States of America']",2015-10-14,34854990,111.0,['English'],Released,Secret in Their Eyes,6.2,336,2015,10,15354990,1.7874353846153845
25000000,13805,en,16.238961,"['Grosvenor Park Media Ltd.', 'LionsGate', '3 in the Box']",['United States of America'],2008-08-29,14109284,87.0,['English'],Released,Disaster Movie,3.0,240,2008,8,-10890716,0.56437136
20000000,4597,en,15.21229,"['Screen Gems', 'Stars Road Entertainment', 'Farah Films & Management', 'Buckaroo Entertainment']",['United States of America'],2009-12-04,22942221,88.0,"['English', 'Deutsch']",Released,Armored,5.5,208,2009,12,2942221,1.14711105
20000000,9414,en,6.397042,"['Regency Enterprises', 'Taurus Films', 'Polar Productions', 'Warner Bros.']",['United States of America'],1997-11-14,13801755,97.0,['English'],Released,The Man Who Knew Too Little,6.5,125,1997,11,-6198245,0.69008775
20000000,63492,en,19.220789,"['Regency Enterprises', 'Contrafilm', 'New Regency Pictures']",['United States of America'],2011-09-30,30426096,106.0,['English'],Released,What's Your Number?,6.2,671,2011,9,10426096,1.5213048
20000000,81796,en,35.232278,"['Canal+', 'EuropaCorp', 'Ciné+']",['France'],2012-04-12,32204030,95.0,['English'],Released,Lockout,5.8,715,2012,4,12204030,1.6102015
20000000,15092,en,35.542809,"['Lakeshore Entertainment', 'Lionsgate', 'Radical Media']",['United States of America'],2009-04-16,34560577,96.0,['English'],Released,Crank: High Voltage,5.9,861,2009,4,14560577,1.72802885
20000000,15005,en,3.476925,['Gener8Xion Entertainment'],['United States of America'],2006-10-13,13391174,123.0,['English'],Released,One Night with the King,6.1,12,2006,10,-6608826,0.6695587
30000000,8198,en,5.133744,"['Miramax Films', 'Intermedia Films', 'Mirage Enterprises']",['United States of America'],2002-11-22,27674124,101.0,"['English', 'Français', 'Tiếng Việt']",Released,The Quiet American,6.4,81,2002,11,-2325876,0.9224708
20000000,6963,en,14.031377,"['Paramount Pictures', 'Escape Artists', 'Kumar Mobiliengesellschaft mbH & Co. Projekt Nr. 2 KG']","['Germany', 'United States of America']",2005-10-20,12482775,101.0,"['Český', 'English']",Released,The Weather Man,6.0,289,2005,10,-7517225,0.62413875
20000000,15070,en,17.227376,"['Miramax Films', 'Amen Ra Films']",['United States of America'],2002-08-23,12398628,96.0,['English'],Released,Undisputed,6.1,139,2002,8,-7601372,0.6199314
20000000,17134,en,15.66135,"['The Mark Gordon Company', 'Fox Atomic', '20th Century Fox Home Entertainment', 'WWE Studios', 'Midnight Sun Pictures']",['United States of America'],2009-03-19,17280326,108.0,"['Český', 'English']",Released,12 Rounds,5.7,220,2009,3,-2719674,0.8640163
20000000,41402,en,19.705311,"['Hammer Film Productions', 'EFTI', 'Exclusive Media Group', 'Overture Films']","['United Kingdom', 'United States of America']",2010-10-01,24145613,116.0,['English'],Released,Let Me In,6.7,641,2010,10,4145613,1.20728065
20000000,146198,en,29.371987,"['Worldview Entertainment', 'Anonymous Content', 'MadRiver Pictures', 'Sierra Pictures', 'Surefire Capital']",['United States of America'],2016-02-19,12639297,115.0,['English'],Released,Triple 9,5.6,797,2016,2,-7360703,0.63196485
20000000,2639,en,11.352693,['Fine Line Features'],['United States of America'],1997-08-26,10686841,96.0,['English'],Released,Deconstructing Harry,7.3,187,1997,8,-9313159,0.53434205
20000000,295964,en,30.477114,"['Double Feature Films', 'PeaPie Films', '3 Arts Entertainment']",['United States of America'],2015-10-02,36606743,100.0,"['Français', 'English']",Released,Burnt,6.3,950,2015,10,16606743,1.83033715
20000000,11835,en,12.643703,"['Twentieth Century Fox Film Corporation', 'Dune Entertainment', 'Baldwin Entertainment Group', 'Hyde Park Entertainment', 'Brass Hat Films']",['United States of America'],2007-08-31,16974459,105.0,['English'],Released,Death Sentence,6.5,297,2007,8,-3025541,0.84872295
20000000,14396,en,9.36146,['New Line Cinema'],['United States of America'],2007-01-05,10337477,84.0,['English'],Released,Code Name: The Cleaner,4.7,78,2007,1,-9662523,0.51687385
20000000,15673,en,6.102663,['Universal Pictures'],['United States of America'],2004-04-16,11341016,98.0,['English'],Released,Connie and Carla,6.4,24,2004,4,-8658984,0.5670508
8000000,42618,en,0.709143,['Universal Pictures'],['United States of America'],1969-01-01,20000000,149.0,['English'],Released,Sweet Charity,6.5,15,1969,1,12000000,2.5
20000000,171274,en,45.742217,"['Ghoulardi Film Company', 'Warner Bros.', 'IAC Films']",['United States of America'],2014-12-25,11110975,148.0,['English'],Released,Inherent Vice,6.5,833,2014,12,-8889025,0.55554875
20000000,109417,en,8.237336,['Screen Gems'],['United States of America'],2013-09-21,16549477,110.0,['English'],Released,Battle of the Year,5.9,88,2013,9,-3450523,0.82747385
20000000,13948,en,2.605374,['Mpower Pictures'],['United States of America'],2008-10-03,7000000,83.0,['English'],Released,An American Carol,4.1,20,2008,10,-13000000,0.35
12000000,106747,en,29.072964,"['Open Road Films', 'Overnight Films', 'AR Films', 'Aldamisa Entertainment', 'Demarest Films', '1821 Pictures', 'Quick Draw Productions']",['United States of America'],2013-09-12,15008161,107.0,"['English', 'Español']",Released,Machete Kills,5.3,631,2013,9,3008161,1.2506800833333334
20000000,256962,en,12.232048,"['Metanoia Films', 'Santa Fé Films']","['Mexico', 'United States of America']",2015-04-23,6420319,106.0,['English'],Released,Little Boy,7.0,185,2015,4,-13579681,0.32101595
15000000,48231,en,27.133277,"['Recorded Pictures Company', 'The Movie Network', 'Millbrook Pictures', 'Prospero Pictures', 'Lago Film', 'Dangerous Method Film AG']","['Switzerland', 'United Kingdom', 'Germany', 'Canada']",2011-09-30,27462041,99.0,['English'],Released,A Dangerous Method,6.2,571,2011,9,12462041,1.8308027333333334
8700000,3509,en,26.093043,"['Thousand Words', 'Warner Independent Pictures (WIP)', 'Detour Filmproduction', 'Section Eight Productions']",['United States of America'],2006-05-25,7659918,100.0,['English'],Released,A Scanner Darkly,6.8,532,2006,5,-1040082,0.8804503448275862
20000000,12142,en,9.292987,"['Boll Kino Beteiligungs GmbH & Co. KG', 'Brightlight Pictures', 'Herold Productions', 'Lionsgate', 'Infogrames Entertainment']","['Canada', 'Germany', 'United States of America']",2005-01-28,10442808,96.0,"['English', 'Português']",Released,Alone in the Dark,3.1,173,2005,1,-9557192,0.5221404
20000000,23367,en,7.716606,"['Summit Entertainment', 'Goldsmith-Thomas Productions', 'Walden Media']",['United States of America'],2009-08-06,5210988,111.0,['English'],Released,Bandslam,5.4,126,2009,8,-14789012,0.2605494
20000000,241239,en,37.629309,"['Participant Media', 'Imagenation Abu Dhabi FZ', 'FilmNation Entertainment', 'Before the Door Pictures', 'Washington Square Films', 'A24', 'Old Bull Pictures']","['United Arab Emirates', 'United States of America']",2014-12-30,12007070,125.0,"['Español', 'English']",Released,A Most Violent Year,6.5,546,2014,12,-7992930,0.6003535
20000000,3902,en,13.032308,"['Endgame Entertainment', 'Rising Star', 'Killer Films', 'John Wells Productions', 'Dreamachine', 'Film & Entertainment VIP Medienfonds 4 GmbH & Co. KG (I)', 'Grey Water Park Productions', 'John Goldwyn Productions', 'Wells Productions']",['United States of America'],2007-10-01,4001121,135.0,['English'],Released,I'm Not There.,6.6,195,2007,10,-15998879,0.20005605
20000000,77948,en,15.131867,"['Summit Entertainment', 'Intrepid Pictures', 'Film Rites', 'Galavis Film', 'Picture Machine', 'Fria Luz Del Dia, A.I.E.']",['United States of America'],2012-04-04,16863583,93.0,"['English', 'Español']",Released,The Cold Light of Day,4.8,271,2012,4,-3136417,0.84317915
20000000,21755,en,10.218307,"['The Weinstein Company', 'Summit Entertainment', 'Endgame Entertainment']",['United States of America'],2008-09-09,5530764,114.0,"['English', 'Français', 'Český', '日本語']",Released,The Brothers Bloom,6.8,203,2008,9,-14469236,0.2765382
26500000,128,ja,60.732738,"['Miramax Films', 'Studio Ghibli', 'Nibariki', 'Nippon Television Network (NTV)']",['Japan'],1997-07-12,159375308,134.0,['日本語'],Released,Princess Mononoke,8.2,1983,1997,7,132875308,6.014162566037736
2000000,16608,en,14.617944,"['Autonomous', 'UK Film Council', 'Surefire Film Productions', 'Pictures in Paradise', 'Pacific Film and Television Commission', 'Film Consortium', 'National Lottery through UK Film Council']","['Australia', 'United Kingdom']",2005-10-06,5048693,104.0,['English'],Released,The Proposition,7.1,218,2005,10,3048693,2.5243465
20000000,32316,en,5.65327,['Paramount Pictures'],['United States of America'],2003-08-22,1675706,84.0,['English'],Released,Marci X,3.3,12,2003,8,-18324294,0.0837853
20000000,7299,en,44.566609,"['Dimension Films', 'Blue Tulip Productions']",['United States of America'],2002-12-06,5359645,107.0,['English'],Released,Equilibrium,6.9,1552,2002,12,-14640355,0.26798225
40000000,13405,zh,8.978408,"['Australian Film Finance Corporation', 'Zero Fiction Film', 'Ming Productions', 'Bluewater Pictures', 'Cheerland Entertainment Organization']","['Australia', 'China', 'Germany']",2008-07-03,7400000,125.0,"['日本語', '普通话', 'English']",Released,The Children of Huang Shi,6.5,52,2008,7,-32600000,0.185
10000000,314385,en,11.267676,"['Plan B Entertainment', 'Jolie Pas', 'Pellikola']","['France', 'United States of America']",2015-11-12,3727746,122.0,"['Український', 'English', 'Français']",Released,By the Sea,5.4,156,2015,11,-6272254,0.3727746
20000000,10448,en,3.581906,"['Tig Productions', 'Majestic Films International', 'Warner Bros.', 'Newcomm', 'RCS']",['United States of America'],1994-09-09,305070,107.0,['English'],Released,Rapa Nui,6.2,33,1994,9,-19694930,0.0152535
20000000,43935,en,10.617236,"['Hyde Park Films', 'platinum studios', 'Long Distance Films']",['United States of America'],2011-03-16,4634062,107.0,"['English', 'Türkçe']",Released,Dylan Dog: Dead of Night,4.5,139,2011,3,-15365938,0.2317031
20000000,44638,en,3.620537,"['Miramax Films', 'Touchstone Pictures']",['United States of America'],2010-12-10,346594,110.0,['English'],Released,The Tempest,6.0,31,2010,12,-19653406,0.0173297
27220000,199373,en,28.060472,"['Grindstone Entertainment Group', 'Cheetah Vision', 'K5 International', 'Paradox Entertainment', 'Emmett/Furla Films', 'Picture Perfect Corporation', 'Court Five', 'Envision Entertainment', 'Valentina Films']",['United States of America'],2013-07-18,5496951,105.0,['English'],Released,The Frozen Ground,6.1,465,2013,7,-21723049,0.20194529757531227
22000000,581,en,45.707835,"['Tig Productions', 'Majestic Films International']","['United Kingdom', 'United States of America']",1990-11-09,424208848,181.0,['English'],Released,Dances with Wolves,7.6,1046,1990,11,402208848,19.282220363636362
20000000,52449,en,28.497242,"['Columbia Pictures', 'Mosaic Media Group']",['United States of America'],2011-05-16,216197492,92.0,['English'],Released,Bad Teacher,5.4,1584,2011,5,196197492,10.8098746
19000000,12150,en,11.47316,['Universal Pictures Corporation'],['United States of America'],1989-09-15,110879513,113.0,['English'],Released,Sea of Love,6.7,141,1989,9,91879513,5.835763842105263
19000000,11247,en,25.28132,"['Gaylord Films', 'Warner Bros.', 'Dylan Sellers Productions', 'Clifford Werber Productions']","['Canada', 'United States of America']",2004-07-10,70067909,95.0,"['Český', 'English', 'Deutsch']",Released,A Cinderella Story,6.1,713,2004,7,51067909,3.687784684210526
14000000,4232,en,45.99611,"['Woods Entertainment', 'Dimension Films']",['United States of America'],1996-12-20,173046663,111.0,['English'],Released,Scream,7.0,1476,1996,12,159046663,12.360475928571429
19000000,694,en,78.699993,"['Hawk Films', 'Warner Bros.', 'Peregrine']","['United States of America', 'United Kingdom']",1980-05-22,44017374,144.0,['English'],Released,The Shining,8.1,3757,1980,5,25017374,2.316703894736842
19000000,105,en,76.603233,"['Universal Pictures', 'Amblin Entertainment', 'U-Drive Productions']",['United States of America'],1985-07-03,381109762,116.0,['English'],Released,Back to the Future,8.0,6079,1985,7,362109762,20.05840852631579
19000000,11377,en,13.664614,"['Dark Castle Entertainment', 'Warner Bros.']",['United States of America'],1999-10-29,40846082,93.0,['English'],Released,House on Haunted Hill,5.5,209,1999,10,21846082,2.149793789473684
19000000,41210,en,27.494037,"['Mandate Pictures', 'Bona Fide Productions', 'Echo Films']",['United States of America'],2010-05-11,49830607,101.0,['English'],Released,The Switch,5.9,583,2010,5,30830607,2.6226635263157894
18000000,12090,en,18.47518,"['Twentieth Century Fox Film Corporation', 'Robert Simonds Productions', 'Mediastream Dritte Film GmbH & Co. Beteiligungs KG']","['Germany', 'United States of America']",2003-01-09,101564935,95.0,"['English', 'Italiano', 'Deutsch', 'Français']",Released,Just Married,5.3,404,2003,1,83564935,5.642496388888889
19100000,62630,en,10.559414,"['Corrino Media Corporation', 'Corsan', 'Staccato Films']","['Netherlands', 'Belgium']",2011-02-11,5728213,109.0,['English'],Released,The Devil's Double,6.5,208,2011,2,-13371787,0.2999064397905759
20000000,29427,en,28.867568,"['Penn Station Entertainment', 'Participant Media', 'Imagenation Abu Dhabi FZ', 'Overture Films']",['United States of America'],2010-02-26,54956140,101.0,['English'],Released,The Crazies,6.2,633,2010,2,34956140,2.747807
15000000,129,ja,118.968562,['Studio Ghibli'],['Japan'],2001-07-20,274925095,125.0,['日本語'],Released,Spirited Away,8.3,3840,2001,7,259925095,18.32833966666667
25000000,2669,en,7.436491,['Dino De Laurentiis Company'],"['United States of America', 'United Kingdom']",1984-05-04,8613462,132.0,['English'],Released,The Bounty,6.5,108,1984,5,-16386538,0.34453848
19000000,13523,en,17.952817,"['Summit Entertainment, LLC', 'Alloy Entertainment', 'Goldcrest Pictures']",['United States of America'],2008-10-16,18755936,109.0,['English'],Released,Sex Drive,6.0,342,2008,10,-244064,0.9871545263157895
19000000,25195,en,21.959742,"['Universal Pictures', 'Spyglass Entertainment', 'Octagon Films', 'BenderSpink', 'Birnbaum / Barber Productions']","['Ireland', 'United States of America']",2010-01-08,29922472,100.0,['English'],Released,Leap Year,6.4,465,2010,1,10922472,1.5748669473684211
19000000,17277,en,4.229942,"['Paramount Pictures', 'Samuel Bronston Productions']",['United States of America'],1964-03-24,4750000,188.0,['English'],Released,The Fall of the Roman Empire,6.0,33,1964,3,-14250000,0.25
19000000,50725,en,11.766564,"['Imagine Entertainment', 'Rogue Pictures', 'Relativity Media', 'Internationale Filmproduktion Blackbird Dritte']","['United States of America', 'Germany']",2011-03-04,6928068,97.0,['English'],Released,Take Me Home Tonight,6.2,208,2011,3,-12071932,0.3646351578947368
19000000,73191,en,0.068228,['Warner Bros. Family Entertainment'],['United States of America'],1993-11-24,2119994,93.0,['English'],Released,The Nutcracker,5.6,5,1993,11,-16880006,0.11157863157894737
19000000,10065,en,30.205943,"['Platinum Dunes', 'Dimension Films', 'Metro-Goldwyn-Mayer (MGM)', 'Radar Pictures']",['United States of America'],2005-04-15,108047131,90.0,['English'],Released,The Amityville Horror,6.0,588,2005,4,89047131,5.686691105263158
19000000,2757,en,26.441669,"['Beverly Detroit', 'Propaganda Films', 'Clinica Estetico', 'Intermedia', 'Good Machine', 'Magnet Productions']",['United States of America'],2002-12-06,32801173,114.0,"['English', 'Latin']",Released,Adaptation.,7.3,638,2002,12,13801173,1.7263775263157894
15000000,11683,en,15.262492,"['Universal Pictures', 'Atmosphere Entertainment MM', 'Romero-Grunwald Productions', 'Exception Wild Bunch']","['Canada', 'France', 'United States of America']",2005-06-24,46770602,93.0,"['English', 'Français', 'Italiano', 'Polski', 'Español']",Released,Land of the Dead,6.0,381,2005,6,31770602,3.1180401333333334
18500000,1878,en,44.511363,"['Universal Pictures', 'Summit Entertainment', 'Rhino Films', 'Fear and Loathing LLC', 'Shark Productions']",['United States of America'],1998-05-22,10680275,118.0,['English'],Released,Fear and Loathing in Las Vegas,7.2,1301,1998,5,-7819725,0.5773121621621622
18500000,23082,en,16.665841,"['Media Rights Capital', 'Lin Pictures', 'Warner Bros.', 'Wintergreen Productions', 'Lynda Obst Productions', '1821 Pictures', 'Radar Pictures']",['United States of America'],2009-09-13,31912793,100.0,"['English', 'Português']",Released,The Invention of Lying,6.0,518,2009,9,13412793,1.7250158378378377
18000000,195589,en,36.471231,"['Universal Pictures', 'Point Grey Pictures', 'Good Universe']",['United States of America'],2014-05-08,268157400,96.0,['English'],Released,Neighbors,6.2,2713,2014,5,250157400,14.897633333333333
23000000,854,en,85.30318,"['New Line Cinema', 'Dark Horse Entertainment']",['United States of America'],1994-07-29,351583407,101.0,"['svenska', 'English']",Released,The Mask,6.6,2472,1994,7,328583407,15.286235086956522
18000000,2280,en,20.716023,"['Gracie Films', 'Twentieth Century Fox Film Corporation', 'American Entertainment Partners II L.P.']",['United States of America'],1988-06-03,151668774,104.0,['English'],Released,Big,6.9,993,1988,6,133668774,8.426043
18000000,496,en,29.487784,"['Twentieth Century Fox Film Corporation', 'Four By Two Productions']",['United States of America'],2006-11-01,261572744,82.0,"['English', 'עִבְרִית', 'қазақ']",Released,Borat: Cultural Learnings of America for Make Benefit Glorious Nation of Kazakhstan,6.5,1579,2006,11,243572744,14.531819111111112
18000000,8835,en,25.43954,"['Marc Platt Productions', 'Metro-Goldwyn-Mayer (MGM)']",['United States of America'],2001-07-13,141774679,96.0,['English'],Released,Legally Blonde,6.1,882,2001,7,123774679,7.8763710555555555
18000000,157,en,15.314027,['Paramount Pictures'],['United States of America'],1984-05-31,87000000,105.0,"['English', 'Pусский']",Released,Star Trek III: The Search for Spock,6.4,434,1984,5,69000000,4.833333333333333
19000000,8643,en,32.602868,"['Lakeshore Entertainment', 'Firm Films', 'Screen Gems']",['United States of America'],2005-09-09,144216468,122.0,['English'],Released,The Exorcism of Emily Rose,6.3,659,2005,9,125216468,7.590340421052631
17000000,10402,en,9.832326,"['Happy Madison Productions', 'Quinta Communications', 'Touchstone Pictures']",['United States of America'],1999-12-10,65535067,88.0,['English'],Released,Deuce Bigalow: Male Gigolo,5.5,308,1999,12,48535067,3.8550039411764705
16000000,218043,en,33.452469,['Stoney Lake Entertainment'],['United States of America'],2014-10-03,19682924,110.0,['English'],Released,Left Behind,3.7,392,2014,10,3682924,1.23018275
18000000,21301,en,6.501815,['Metro-Goldwyn-Mayer (MGM)'],['United States of America'],2004-01-20,65070412,106.0,['English'],Released,Barbershop 2:  Back in Business,5.6,74,2004,1,47070412,3.615022888888889
23000000,10147,en,26.58873,"['Columbia Pictures', 'Triptych Pictures', 'Dimension Films (US version)']","['Germany', 'United States of America']",2003-11-26,76488889,91.0,['English'],Released,Bad Santa,6.5,656,2003,11,53488889,3.3256038695652173
16500000,816,en,36.15716,"['New Line Cinema', 'Capella International', ""Eric's Boy""]","['Germany', 'United States of America']",1997-05-02,67683989,94.0,['English'],Released,Austin Powers: International Man of Mystery,6.5,1013,1997,5,51183989,4.102059939393939
18000000,302688,en,16.027955,"['Universal Pictures', 'Playtone', 'HBO Films', 'Gold Circle Films']","['Canada', 'United States of America']",2016-03-23,88923251,94.0,['English'],Released,My Big Fat Greek Wedding 2,5.5,322,2016,3,70923251,4.940180611111111
21000000,60307,en,14.329891,"['Fox 2000 Pictures', 'Color Force']",['United States of America'],2011-03-25,72417394,99.0,['English'],Released,Diary of a Wimpy Kid: Rodrick Rules,6.3,238,2011,3,51417394,3.448447333333333
18000000,106,en,50.009408,"['Twentieth Century Fox Film Corporation', 'Lawrence Gordon Productions', 'Davis Entertainment', 'Silver Pictures', 'Amercent Films', 'American Entertainment Partners L.P.']",['United States of America'],1987-06-11,98235548,107.0,"['English', 'Español']",Released,Predator,7.3,2093,1987,6,80235548,5.457530444444444
18000000,279,en,31.82675,['Warner Bros.'],['United States of America'],1984-10-26,51973029,160.0,"['English', 'Deutsch', 'Italiano', 'Latin']",Released,Amadeus,7.8,1076,1984,10,33973029,2.8873905
17000000,10625,en,36.423717,"['Paramount Pictures', 'Broadway Video', 'M.G. Films']",['United States of America'],2004-04-30,129042871,97.0,"['Kiswahili', 'English', 'Deutsch', 'Tiếng Việt']",Released,Mean Girls,6.9,2320,2004,4,112042871,7.590757117647059
19800000,5279,en,11.693272,['USA Films'],"['Germany', 'United Kingdom', 'United States of America']",2001-11-07,87754044,137.0,['English'],Released,Gosford Park,6.8,246,2001,11,67954044,4.432022424242424
18000000,10013,en,12.243887,"['American Zoetrope', 'TriStar Pictures']",['United States of America'],1986-10-05,41382841,103.0,['English'],Released,Peggy Sue Got Married,5.9,136,1986,10,23382841,2.299046722222222
18000000,194662,en,89.811154,"['Worldview Entertainment', 'New Regency Pictures', 'TSG Entertainment', 'Le Grisbi Productions', 'M Productions']",['United States of America'],2014-08-27,103215094,119.0,['English'],Released,Birdman,7.4,4535,2014,8,85215094,5.734171888888889
18000000,160588,en,34.694216,['Perdido Productions'],['United States of America'],2013-07-25,99206215,98.0,['English'],Released,Blue Jasmine,7.0,1098,2013,7,81206215,5.511456388888889
15000000,9829,en,17.50138,"['Universal Pictures', 'StudioCanal', 'Sidney Kimmel Entertainment', 'Working Title Films']","['France', 'United Kingdom', 'United States of America']",2006-04-28,76286096,111.0,"['English', 'العربية', 'Deutsch']",Released,United 93,6.9,367,2006,4,61286096,5.085739733333333
18000000,10028,en,18.492655,"['Universal Pictures', 'Marc Platt Productions', 'NuAmerica Entertainment']",['United States of America'],2003-11-24,62646763,94.0,['English'],Released,Honey,6.0,303,2003,11,44646763,3.480375722222222
1000000,790,en,14.518598,"['AVCO Embassy Pictures', 'EDI', 'Debra Hill Productions']",['United States of America'],1980-02-08,21378361,89.0,['English'],Released,The Fog,6.4,311,1980,2,20378361,21.378361
18000000,43959,en,19.234672,"['Mandalay Pictures', 'TriStar Pictures', 'Brookwell-McNamara Entertainment', 'FilmDistrict', 'Affirm Films']",['United States of America'],2011-04-08,47088990,106.0,['English'],Released,Soul Surfer,6.9,342,2011,4,29088990,2.616055
18000000,10364,en,4.504377,"['Paramount Pictures', 'Filmways Productions']",['United States of America'],1970-06-24,24911670,121.0,"['English', 'Italiano']",Released,Catch-22,6.7,72,1970,6,6911670,1.3839816666666667
18000000,9610,en,18.379124,['De Laurentiis Entertainment Group'],['United States of America'],1984-06-29,100000000,103.0,['English'],Released,Conan the Destroyer,5.8,383,1984,6,82000000,5.555555555555555
18000000,1578,en,35.524457,['United Artists'],['United States of America'],1980-11-14,23000000,129.0,['English'],Released,Raging Bull,7.7,938,1980,11,5000000,1.2777777777777777
18000000,25643,en,13.472365,"['Universal Pictures', 'Stuber Productions', 'Camp / Thompson Pictures', 'Relativity Media', 'Scion Films', 'Traveling Film Productions']","['Canada', 'United Kingdom', 'United States of America']",2009-09-18,36133014,109.0,['English'],Released,Love Happens,5.6,180,2009,9,18133014,2.0073896666666666
18000000,44115,en,52.464877,"['Fox Searchlight Pictures', 'Warner Bros.', 'Cloud Eight Films', 'Pathé', 'Film4', 'Everest Entertainment', 'HandMade Films']","['United Kingdom', 'United States of America']",2010-11-05,35692920,94.0,['English'],Released,127 Hours,7.0,2606,2010,11,17692920,1.98294
18000000,10560,en,6.961736,['Columbia Pictures'],['United States of America'],2000-05-12,17200925,115.0,['English'],Released,Center Stage,6.8,90,2000,5,-799075,0.9556069444444445
17000000,333348,en,9.191187,"['Imagine Entertainment', 'Groundswell Productions', 'CBS Films']",['United States of America'],2015-11-12,24000000,107.0,['English'],Released,Love the Coopers,5.4,167,2015,11,7000000,1.411764705882353
18000000,20483,en,4.492859,"['Fox 2000 Pictures', 'Mad Chance', 'Nimbus Film Productions', 'Mediastream Dritte Film GmbH & Co. Beteiligungs KG', 'Splendid Productions']",['United States of America'],2004-02-06,16702864,92.0,['English'],Released,Catch That Kid,4.9,76,2004,2,-1297136,0.9279368888888889
30000000,321697,en,53.670525,"['Universal Pictures', 'Scott Rudin Productions', 'Legendary Pictures', 'The Mark Gordon Company', 'Management 360', 'Cloud Eight Films']",['United States of America'],2015-10-09,34441873,122.0,['English'],Released,Steve Jobs,6.8,1573,2015,10,4441873,1.1480624333333334
18000000,38665,en,11.725805,['ITC Entertainment'],['United States of America'],1981-08-20,2945600,98.0,['English'],Released,The Legend of the Lone Ranger,3.7,14,1981,8,-15054400,0.16364444444444445
21000000,2575,en,7.047975,"['Columbia Pictures', 'Merlin Films']","['Ireland', 'United States of America']",2001-02-11,28008462,109.0,"['English', 'Español']",Released,The Tailor of Panama,6.2,92,2001,2,7008462,1.3337362857142858
18000000,11644,en,13.628601,['Cinema 77'],['United States of America'],1981-07-24,12000000,108.0,['English'],Released,Blow Out,7.3,236,1981,7,-6000000,0.6666666666666666
18000000,146227,en,16.520516,"['Dark Castle Entertainment', 'Signature Pictures', 'After Dark Films', 'Silver Reel', 'Saints LA', 'Bomar OOD', 'thefyzz', 'Dunulf Productions', 'Emmitt Productions Limited', 'ADF Acquisitions']","['Bulgaria', 'United States of America']",2013-08-29,10501938,90.0,['English'],Released,Getaway,4.9,246,2013,8,-7498062,0.583441
18000000,68924,en,14.916264,"['Fox Searchlight Pictures', 'Good Machine', 'Canal+ Droits Audiovisuels']","['France', 'United States of America']",1997-09-27,8038061,112.0,['English'],Released,The Ice Storm,6.9,176,1997,9,-9961939,0.44655894444444444
18000000,253235,en,9.633711,"['Castle Rock Entertainment', 'Envision Entertainment', 'ASIG Productions']",['United States of America'],2014-07-20,25312387,94.0,['English'],Released,And So It Goes,5.7,164,2014,7,7312387,1.4062437222222222
17000000,10068,en,12.313143,"['Metro-Goldwyn-Mayer (MGM)', 'Producers Sales Organization (PSO)', 'Jonesfilm', 'Galactic Films', 'Triple Ajaxxx']",['United States of America'],1986-02-14,6735922,117.0,['English'],Released,Nine 1/2 Weeks,5.8,177,1986,2,-10264078,0.39623070588235293
18000000,848,en,3.258422,"['Paramount Pictures', 'Walt Disney Productions']",['United Kingdom'],1981-06-26,14110013,108.0,"['English', 'Magyar']",Released,Dragonslayer,6.5,67,1981,6,-3889987,0.7838896111111111
18000000,522,en,24.548633,['Touchstone Pictures'],['United States of America'],1994-09-27,5887457,127.0,['English'],Released,Ed Wood,7.3,630,1994,9,-12112543,0.32708094444444447
18000000,130150,en,17.683563,"['Mr. Mudd Production', 'Indian Paintbrush', 'Right of Way Films']",['United States of America'],2013-12-27,20275812,111.0,['English'],Released,Labor Day,6.7,299,2013,12,2275812,1.126434
18000000,12246,ru,10.1449,"['Kinokompaniya CTB', 'X-Filme Creative Pool', 'Andreevsky Flag Film Company', 'Kinofabrika', 'Eurasia Film Production']","['Russia', 'Germany', 'Kazakhstan']",2007-09-20,26527510,120.0,"['普通话', '']",Released,Mongol: The Rise of Genghis Khan,6.5,158,2007,9,8527510,1.4737505555555555
18000000,13809,en,31.887978,"['StudioCanal', 'Dark Castle Entertainment', 'Toff Guy Films', 'Warner Bros.']",['United Kingdom'],2008-09-04,25739015,114.0,"['English', 'Pусский']",Released,RockNRolla,6.9,836,2008,9,7739015,1.4299452777777777
25000000,33870,en,1.876811,['Great Scott Productions Pty. Ltd.'],['Australia'],2009-10-01,20719451,117.0,"['English', '普通话']",Released,Mao's Last Dancer,6.8,28,2009,10,-4280549,0.82877804
18000000,245703,en,32.717853,"['Warner Bros.', 'Faliro House Productions', 'Tri-State Pictures']",['United States of America'],2016-02-18,6212282,112.0,['English'],Released,Midnight Special,6.2,694,2016,2,-11787718,0.3451267777777778
18000000,127560,en,13.916583,"['Archer Street Productions', 'Lionsgate', 'Pictures in Paradise', 'Silver Reel', 'Latitude Media', 'Thai Occidental Productions']","['Australia', 'United Kingdom']",2013-12-26,22309223,116.0,['English'],Released,The Railway Man,6.7,273,2013,12,4309223,1.2394012777777779
2700000,10017,en,10.47644,"['New Century Entertainment Corporation', 'Alliance Entertainment', 'Turbo Productions']","['United States of America', 'Canada']",1986-11-21,3500000,93.0,['English'],Released,The Wraith,5.9,108,1986,11,800000,1.2962962962962963
18000000,11468,en,10.991281,"['Castle Rock Entertainment', 'Darkwoods Productions']",['United States of America'],2002-01-01,676698,103.0,['English'],Released,Salton Sea,7.0,104,2002,1,-17323302,0.037594333333333334
18000000,193613,en,7.871686,"['Exclusive Media Group', 'Picturehouse Entertainment']",['United States of America'],2013-09-25,7972967,93.0,['English'],Released,Metallica: Through the Never,6.7,83,2013,9,-10027033,0.4429426111111111
18000000,17436,en,6.333869,['Senator Entertainment Co'],"['Germany', 'United States of America']",2008-11-05,382174,98.0,['English'],Released,The Informers,4.4,60,2008,11,-17617826,0.02123188888888889
18000000,43434,en,1.138383,"['Egoli Tossell Film AG', 'Canal+', 'Arte France', 'Films en Stock']","['France', 'Germany']",2010-05-19,871279,338.0,"['Français', 'Deutsch', 'English', 'Español', 'العربية', 'Magyar', '日本語', 'Pусский']",Released,Carlos,6.7,50,2010,5,-17128721,0.048404388888888886
3500000,8408,en,18.025206,"['Dead Films', 'Laurel Entertainment', 'Toei']","['United States of America', 'Japan']",1985-07-19,34000000,96.0,['English'],Released,Day of the Dead,6.9,270,1985,7,30500000,9.714285714285714
18000000,9389,fr,9.244181,"['Onyx Films', 'Backup Films', 'France2 Cinéma', 'Centre National de la Cinématographie (CNC)']","['France', 'United Kingdom', 'Luxembourg']",2006-03-16,1831348,105.0,"['English', 'Français']",Released,Renaissance,6.7,77,2006,3,-16168652,0.10174155555555556
17900000,9626,en,12.752463,"['Famous Films (II)', 'Metro-Goldwyn-Mayer (MGM)', 'Dino De Laurentiis Company']","['Netherlands', 'United States of America']",1985-04-09,6948633,89.0,['English'],Released,Red Sonja,5.0,206,1985,4,-10951367,0.3881917877094972
14000000,75638,en,22.748174,"['First Generation Films', 'Antena 3 Films', 'Televisió de Catalunya TV3', 'Canal+ España', 'Instituto de la Cinematografía y de las Artes Audiovisuales (ICAA)', 'Millennium Films', 'Nostromo Pictures', 'Generalitat de Catalunya - Institut Català de les Indústries Culturals (ICIC)', 'Cindy Cowan Entertainment', 'La Sexta', 'Attitude Pinículas y Films A.I.E.']","['Spain', 'United States of America']",2012-03-02,13551174,119.0,['English'],Released,Red Lights,6.0,376,2012,3,-448826,0.967941
20000000,8363,en,33.436092,"['Columbia Pictures', 'Apatow Productions']",['United States of America'],2007-08-17,121463226,113.0,['English'],Released,Superbad,7.0,2100,2007,8,101463226,6.0731613
23000000,8328,en,28.973074,"['Summit Entertainment', 'Offspring Entertainment', 'Touchstone Pictures']",['United States of America'],2008-02-14,150816700,98.0,"['Pусский', 'English']",Released,Step Up 2: The Streets,6.5,640,2008,2,127816700,6.557247826086956
15000000,10982,en,23.980329,"['The Weinstein Company', 'Kanbar Entertainment', 'Blue Yonder Films']",['United States of America'],2005-12-16,51053787,80.0,['English'],Released,Hoodwinked!,5.9,479,2005,12,36053787,3.4035858
17500000,205,en,28.60542,"['Lions Gate Films', 'United Artists', 'Industrial Development Corporation of South Africa', 'Endgame Entertainment', 'Miracle Pictures', 'Sixth Sense Productions', 'Mikado Film', 'Inside Track Films']","['Canada', 'United Kingdom', 'United States of America', 'Italy', 'South Africa']",2004-09-11,38000000,121.0,"['English', 'Français']",Released,Hotel Rwanda,7.5,793,2004,9,20500000,2.1714285714285713
24000000,1620,en,42.669304,"['Twentieth Century Fox Film Corporation', 'Dune Entertainment', 'Anka Film', 'EuropaCorp', 'Daybreak Productions', 'Prime Universe Productions']","['France', 'United States of America']",2007-11-21,99965753,89.0,"['English', 'Pусский', 'Srpski']",Released,Hitman,5.9,966,2007,11,75965753,4.165239708333333
17500000,175541,en,7.180403,"['Fox Searchlight Pictures', 'Malvern Pictures']",['United States of America'],2013-11-27,7018189,93.0,['English'],Released,Black Nativity,5.8,16,2013,11,-10481811,0.40103937142857143
18000000,241254,en,21.638673,"['Grindstone Entertainment Group', 'Emmett/Furla Films', 'Oasis Films', 'Aperture Entertainment']",['United States of America'],2014-08-22,266586800,93.0,['English'],Released,The Prince,4.6,218,2014,8,248586800,14.810377777777777
18500000,679,en,67.66094,"['Twentieth Century Fox Film Corporation', 'SLM Production Group', 'Brandywine Productions']","['United Kingdom', 'United States of America']",1986-07-18,183316455,137.0,['English'],Released,Aliens,7.7,3220,1986,7,164816455,9.908997567567567
17000000,11113,en,20.786616,['Warner Bros.'],['United States of America'],1964-10-21,72070731,170.0,['English'],Released,My Fair Lady,7.4,352,1964,10,55070731,4.239454764705882
17000000,3597,en,27.654472,"['Columbia Pictures Corporation', 'Mandalay Entertainment', 'Summer Knowledge LLC']",['United States of America'],1997-10-17,125586134,100.0,['English'],Released,I Know What You Did Last Summer,5.6,687,1997,10,108586134,7.387419647058824
17000000,193893,en,70.668923,"['Twentieth Century Fox Film Corporation', 'WideAwake', 'Genre Films']",['United States of America'],2014-08-13,136621271,104.0,['English'],Released,Let's Be Cops,6.4,1219,2014,8,119621271,8.036545352941177
16000000,9675,en,23.425431,"['Fox Searchlight Pictures', 'Michael London Productions', 'Sideways Productions Inc.']",['United States of America'],2004-10-22,109502303,126.0,"['', 'English']",Released,Sideways,6.9,478,2004,10,93502303,6.8438939375
17500000,9988,en,14.304444,['Broken Lizard Industries'],['United States of America'],2006-08-25,19179969,110.0,"['English', 'Deutsch']",Released,Beerfest,5.8,172,2006,8,1679969,1.0959982285714285
300000,948,en,30.301307,"['Compass International Pictures', 'Falcon International Productions']",['United States of America'],1978-10-25,70000000,91.0,['English'],Released,Halloween,7.4,1035,1978,10,69700000,233.33333333333334
17000000,146304,en,7.210095,['Universal'],['United States of America'],2013-11-15,71625195,123.0,['English'],Released,The Best Man Holiday,6.7,110,2013,11,54625195,4.213246764705882
17000000,7516,en,23.491962,"['Universal Pictures', 'StudioCanal', 'Relativity Media', 'Scion Films', 'Working Title Films']","['France', 'United Kingdom', 'United States of America']",2006-12-09,57103895,109.0,['English'],Released,Smokin' Aces,6.4,534,2006,12,40103895,3.3590526470588236
20000000,41439,en,36.133536,"['Lionsgate', 'Twisted Pictures', 'Serendipity Productions']","['Canada', 'United States of America']",2010-10-21,136150434,90.0,['English'],Released,Saw: The Final Chapter,5.8,730,2010,10,116150434,6.8075217
17000000,9429,en,12.709227,"['Paramount Pictures', 'SNL Studios']",['United States of America'],1998-10-01,30331165,81.0,['English'],Released,A Night at the Roxbury,5.9,198,1998,10,13331165,1.7841861764705882
17000000,38117,en,24.054062,"['CBS Films', ""Mel's Cite du Cinema"", 'Storefront Films']",['United States of America'],2011-01-21,43165571,86.0,['English'],Released,Beastly,6.0,849,2011,1,26165571,2.5391512352941175
15000000,9792,en,35.107857,"['Fox Searchlight Pictures', 'Dune Entertainment', 'Major Studio Partners', 'Craven-Maddalena Films']","['France', 'United States of America']",2006-03-10,69623713,107.0,['English'],Released,The Hills Have Eyes,6.1,705,2006,3,54623713,4.641580866666667
20000000,13960,en,5.422285,['Warner Bros.'],['United States of America'],2006-03-31,21170563,105.0,['English'],Released,ATL,6.0,32,2006,3,1170563,1.05852815
17000000,114150,en,32.746486,['Brownstone Productions'],['United States of America'],2012-09-28,115350426,112.0,['English'],Released,Pitch Perfect,7.3,2247,2012,9,98350426,6.785319176470588
34000000,26602,en,3.960098,"['Tollin/Robbins Productions', 'Warner Bros.']",['United States of America'],2001-08-22,19693891,108.0,['English'],Released,Summer Catch,4.8,63,2001,8,-14306109,0.5792320882352942
17000000,26390,en,18.790102,"['Nu Image Films', 'Langley Productions', 'Thunder Road Productions', 'Fuqua Films', 'Millennium Films']",['United States of America'],2009-01-16,29536299,133.0,['English'],Released,Brooklyn's Finest,6.2,293,2009,1,12536299,1.7374293529411764
17000000,27759,en,3.321095,"['Allied Artists Pictures', 'Samuel Bronston Productions']",['United States of America'],1963-05-06,10000000,154.0,['English'],Released,55 Days at Peking,6.3,36,1963,5,-7000000,0.5882352941176471
17000000,109428,en,33.912116,"['TriStar Pictures', 'Ghost House Pictures', 'FilmDistrict']",['United States of America'],2013-04-05,97542952,91.0,['English'],Released,Evil Dead,6.4,1723,2013,4,80542952,5.737820705882353
17000000,23049,en,5.787891,"['Fox Searchlight Pictures', '26 Films']","['Greece', 'United States of America']",2009-02-06,20455276,95.0,['English'],Released,My Life in Ruins,5.6,101,2009,2,3455276,1.2032515294117647
17000000,9310,en,7.864011,"['Universal Pictures', 'Depth of Field']",['United States of America'],2006-03-04,7314027,107.0,"['English', 'Español']",Released,American Dreamz,4.9,95,2006,3,-9685973,0.43023688235294116
17000000,11411,en,17.062117,"['Cannon Films', 'Warner Bros.', 'London-Cannon Films', 'Golan-Globus Productions']","['United Kingdom', 'United States of America']",1987-07-23,19300000,90.0,"['English', 'Français', 'Italiano', 'Pусский', 'ภาษาไทย']",Released,Superman IV: The Quest for Peace,4.1,318,1987,7,2300000,1.1352941176470588
17000000,7304,en,19.311572,"['International Production Company', 'True Grit Productions', 'Zero Gravity Management', 'Pierce/Williams Entertainment']","['Germany', 'United States of America']",2006-01-06,9500000,122.0,"['English', 'Pусский']",Released,Running Scared,7.0,331,2006,1,-7500000,0.5588235294117647
40000000,1491,en,36.960953,"['Michael London Productions', 'Stillking Films', 'Bob Yari Productions', ""Bull's Eye Entertainment"", 'Contagious Entertainment', 'Revolution Sun Studios']","['Czech Republic', 'United States of America']",2006-08-18,86915017,110.0,['English'],Released,The Illusionist,7.1,1615,2006,8,46915017,2.172875425
17000000,2989,en,1.15641,['American Filmworks'],['United States of America'],1981-11-12,2000000,102.0,['English'],Released,Roar,5.6,19,1981,11,-15000000,0.11764705882352941
17000000,10629,en,9.583578,"['Jerry Bruckheimer Films', 'Touchstone Pictures']","['Ireland', 'United Kingdom', 'United States of America']",2003-07-11,1569918,98.0,['English'],Released,Veronica Guerin,6.8,59,2003,7,-15430082,0.09234811764705882
17000000,255343,en,25.112567,"['Nexus Factory', 'uFilm', 'Jaguar Films', 'Umedia', 'Chapter 2', 'Roxbury']","['Belgium', 'France', 'Spain']",2014-10-11,3758328,120.0,"['Español', 'English']",Released,Escobar: Paradise Lost,6.1,271,2014,10,-13241672,0.2210781176470588
17000000,4723,en,9.349386,"['Universal Pictures', 'Destination Films', 'Persistent Entertainment', 'Wild Bunch', 'Cherry Road Films LLC', 'MHF Zweite Academy Film', 'Darko Entertainment', 'Academy Films', 'Eden Roc Productions']","['Germany', 'United States of America', 'France']",2006-05-15,374743,144.0,['English'],Released,Southland Tales,5.2,153,2006,5,-16625257,0.02204370588235294
17000000,25763,en,2.215261,['Twentieth Century Fox Film Corporation'],['United States of America'],1977-09-10,8720000,91.0,"['Español', 'English']",Released,Damnation Alley,5.0,27,1977,9,-8280000,0.5129411764705882
17000000,79694,en,6.385234,"['StudioCanal', 'Dark Castle Entertainment', 'Warner Bros.', 'Studio Babelsberg Motion Pictures']",['United States of America'],2012-08-23,9627492,82.0,['English'],Released,The Apparition,4.5,140,2012,8,-7372508,0.5663230588235294
16800000,18615,en,4.358255,"['River Road Entertainment', 'Edward R. Pressman Film', 'Iron Film']",['United States of America'],2006-08-30,2281089,122.0,['English'],Released,Fur: An Imaginary Portrait of Diane Arbus,5.8,73,2006,8,-14518911,0.13577910714285715
15000000,10673,en,24.898687,['Twentieth Century Fox Film Corporation'],['United States of America'],1987-12-10,43848069,126.0,['English'],Released,Wall Street,7.0,546,1987,12,28848069,2.9232046
16500000,4584,en,20.898711,"['Columbia Pictures Corporation', 'Mirage Enterprises']","['United Kingdom', 'United States of America']",1995-12-13,135000000,136.0,['English'],Released,Sense and Sensibility,7.2,352,1995,12,118500000,8.181818181818182
16500000,2977,en,18.236284,"['Ecosse Films', '2 Entertain', 'Bueprint Pictures']","['United Kingdom', 'United States of America']",2007-03-02,37311672,120.0,"['English', 'Türkçe']",Released,Becoming Jane,6.9,317,2007,3,20811672,2.2613134545454545
16500000,10760,en,10.74648,"['Morgan Creek Productions', 'Clifford Werber Productions', 'SW7D Productions']",['United States of America'],2007-09-21,13620075,108.0,['English'],Released,Sydney White,6.0,236,2007,9,-2879925,0.8254590909090909
16500000,11093,en,12.102725,"['DreamWorks SKG', 'Cobalt Media Group', 'Bisgrove Entertainment']",['United States of America'],2003-12-19,16942795,126.0,"['English', 'فارسی']",Released,House of Sand and Fog,7.0,199,2003,12,442795,1.0268360606060607
16400000,207,en,55.458584,"['Touchstone Pictures', 'Silver Screen Partners IV']",['United States of America'],1989-06-02,235860116,129.0,['English'],Released,Dead Poets Society,8.1,2705,1989,6,219460116,14.381714390243902
16000000,8467,en,35.777067,"['New Line Cinema', 'Motion Picture Corporation of America (MPCA)']",['United States of America'],1994-12-16,247275374,107.0,['English'],Released,Dumb and Dumber,6.5,1859,1994,12,231275374,15.454710875
16000000,639,en,18.430419,"['Castle Rock Entertainment', 'Nelson Entertainment']",['United States of America'],1989-07-21,92823546,96.0,['English'],Released,When Harry Met Sally...,7.3,950,1989,7,76823546,5.801471625
16000000,24226,en,7.980632,['Twentieth Century Fox Film Corporation'],['United States of America'],1982-12-08,53977250,129.0,['English'],Released,The Verdict,7.4,131,1982,12,37977250,3.373578125
16000000,9285,en,14.759948,"['DreamWorks SKG', 'The Montecito Picture Company']",['United States of America'],2000-05-19,119754278,93.0,['English'],Released,Road Trip,5.9,542,2000,5,103754278,7.484642375
15000000,74643,en,29.943316,"['France 3 Cinéma', 'La Petite Reine', 'Studio 37', 'uFilm', 'Jouror Productions', 'La Classe Américaine', 'JD Prod']","['Belgium', 'France']",2011-05-15,133432856,100.0,['Français'],Released,The Artist,7.3,1049,2011,5,118432856,8.895523733333333
16000000,13788,en,15.788784,"['Rogue Pictures', 'Phantom Four', 'Platinum Dunes', 'Relativity Media']",['United States of America'],2009-01-09,76514050,87.0,"['English', 'עִבְרִית']",Released,The Unborn,4.8,365,2009,1,60514050,4.782128125
16000000,83666,en,41.083914,"['Scott Rudin Productions', 'Indian Paintbrush', 'Focus Features', 'American Empirical Pictures', 'Moonrise']",['United States of America'],2012-05-16,68263166,94.0,['English'],Released,Moonrise Kingdom,7.6,1662,2012,5,52263166,4.266447875
18500000,318850,en,1.884558,['Focus Features'],['United States of America'],2016-03-10,6490401,120.0,['English'],Released,The Young Messiah,6.4,30,2016,3,-12009599,0.35083248648648646
19000000,1417,es,90.809408,"['Estudios Picasso', 'Esperanto Filmoj', 'Tequila Gang']","['Spain', 'United States of America', 'Mexico']",2006-05-27,83258226,118.0,['Español'],Released,Pan's Labyrinth,7.6,3041,2006,5,64258226,4.382011894736842
16000000,16161,en,7.854989,"['Columbia Pictures', 'New Deal Productions']",['United States of America'],2001-06-27,29381649,130.0,['English'],Released,Baby Boy,7.4,55,2001,6,13381649,1.8363530625
16000000,49950,en,11.807269,"['Vertigo Entertainment', 'Screen Gems']",['United States of America'],2011-02-04,40492759,91.0,['English'],Released,The Roommate,5.3,224,2011,2,24492759,2.5307974375
17700000,10956,en,15.976335,"['Columbia Pictures', 'Happy Madison Productions']",['United States of America'],2001-04-10,30987695,91.0,['English'],Released,Joe Dirt,5.5,242,2001,4,13287695,1.750717231638418
15000000,9594,en,10.484642,['Stone Group Pictures'],['United States of America'],1991-08-10,30102717,110.0,['English'],Released,Double Impact,5.3,215,1991,8,15102717,2.0068478
12000000,4638,en,38.623178,"['Universal Pictures', 'Big Talk Productions', 'StudioCanal', 'GAGA', 'Working Title Films']",['United Kingdom'],2007-02-14,80573774,121.0,['English'],Released,Hot Fuzz,7.4,2199,2007,2,68573774,6.714481166666666
16000000,13972,en,8.8321,['New Line Cinema'],['United States of America'],2008-09-12,50007546,114.0,['English'],Released,The Women,4.6,96,2008,9,34007546,3.125471625
15000000,5038,en,32.758254,"['The Weinstein Company', 'Gravier Productions', 'Antena 3 Films', 'Televisió de Catalunya (TV3)', 'Antena 3 Televisión', 'Mediapro']","['United States of America', 'Spain']",2008-08-15,96408652,96.0,"['Español', 'English']",Released,Vicky Cristina Barcelona,6.7,1020,2008,8,81408652,6.427243466666667
16000000,10571,en,9.119797,['Punch 21 Productions'],['United States of America'],2000-06-16,20627372,94.0,['English'],Released,Boys and Girls,5.4,103,2000,6,4627372,1.28921075
16000000,19994,en,32.257414,"['Dune Entertainment', 'Fox Atomic']",['United States of America'],2009-09-18,31556061,100.0,"['Español', 'English']",Released,Jennifer's Body,5.3,837,2009,9,15556061,1.9722538125
16000000,25166,en,3.021835,"['Code Entertainment', 'Neverland Films']",['United States of America'],2000-03-03,15427192,96.0,['English'],Released,Drowning Mona,5.4,43,2000,3,-572808,0.9641995
20000000,12120,en,9.455596,"['Weintraub Entertainment Group', 'The Catalina Production Group']",['United States of America'],1988-12-09,13854000,108.0,['English'],Released,My Stepmother is an Alien,5.3,131,1988,12,-6146000,0.6927
26000000,9800,en,44.301745,"['TriStar Pictures', 'Clinica Estetico']",['United States of America'],1993-12-22,206678440,125.0,['English'],Released,Philadelphia,7.6,988,1993,12,180678440,7.949170769230769
16000000,1090,en,19.890428,"['Columbia Pictures', 'Centropolis Film Productions']",['United States of America'],1999-04-16,18564088,100.0,['English'],Released,The Thirteenth Floor,6.8,378,1999,4,2564088,1.1602555
16000000,18475,en,0.830596,['Cookout Productions'],['United States of America'],2004-09-03,12,97.0,['English'],Released,The Cookout,4.6,10,2004,9,-15999988,7.5e-07
6500000,9781,en,5.700333,"['New Line Cinema', 'Base 12 Productions', 'Corrupter Production Service Ltd.', 'Takoma Entertainment', 'KISS Nation']",['United States of America'],1999-08-13,4217115,95.0,['English'],Released,Detroit Rock City,6.7,100,1999,8,-2282885,0.6487869230769231
16000000,8009,en,29.253833,"['Davis-Panzer Productions', 'Thorn EMI Screen Entertainment']","['United Kingdom', 'United States of America']",1986-03-07,5900000,116.0,['English'],Released,Highlander,6.8,624,1986,3,-10100000,0.36875
16000000,3877,en,8.842869,"['DreamWorks SKG', 'Neal Street Productions', 'DreamWorks Pictures', 'Province of British Columbia Production Services Tax Credit']",['United States of America'],2007-09-26,2849142,113.0,['English'],Released,Things We Lost in the Fire,6.7,90,2007,9,-13150858,0.178071375
16000000,8854,en,2.848727,"['Quincy Jones-David Salzman Entertainment', 'Warner Bros.', 'DC Entertainment']",['United States of America'],1997-08-15,1686429,97.0,['English'],Released,Steel,4.3,48,1997,8,-14313571,0.1054018125
16000000,152599,en,13.832464,"['Kingsgate Films', 'Worldview Entertainment']",['United States of America'],2013-07-03,5867686,117.0,"['Latin', 'English', 'Polski']",Released,The Immigrant,6.2,250,2013,7,-10132314,0.366730375
20000000,68727,en,38.802415,"['Cloud Eight Films', 'Pathé', 'Decibel Films', 'Film4']","['United Kingdom', 'France']",2013-03-27,24261569,101.0,"['English', 'Français']",Released,Trance,6.5,956,2013,3,4261569,1.21307845
16000000,12657,en,9.400404,['Metro-Goldwyn-Mayer (MGM)'],['United States of America'],2004-05-28,14822346,86.0,"['Español', 'English']",Released,Soul Plane,4.7,108,2004,5,-1177654,0.926396625
11000000,8265,fr,18.923181,"['Centre National de la Cinématographie', 'TF1 Films Productions', 'Pathé Renn Productions', 'Hirsch', 'Canal+', 'CinéCinéma', 'Région Nord-Pas-de-Calais', 'Les Productions du Chicon', 'Centre Régional des Ressources Audiovisuelles (CRRAV)']",['France'],2008-01-09,53191886,106.0,['Français'],Released,Welcome to the Sticks,6.8,615,2008,1,42191886,4.835626
13000000,34647,en,20.39955,"['BIM Distribuzione', 'Wild Bunch']","['Canada', 'France', 'Germany', 'Italy']",2009-05-05,754249,161.0,"['English', '日本語']",Released,Enter the Void,7.2,387,2009,5,-12245751,0.058019153846153845
16000000,28178,en,43.217089,"['Grand Army Entertainment', 'Scion Films', 'Inferno Distribution', 'Stage 6 Films', 'Hachiko', 'Opperman Viner Chrystyn Entertainment']","['United Kingdom', 'United States of America']",2009-06-13,47801389,93.0,"['English', '日本語']",Released,Hachi: A Dog's Tale,7.7,1717,2009,6,31801389,2.9875868125
16000000,264656,en,20.59148,"['The Javelina Film Company', 'EuropaCorp', 'Ithaca Pictures']","['France', 'United States of America']",2014-05-18,3442853,122.0,['English'],Released,The Homesman,6.4,258,2014,5,-12557147,0.2151783125
15500000,18777,en,6.630856,"['Sidney Kimmel Entertainment', 'Greenestreet Films', 'Longfellow Pictures', 'Bonnie Timmermann Productions']",['United States of America'],2005-09-12,1237615,93.0,['English'],Released,Slow Burn,5.5,16,2005,9,-14262385,0.07984612903225806
15000000,90,en,29.843818,"['Paramount Pictures', 'Eddie Murphy Productions']",['United States of America'],1984-11-29,316360478,105.0,['English'],Released,Beverly Hills Cop,6.8,961,1984,11,301360478,21.090698533333335
18000000,771,en,2.186927,"['Twentieth Century Fox Film Corporation', 'Hughes Entertainment']",['United States of America'],1990-11-09,476684675,103.0,['English'],Released,Home Alone,7.1,2414,1990,11,458684675,26.482481944444444
21000000,9576,en,20.818567,"['Columbia Pictures Corporation', 'Mirage Enterprises', 'Punch Productions', 'Delphi Films', 'The Criterion Collection']",['United States of America'],1982-12-16,177200000,116.0,['English'],Released,Tootsie,6.9,421,1982,12,156200000,8.438095238095238
15000000,744,en,58.900647,['Paramount Pictures'],['United States of America'],1986-05-16,356830601,110.0,['English'],Released,Top Gun,6.7,1698,1986,5,341830601,23.788706733333335
17000000,146,zh,45.742254,"['Sony Pictures Classics', 'China Film Co-Production Corporation', 'Columbia Pictures Film Production Asia', 'Good Machine', 'EDKO Film', 'Asia Union Film & Entertainment Ltd.', 'United China Vision', 'Zoom Hunt International Productions Company Ltd.']","['China', 'Hong Kong', 'Taiwan', 'United States of America']",2000-10-01,213525736,120.0,['普通话'],Released,"Crouching Tiger, Hidden Dragon",7.2,927,2000,10,196525736,12.560337411764706
15000000,14,en,80.878605,"['DreamWorks SKG', 'Jinks/Cohen Company']",['United States of America'],1999-09-15,356296601,122.0,['English'],Released,American Beauty,7.9,3313,1999,9,341296601,23.753106733333333
15000000,45269,en,54.053576,"['The Weinstein Company', 'UK Film Council', 'Bedlam Productions', 'See-Saw Films', 'Aegis Film Fund', 'FilmNation Entertainment', 'Momentum Pictures', 'Molinare Investment']",['United Kingdom'],2010-09-06,414211549,118.0,['English'],Released,The King's Speech,7.6,2752,2010,9,399211549,27.614103266666667
15000000,9493,en,17.638286,['Universal Pictures'],['United States of America'],1988-12-09,216614388,107.0,['English'],Released,Twins,5.7,559,1988,12,201614388,14.4409592
15000000,22556,en,3.803495,['area japan'],['United States of America'],2008-12-17,317000,102.0,['English'],Released,The Yellow Handkerchief,6.4,52,2008,12,-14683000,0.021133333333333334
15000000,873,en,17.571533,"['Amblin Entertainment', 'The Guber-Peters Company', 'Warner Bros.']",['United States of America'],1985-12-18,146292009,154.0,['English'],Released,The Color Purple,7.7,338,1985,12,131292009,9.7528006
16000000,33196,ko,4.628525,"['Polygon Entertainment', 'CJ Entertainment', 'Doosabu Film']",['South Korea'],2009-06-06,11301649,120.0,"['English', '한국어/조선말']",Released,Tidal Wave,6.5,48,2009,6,-4698351,0.7063530625
14000000,205596,en,145.364591,"['Black Bear Pictures', 'Bristol Automotive']",['United Kingdom'],2014-11-14,233555708,113.0,['English'],Released,The Imitation Game,8.0,5723,2014,11,219555708,16.68255057142857
15000000,16769,en,3.826685,['Universal Pictures'],['United States of America'],1980-03-07,67182787,125.0,['English'],Released,Coal Miner's Daughter,7.2,67,1980,3,52182787,4.478852466666667
15000000,33217,en,21.095489,"['Dune Entertainment', 'Color Force', 'Dayday Films']","['United Kingdom', 'United States of America']",2010-03-19,75700498,92.0,['English'],Released,Diary of a Wimpy Kid,5.9,355,2010,3,60700498,5.046699866666667
15000000,132232,en,47.455148,"['Universal Pictures', 'Toma 78', 'De Milo']","['Spain', 'Canada']",2013-01-17,146497771,100.0,['English'],Released,Mama,6.0,1401,2013,1,131497771,9.766518066666666
15000000,11153,en,22.838834,['Warner Bros.'],['United States of America'],1983-07-28,61399552,98.0,['English'],Released,National Lampoon's Vacation,7.1,410,1983,7,46399552,4.093303466666667
15000000,208134,en,27.165222,"['Paramount Pictures', 'MTV Films', 'Dickhouse Productions']",['United States of America'],2013-10-22,151831537,92.0,['English'],Released,Bad Grandpa,6.0,680,2013,10,136831537,10.122102466666666
15000000,1165,en,19.113278,"['BIM Distribuzione', 'Granada Film Productions', 'Scott Rudin Productions', 'Pathé Renn Productions', 'Pathé Pictures International', 'Canal+', 'Future Films', 'France 3 Cinema']","['France', 'Italy', 'United Kingdom', 'United States of America']",2006-09-15,123384128,103.0,"['Deutsch', 'English', 'Français']",Released,The Queen,6.8,338,2006,9,108384128,8.225608533333334
15000000,4011,en,58.553213,"['Geffen Company, The', 'Warner Bros.']",['United States of America'],1988-02-29,73326666,92.0,['English'],Released,Beetlejuice,7.1,1444,1988,2,58326666,4.8884444
15000000,17202,en,2.005111,['Lions Gate Films'],['United States of America'],2007-10-12,55184721,113.0,['English'],Released,Why Did I Get Married?,6.1,33,2007,10,40184721,3.6789814
17000000,65086,en,43.675191,"['Hammer Film Productions', 'UK Film Council', 'Alliance Films', 'Film i Väst', 'Talisman Productions', 'Cross Creek Pictures', 'Exclusive Media Group', 'Filmgate Films']","['Canada', 'Sweden', 'United Kingdom']",2012-02-01,127730736,95.0,['English'],Released,The Woman in Black,6.1,1206,2012,2,110730736,7.513572705882353
15000000,10053,en,4.688212,"['Davis Entertainment', 'Screen Gems']",['United States of America'],2006-02-03,66966987,87.0,['English'],Released,When a Stranger Calls,5.4,268,2006,2,51966987,4.4644658
15000000,11870,en,9.125594,['Universal Pictures'],['United States of America'],2002-02-08,52970014,88.0,"['English', 'Français', 'Italiano']",Released,Big Fat Liar,5.6,197,2002,2,37970014,3.5313342666666667
15000000,11778,en,19.786392,"['Universal Pictures', 'EMI Films Ltd.']","['United Kingdom', 'United States of America']",1978-12-08,50000000,183.0,"['English', 'Français', 'Pусский', 'Tiếng Việt']",Released,The Deer Hunter,7.8,921,1978,12,35000000,3.3333333333333335
15000000,586,en,13.581966,"['New Line Cinema', 'Tribeca Productions', 'Baltimore Pictures']",['United States of America'],1997-12-25,64256513,97.0,"['shqip', 'English']",Released,Wag the Dog,6.7,270,1997,12,49256513,4.283767533333333
17000000,18736,en,11.927667,"['Walt Disney Pictures', 'Teen Life Productions']",['United States of America'],2003-04-25,55534455,94.0,"['Italiano', 'English']",Released,The Lizzie McGuire Movie,5.7,280,2003,4,38534455,3.2667326470588236
35000000,134411,en,30.556135,"['Front Street Productions', 'Participant Media', 'Imagenation Abu Dhabi FZ', 'Exclusive Media Group', 'Spitfire Pictures']","['United States of America', 'United Arab Emirates']",2013-02-21,42930462,112.0,"['English', 'Español']",Released,Snitch,5.8,1138,2013,2,7930462,1.2265846285714286
15000000,287903,en,31.565117,"['Universal Pictures', 'Legendary Pictures']",['United States of America'],2015-11-26,61548707,98.0,"['Deutsch', 'English']",Released,Krampus,5.9,584,2015,11,46548707,4.103247133333333
15000000,9276,en,21.535126,"['Dimension Films', 'Los Hooligans Productions']",['United States of America'],1998-12-25,40283321,104.0,['English'],Released,The Faculty,6.2,492,1998,12,25283321,2.6855547333333334
15000000,2142,en,19.284129,"['Miramax Films', 'Across the River Productions', 'Woods Entertainment']",['United States of America'],1997-08-15,44862187,104.0,['English'],Released,Cop Land,6.6,382,1997,8,29862187,2.9908124666666667
16000000,11397,en,23.423082,"['Original Film', 'Columbia Pictures Corporation', 'Neal H. Moritz Productions']",['United States of America'],2001-12-07,66468332,89.0,['English'],Released,Not Another Teen Movie,5.5,431,2001,12,50468332,4.15427075
7000000,77016,en,49.517264,"['Emmett/Furla Films', 'Exclusive Media Group', 'Hedge Fund Film Partners', 'Crave Films', 'Knightsbridge Entertainment', 'Le Grisbi Productions', '5150 Action']",['United States of America'],2012-09-20,48126384,109.0,"['English', 'Español']",Released,End of Watch,7.2,1170,2012,9,41126384,6.875197714285714
15000000,11478,en,11.375032,"['Universal Pictures', 'Original Film', 'Newmarket Capital Group', 'Cranium Films']","['Canada', 'United States of America']",2000-03-31,35007180,106.0,['English'],Released,The Skulls,5.8,156,2000,3,20007180,2.333812
15000000,266856,en,61.182331,['Working Title Films'],['United Kingdom'],2014-11-26,123726688,123.0,"['Latin', 'English', 'Français', 'Italiano']",Released,The Theory of Everything,7.8,3311,2014,11,108726688,8.248445866666666
15000000,10564,en,6.857923,"['Twentieth Century Fox Film Corporation', 'Wind Dancer Films']",['United States of America'],2000-04-27,33771174,120.0,['English'],Released,Where the Heart Is,6.9,155,2000,4,18771174,2.2514116
15000000,947,en,41.286336,['Horizon Pictures (II)'],['United Kingdom'],1962-12-10,69995385,216.0,"['العربية', 'English', 'Türkçe']",Released,Lawrence of Arabia,7.8,851,1962,12,54995385,4.666359
15000000,24150,en,12.929525,"['Dimension Films', 'Spectacle Entertainment Group', 'Trancas International Films']",['United States of America'],2009-08-28,39421467,105.0,['English'],Released,Halloween II,5.1,267,2009,8,24421467,2.6280978
15000000,228970,en,42.952942,"['Fox Searchlight Pictures', 'Pacific Standard', 'bob industries']",['United States of America'],2014-12-05,52501541,115.0,['English'],Released,Wild,7.0,951,2014,12,37501541,3.500102733333333
15000000,18405,en,19.760383,"['Rogue Pictures', 'Film Afrika', 'Sean S. Cunningham Films']",['United States of America'],2009-03-13,32721635,110.0,['English'],Released,The Last House on the Left,6.2,440,2009,3,17721635,2.1814423333333335
15000000,6961,en,10.194097,"['26 Films', 'Gold Circle Films', 'Visionview Production']",['United States of America'],2005-02-04,47175038,88.0,['English'],Released,The Wedding Date,6.2,230,2005,2,32175038,3.1450025333333333
13000000,11442,en,11.045593,['Dimension Films'],['United States of America'],2002-07-01,37664855,94.0,['English'],Released,Halloween: Resurrection,4.5,228,2002,7,24664855,2.8972965384615383
16000000,2493,en,44.533612,"['Act III Communications', 'The Princess Bride Ltd.', 'Buttercup Films Ltd.']",['United States of America'],1987-09-18,30857814,98.0,['English'],Released,The Princess Bride,7.6,1486,1987,9,14857814,1.928613375
15000000,14047,en,10.84158,"['The Weinstein Company', 'Harpo Films', 'Marshall Production']",['United States of America'],2007-12-27,30226144,126.0,['English'],Released,The Great Debaters,6.9,151,2007,12,15226144,2.0150762666666666
15000000,64690,en,49.294864,"['Bold Films', 'Marc Platt Productions', 'Odd Lot Entertainment', 'FilmDistrict', 'Motel Movies', 'Newbridge Film Capital']",['United States of America'],2011-08-06,78054825,100.0,['English'],Released,Drive,7.4,3725,2011,8,63054825,5.203655
15000000,11132,en,7.424798,['Walt Disney Pictures'],"['Germany', 'United States of America']",2004-02-17,29331068,89.0,['English'],Released,Confessions of a Teenage Drama Queen,5.1,221,2004,2,14331068,1.9554045333333334
15000000,17127,en,5.164281,['Twentieth Century Fox Film Corporation'],['United States of America'],1998-04-17,46905889,111.0,['English'],Released,The Object of My Affection,5.6,72,1998,4,31905889,3.1270592666666666
15000000,1562,en,34.759855,"['DNA Films', 'Figment Films', 'Sociedad General de Cine S.A.', 'UK Film Council', 'Fox Atomic', 'Koan Films']","['Spain', 'United Kingdom']",2007-04-26,64238440,100.0,['English'],Released,28 Weeks Later,6.5,1197,2007,4,49238440,4.282562666666666
15000000,232679,en,7.297757,"['Mandalay Pictures', 'Affirm Films']",['United States of America'],2014-08-22,30127963,115.0,['English'],Released,When the Game Stands Tall,6.3,130,2014,8,15127963,2.008530866666667
14000000,17880,en,3.334804,['Twentieth Century Fox Film Corporation'],['United States of America'],2005-02-18,32645546,106.0,['English'],Released,Because of Winn-Dixie,6.1,61,2005,2,18645546,2.3318247142857143
20000000,14736,en,2.027393,['40 Acres & A Mule Filmworks'],['United States of America'],2000-04-21,27728118,124.0,"['English', 'Español']",Released,Love & Basketball,7.4,88,2000,4,7728118,1.3864059
15000000,23706,en,13.237835,"['Dune Entertainment', 'Fox 2000 Pictures', 'Fortis Films', 'Dune Entertainment III', 'Radar Pictures']",['United States of America'],2009-09-04,40105542,99.0,"['Español', 'English']",Released,All About Steve,4.7,295,2009,9,25105542,2.6737028
15000000,9100,en,19.517239,['Columbia Pictures'],['United States of America'],1996-05-03,24769466,101.0,['English'],Released,The Craft,6.3,380,1996,5,9769466,1.6512977333333334
15000000,116,en,30.669913,['DreamWorks'],"['Ireland', 'Luxembourg', 'Russia', 'United Kingdom', 'United States of America']",2005-10-26,85306374,124.0,['English'],Released,Match Point,7.3,1105,2005,10,70306374,5.6870916
11500000,1245,en,15.355589,"['Columbia Pictures', 'Merchant Ivory Productions']","['United Kingdom', 'United States of America']",1993-11-05,23237911,134.0,['English'],Released,The Remains of the Day,7.5,202,1993,11,11737911,2.0206879130434783
15000000,4995,en,19.85579,"['New Line Cinema', 'Ghoulardi Film Company', 'Lawrence Gordon Productions']",['United States of America'],1997-09-11,43101594,155.0,['English'],Released,Boogie Nights,7.5,796,1997,9,28101594,2.8734396
15000000,14012,en,3.043589,"['Twentieth Century Fox Film Corporation', 'Fox 2000 Pictures', 'Zucker/Netter Productions']","['United Kingdom', 'United States of America']",2006-10-20,21000000,95.0,['English'],Released,Flicka,6.1,52,2006,10,6000000,1.4
14000000,12212,en,8.885017,"['Original Film', 'Phoenix Pictures', 'Canal+ Droits Audiovisuels']","['Canada', 'United States of America']",2000-09-19,38574362,97.0,['English'],Released,Urban Legends: Final Cut,4.4,100,2000,9,24574362,2.7553115714285714
20000000,8975,en,7.679336,"['Twentieth Century Fox Film Corporation', 'Pacific Film and Television Commission', 'WWE Studios']",['United States of America'],2006-10-13,22165608,92.0,"['العربية', 'English']",Released,The Marine,5.0,163,2006,10,2165608,1.1082804
15000000,342521,en,18.268009,['New Line Cinema'],['United States of America'],2016-04-21,20566327,94.0,['English'],Released,Keanu,6.0,421,2016,4,5566327,1.3710884666666667
15000000,45272,en,7.809701,"['Maguire Entertainment', 'Screen Gems', 'Sony Pictures Home Entertainment']",['United States of America'],2010-12-22,20529194,117.0,['English'],Released,Country Strong,5.9,80,2010,12,5529194,1.3686129333333332
15000000,9424,en,9.378688,"['Village Roadshow Pictures', 'Beacon Communications', 'Hoyts Film Partnership', 'Metro-Goldwyn-Mayer (MGM)', 'Behavioral Problem Productions Ltd.']","['Australia', 'United States of America']",1998-07-24,17507368,84.0,['English'],Released,Disturbing Behavior,5.5,104,1998,7,2507368,1.1671578666666667
15000000,97367,en,35.395129,"['Sidney Kimmel Entertainment', 'Electric City Entertainment', 'Verisimilitude']",['United States of America'],2013-03-20,35485608,140.0,"['English', 'Español']",Released,The Place Beyond the Pines,6.8,1653,2013,3,20485608,2.3657072
15000000,254904,en,45.317278,"['Irish Dreamtime', 'Relativity Media', 'SPD Films']","['United Kingdom', 'United States of America']",2014-08-27,32556119,108.0,['English'],Released,The November Man,6.0,639,2014,8,17556119,2.1704079333333333
15000000,12162,en,47.006162,"['Summit Entertainment', 'Kingsgate Films', 'Grosvenor Park Media Ltd.', 'Voltage Pictures', 'Film Capital Europe Funds (FCEF )', 'First Light Production']",['United States of America'],2008-10-10,42000000,131.0,"['English', 'العربية', 'Türkçe']",Released,The Hurt Locker,7.2,1840,2008,10,27000000,2.8
15000000,11495,en,11.379652,"['Universal Pictures', 'Dino De Laurentiis Company']",['United States of America'],1984-05-11,17080167,114.0,"['English', 'Italiano']",Released,Firestarter,5.9,173,1984,5,2080167,1.1386778
15000000,64689,en,24.612603,"['Plan B Entertainment', '1984 Private Defense Contractors', 'Annapurna Pictures', 'Inferno Entertainment', 'Chockstone Pictures']",['United States of America'],2012-09-20,37930465,97.0,['English'],Released,Killing Them Softly,5.8,742,2012,9,22930465,2.5286976666666665
15000000,157849,en,26.708193,"['Senator Film Produktion', 'Lionsgate', 'FilmNation Entertainment', 'Film4', 'Demarest Films', 'The Ink Factory', 'Potboiler Productions', 'Amusement Park Films']","['United Kingdom', 'United States of America', 'Germany']",2014-07-25,31554855,121.0,['English'],Released,A Most Wanted Man,6.5,541,2014,7,16554855,2.103657
15000000,37003,en,0.335195,"['National Geographic Entertainment', '3ality Digital Entertainment']",['United States of America'],2007-05-19,22730842,85.0,['English'],Released,U2 3D,6.7,10,2007,5,7730842,1.5153894666666667
25000000,12211,en,11.782725,"['Davis-Panzer Productions', 'Dimension Films']",['United States of America'],2000-09-01,15843608,87.0,"['English', 'Français', '']",Released,Highlander: Endgame,4.4,104,2000,9,-9156392,0.63374432
15000000,51828,en,16.629173,"['Film 4', 'Color Force']","['United Kingdom', 'United States of America']",2011-03-02,59389433,107.0,['English'],Released,One Day,7.0,978,2011,3,44389433,3.9592955333333335
15000000,22798,en,20.05902,"['Dune Entertainment', 'Mandate Pictures', 'Vincent Pictures', 'Barry Mendel Productions', 'Flower Films (II)', 'Rye Road Productions', 'Babe Ruthless Productions']",['United States of America'],2009-09-13,16633035,111.0,['English'],Released,Whip It,6.7,357,2009,9,1633035,1.108869
15000000,7501,en,8.113634,['Lawrence Bender Productions'],['United States of America'],2001-09-07,12000000,92.0,"['Český', 'English']",Released,Knockaround Guys,5.9,97,2001,9,-3000000,0.8
15000000,97430,en,17.672021,"['Arcade Pictures', 'Iron Fists']","['Hong Kong', 'United States of America']",2012-11-02,15608545,96.0,['English'],Released,The Man with the Iron Fists,5.2,358,2012,11,608545,1.0405696666666666
15000000,12257,en,3.033471,"['Warner Bros.', 'Baltimore Pictures', 'Kasdan Pictures']",['United States of America'],1998-11-25,10443316,93.0,['English'],Released,Home Fries,4.8,32,1998,11,-4556684,0.6962210666666667
15000000,14024,en,10.9071,"['New Line Cinema', 'FilmEngine', 'Brookwell-McNamara Entertainment', 'ChickFlick Productions']",['United States of America'],2004-08-10,14867514,103.0,"['English', 'Français']",Released,Raise Your Voice,6.0,211,2004,8,-132486,0.9911676
15000000,115,en,49.230089,"['Gramercy Pictures', 'PolyGram Filmed Entertainment', 'Working Title Films']","['United Kingdom', 'United States of America']",1998-03-06,46189568,117.0,"['English', 'עִבְרִית', 'Español', 'Deutsch']",Released,The Big Lebowski,7.8,2926,1998,3,31189568,3.0793045333333335
15000000,7874,en,11.429607,['Paramount Classics'],['United States of America'],2006-12-08,10903846,116.0,"['Český', 'English']",Released,Black Snake Moan,6.6,243,2006,12,-4096154,0.7269230666666666
15000000,4911,en,6.373316,"['United Artists', 'Intermedia Films', 'IM Filmproduktion', 'Cosmic Pictures', 'Metro-Goldwyn-Mayer (MGM)', 'Alphaville Films']","['Germany', 'United Kingdom', 'United States of America']",2002-12-14,9237470,118.0,['English'],Released,Dark Blue,6.5,85,2002,12,-5762530,0.6158313333333333
16000000,1988,en,9.717392,"['Plan B Entertainment', 'Revolution Films', 'Paramount Vantage']","['France', 'United Kingdom', 'Pakistan', 'United States of America']",2007-01-01,18928871,100.0,"['English', 'Français', 'اردو']",Released,A Mighty Heart,6.7,95,2007,1,2928871,1.1830544375
15000000,16222,en,8.074807,['Columbia Pictures Corporation'],['United States of America'],2000-03-31,9902115,94.0,['English'],Released,Whatever It Takes,5.0,37,2000,3,-5097885,0.660141
20000000,9557,en,7.034752,"['Motion Picture Corporation of America', 'Artisan Entertainment']","['Germany', 'United States of America']",2002-10-01,8586376,94.0,"['English', 'Español', 'svenska']",Released,Boat Trip,4.7,146,2002,10,-11413624,0.4293188
15000000,8321,en,25.329493,"['Blueprint Pictures', 'Scion Films', 'Film4', 'Focus Features', 'Twins Financing']","['United Kingdom', 'United States of America']",2008-02-08,34533783,107.0,['English'],Released,In Bruges,7.4,1388,2008,2,19533783,2.3022522
15000000,10186,en,13.832376,['Fox Atomic'],['United States of America'],2008-08-20,8762890,102.0,"['English', 'Français']",Released,The Rocker,5.6,156,2008,8,-6237110,0.5841926666666667
15000000,25704,en,7.446069,"['Dune Entertainment', 'Cold Spring Pictures', 'The Montecito Picture Company', 'Fox Atomic']",['United States of America'],2009-08-21,6405245,89.0,['English'],Released,Post Grad,5.0,100,2009,8,-8594755,0.42701633333333333
15000000,133694,en,13.568302,"['Participant Media', 'Imagenation Abu Dhabi FZ', 'Focus Features', 'Media Farm', 'Sunday Night', 'Pearl Street Films']","['United Arab Emirates', 'United States of America']",2012-09-23,8138788,106.0,['English'],Released,Promised Land,6.0,243,2012,9,-6861212,0.5425858666666666
15000000,19265,en,21.857387,"['Sony Pictures Classics', 'Wild Bunch', 'Gravier Productions', 'Perdido Productions']","['France', 'United States of America']",2009-06-19,35097815,92.0,['English'],Released,Whatever Works,6.8,350,2009,6,20097815,2.3398543333333333
15000000,36047,en,0.249245,['Morgan Creek Productions'],['United States of America'],2000-07-19,5217498,105.0,"['English', 'Français']",Released,The In Crowd,4.7,15,2000,7,-9782502,0.3478332
15000000,8053,en,12.163832,"['The Javelina Film Company', 'EuropaCorp']","['United States of America', 'France']",2005-11-17,12036149,121.0,"['English', 'Español']",Released,The Three Burials of Melquiades Estrada,7.0,177,2005,11,-2963851,0.8024099333333333
15000000,5236,en,32.690038,"['Silver Pictures', 'Warner Bros.']",['United States of America'],2005-09-05,15785148,103.0,['English'],Released,Kiss Kiss Bang Bang,7.2,886,2005,9,785148,1.0523432
25000000,6552,en,8.583217,"['Columbia Pictures Corporation', 'Team Todd', 'Licht/Mueller Film Corporation']",['United States of America'],1999-04-30,4152230,92.0,['English'],Released,Idle Hands,6.1,182,1999,4,-20847770,0.1660892
15000000,1018,en,31.60985,"['Asymmetrical Productions', 'Les Films Alain Sarde', 'Babbo Inc.', 'The Picture Factory', 'Canal+']","['France', 'United States of America']",2001-05-16,20117339,147.0,"['Español', 'English']",Released,Mulholland Drive,7.6,1477,2001,5,5117339,1.3411559333333334
15000000,42188,en,30.983397,"['Fox Searchlight Pictures', 'DNA Films', 'Film4']","['United Kingdom', 'United States of America']",2010-09-15,9455232,104.0,['English'],Released,Never Let Me Go,6.8,737,2010,9,-5544768,0.6303488
15000000,6687,en,11.428903,"['Lietuvos Kinostudija', 'Scout Productions', 'Telecinco Cinema', 'Castelao Producciones', 'Canal+ España', 'Future Films', 'Filmax International', 'Filmax Group', 'Universum Film (UFA)']","['Germany', 'Spain', 'United Kingdom', 'Lithuania']",2008-01-18,5926410,111.0,"['English', 'Français', '普通话', 'Pусский', 'Español']",Released,Transsiberian,6.5,195,2008,1,-9073590,0.395094
15000000,8461,en,15.175289,"['Celluloid Dreams', 'Tartan Films', 'Film4', 'Warner Independent Pictures (WIP)']","['Austria', 'France', 'Germany', 'Italy', 'United Kingdom', 'United States of America']",2007-10-20,7938872,112.0,['English'],Released,Funny Games,6.3,545,2007,10,-7061128,0.5292581333333334
92620000,19,de,32.351527,"['Paramount Pictures', 'Universum Film (UFA)']",['Germany'],1927-01-10,650422,153.0,['No Language'],Released,Metropolis,8.0,657,1927,1,-91969578,0.007022478946231915
12000000,10045,fr,17.493735,"['Canal Plus', 'TF1 Films Production', 'EuropaCorp']",['France'],2004-11-09,9584131,84.0,['Français'],Released,District B13,6.5,565,2004,11,-2415869,0.7986775833333334
8000000,400,en,6.932221,['Miramax Films'],['United States of America'],1995-12-01,529766,116.0,['English'],Released,Things to Do in Denver When You're Dead,6.7,85,1995,12,-7470234,0.06622075
15000000,253450,zh,8.142166,"['Media Asia Films', 'Sil-Metropole Organisation', 'Central Motion Pictures', 'Zhejiang Huace Film & TV', 'China Dream Film Culture Industry', 'SpotFilms']","['China', 'France', 'Hong Kong', 'Taiwan']",2015-08-27,632542,105.0,['普通话'],Released,The Assassin,6.6,157,2015,8,-14367458,0.04216946666666667
8500000,16353,th,9.029489,['Iyara Films'],['Thailand'],2008-12-04,8936663,98.0,"['Český', '普通话', 'Pусский', 'ภาษาไทย']",Released,Ong Bak 2,6.0,152,2008,12,436663,1.0513721176470587
12000000,23759,en,22.708647,"['Pathé Pictures International', 'UK Film Council', 'Celador Films', 'Canal+', 'Warner Bros.', 'CinéCinéma']","['France', 'United Kingdom']",2010-02-15,6814789,97.0,"['English', '']",Released,Centurion,5.9,386,2010,2,-5185211,0.5678990833333334
15000000,24206,en,2.609057,"['Newmarket Capital Group', 'Cine Grande Corporation', 'Filmline International', 'Conquistador Entertainment', 'Algonquin Productions Limited']","['Canada', 'United Kingdom']",1996-06-26,76382,93.0,['English'],Released,Silent Trigger,5.0,22,1996,6,-14923618,0.005092133333333334
15000000,10185,en,19.913961,"['Lions Gate Films', 'Lakeshore Entertainment', 'GreeneStreet Films', 'Midnight Picture Show']",['United States of America'],2008-08-07,3533227,98.0,"['English', 'Français']",Released,The Midnight Meat Train,6.0,290,2008,8,-11466773,0.23554846666666668
15000000,31668,en,1.833058,[],"['Austria', 'Hungary']",2001-10-14,23000,99.0,"['English', 'Deutsch']",Released,All The Queen's Men,6.1,7,2001,10,-14977000,0.0015333333333333334
15000000,13501,en,12.185204,"['Destination Films', 'Tempesta Films', 'Good Night Productions']","['Germany', 'United Kingdom', 'United States of America']",2007-01-25,20380,93.0,"['English', 'Italiano']",Released,The Good Night,5.7,41,2007,1,-14979620,0.0013586666666666667
20000000,172391,en,6.459787,['Triggerfish Animation'],['South Africa'],2013-07-18,27187375,85.0,['English'],Released,Khumba,5.8,72,2013,7,7187375,1.35936875
14600000,137,en,52.744331,['Columbia Pictures'],['United States of America'],1993-02-11,70906973,101.0,"['English', 'Français', 'Italiano']",Released,Groundhog Day,7.4,2301,1993,2,56306973,4.85664198630137
14800000,264999,en,29.660993,"['Warner Bros.', 'Iron Horse Entertainment (II)']",['United States of America'],2015-07-01,122513057,115.0,['English'],Released,Magic Mike XXL,6.3,706,2015,7,107713057,8.277909256756757
14500000,454,en,41.493042,"['Bazmark Films', 'Twentieth Century Fox Film Corporation']",['United States of America'],1996-10-31,147298761,120.0,['English'],Released,Romeo + Juliet,6.7,1374,1996,10,132798761,10.15853524137931
10000000,53457,fr,10.072199,"['France 2 Cinéma', 'Studio 37', 'Canal+', 'TPS Star', 'France Télévision', 'TF1 Droits Audiovisuels', 'Région Ile-de-France', 'Hugo Productions', 'A Plus Image']",['France'],2010-09-16,17511906,111.0,"['English', 'Français', 'Deutsch', 'Italiano', '']",Released,Sarah's Key,7.2,196,2010,9,7511906,1.7511906
14000000,33,en,37.380435,"['Malpaso Productions', 'Warner Bros.']",['United States of America'],1992-08-07,159157447,131.0,['English'],Released,Unforgiven,7.7,1113,1992,8,145157447,11.368389071428572
14200000,1951,da,7.05145,"['Zentropa Entertainments', 'Danmarks Radio (DR)', 'Arte', 'Memfis Film', 'Isabella Films BV', 'Degeto Film', 'Ognon Pictures', 'Sveriges Television (SVT)', 'Canal+', 'Yleisradio (YLE)', 'Arte France Cinéma', 'Westdeutscher Rundfunk (WDR)', 'Alan Young Pictures', 'Nederlandse Programma Stichting (NPS)', 'Canal+ Television AB', 'Film i Väst', 'Invicta Capital', 'Edith Film Oy', 'Pain Unlimited GmbH Filmproduktion', 'Sigma Films', 'Manderlay']","['Denmark', 'France', 'Germany', 'Italy', 'Netherlands', 'Sweden', 'United Kingdom']",2005-05-16,674918,139.0,['English'],Released,Manderlay,6.9,78,2005,5,-13525082,0.04752943661971831
15000000,12405,en,59.258969,"['Fox Searchlight Pictures', 'Celador Films', 'Warner Bros.', 'Film4']","['India', 'United Kingdom', 'United States of America']",2008-05-12,377910544,120.0,"['Français', 'हिन्दी', 'English']",Released,Slumdog Millionaire,7.6,2827,2008,5,362910544,25.194036266666668
14000000,10998,en,16.742972,['Paramount Pictures'],['United States of America'],1987-09-11,320145693,119.0,['English'],Released,Fatal Attraction,6.6,291,1987,9,306145693,22.8675495
14000000,114,en,45.473484,"['Touchstone Pictures', 'Silver Screen Partners IV']",['United States of America'],1990-03-23,463000000,119.0,"['English', 'Italiano', '日本語']",Released,Pretty Woman,7.0,1746,1990,3,449000000,33.07142857142857
14000000,2604,en,25.949277,"['Universal Pictures', 'Ixtlan']",['United States of America'],1989-12-20,161001698,145.0,"['English', 'Español']",Released,Born on the Fourth of July,6.7,395,1989,12,147001698,11.500121285714286
14000000,864,en,22.409117,['Walt Disney'],['United States of America'],1993-09-30,154864401,98.0,"['English', 'Français', 'Deutsch', 'Pусский']",Released,Cool Runnings,6.8,491,1993,9,140864401,11.061742928571428
15000000,14435,en,13.706357,['Lionsgate'],['United States of America'],2009-01-16,100734718,101.0,['English'],Released,My Bloody Valentine,5.3,299,2009,1,85734718,6.715647866666667
13000000,1931,en,6.92205,['Rainforest Films'],['United States of America'],2007-05-16,75511123,114.0,['English'],Released,Stomp the Yard,6.1,88,2007,5,62511123,5.808547923076923
14000000,691,en,27.17347,"['United Artists', 'Eon Productions', 'Danjaq']","['United Kingdom', 'United States of America']",1977-07-07,185438673,125.0,"['English', 'Italiano', 'العربية']",Released,The Spy Who Loved Me,6.6,507,1977,7,171438673,13.2456195
14000000,9877,en,12.159009,"['Original Film', 'TriStar Pictures', 'Phoenix Pictures', 'Canal+ Droits Audiovisuels']","['Canada', 'France', 'United States of America']",1998-09-25,72527595,99.0,"['English', 'Italiano']",Released,Urban Legend,5.6,290,1998,9,58527595,5.1805425
14000000,12227,en,13.13724,"['Walt Disney Pictures', 'Silver Screen Partners IV', 'Hybrid Productions Inc.']",['United States of America'],1991-01-18,34793160,107.0,['English'],Released,White Fang,6.5,135,1991,1,20793160,2.4852257142857144
13000000,71688,en,23.3784,"['UK Film Council', 'Canal+', 'DJ Films', 'CinéCinéma', 'Pathé', 'Film4', 'Goldcrest Pictures', 'Yuk Films']","['France', 'United Kingdom']",2011-12-30,114956699,105.0,['English'],Released,The Iron Lady,6.2,527,2011,12,101956699,8.842823
14000000,8291,en,3.650857,['Columbia Pictures'],['United States of America'],1993-07-23,27515786,109.0,"['English', 'Français']",Released,Poetic Justice,6.9,47,1993,7,13515786,1.9654132857142856
14000000,13950,en,5.102258,['New Line Cinema'],['United States of America'],2002-03-08,25482931,95.0,"['English', 'Français']",Released,All About the Benjamins,5.8,48,2002,3,11482931,1.8202093571428573
14000000,12158,en,6.772615,['Paramount Pictures'],['United States of America'],1995-10-27,19800000,100.0,['English'],Released,Vampire in Brooklyn,4.5,111,1995,10,5800000,1.4142857142857144
14000000,11586,en,11.543363,['Warner Bros.'],['United States of America'],1977-06-17,30749142,118.0,"['English', 'Français', 'Español']",Released,Exorcist II: The Heretic,4.5,133,1977,6,16749142,2.1963672857142855
14000000,12403,en,20.792603,"['Davis Entertainment', 'Relativity Media', 'Rogue', 'QED International', 'Tooley Productions']",['United States of America'],2009-06-08,22852638,98.0,['English'],Released,A Perfect Getaway,6.2,351,2009,6,8852638,1.6323312857142858
14000000,34563,en,6.733485,"['Fox Searchlight Pictures', 'Dune Entertainment', 'Sneak Preview Entertainment', 'Pointe Studios']",['United States of America'],2010-03-12,21409028,103.0,['English'],Released,Our Family Wedding,5.7,39,2010,3,7409028,1.5292162857142857
12000000,10368,en,2.238646,"['Medusa Produzione', 'Cattleya', 'Cineritmo', 'Film and General Productions']","['United Kingdom', 'Italy']",1999-03-25,21001563,117.0,"['English', 'Italiano', 'Pусский']",Released,Tea with Mussolini,5.8,32,1999,3,9001563,1.75013025
11000000,14434,en,4.536745,['Fox Searchlight Pictures'],"['India', 'United States of America']",2007-03-16,13196245,90.0,['English'],Released,I Think I Love My Wife,5.0,55,2007,3,2196245,1.1996586363636363
11000000,11470,en,11.220643,"['New Line Cinema', 'Sean S. Cunningham Films', 'Crystal Lake Entertainment']",['United States of America'],2001-07-24,16951798,91.0,['English'],Released,Jason X,4.5,291,2001,7,5951798,1.5410725454545455
14000000,24940,en,4.66723,['Universal Studios'],['United States of America'],2001-02-02,10424470,86.0,['English'],Released,Head Over Heels,5.3,73,2001,2,-3575530,0.744605
14000000,82679,en,7.487843,"['Paramount Pictures', 'Nickelodeon Movies', 'Anonymous Content', 'Fake Empire']",['United States of America'],2012-10-25,11417362,87.0,['English'],Released,Fun Size,5.5,134,2012,10,-2582638,0.8155258571428572
14000000,2013,fr,13.65494,"['France 3 Cinéma', 'The Kennedy/Marshall Company', 'Pathé Renn Productions', 'Banques Populaire Image 7', 'Canal+', 'CinéCinéma', 'C.R.R.A.V. Nord Pas de Calais', 'Région Nord-Pas-de-Calais']","['France', 'United States of America']",2007-05-22,19777647,112.0,['Français'],Released,The Diving Bell and the Butterfly,7.4,283,2007,5,5777647,1.4126890714285714
26000000,1440,en,11.942862,"['New Line Cinema', 'Standard Film Company', 'Bona Fide Productions']",['United States of America'],2006-10-06,14821658,136.0,['English'],Released,Little Children,6.9,240,2006,10,-11178342,0.5700637692307692
14000000,18041,en,5.833687,"['Village Roadshow Pictures', 'NPV Entertainment', 'Warner Bros.', 'Outlaw Productions (I)']",['United States of America'],2000-04-21,5108820,90.0,"['English', 'Italiano']",Released,Gossip,5.5,68,2000,4,-8891180,0.3649157142857143
14000000,87729,en,0.900442,"['Merchant Ivory Productions', 'Touchstone Pictures']",['United States of America'],1995-03-31,2474000,139.0,['English'],Released,Jefferson in Paris,5.2,10,1995,3,-11526000,0.1767142857142857
14000000,44754,en,4.898424,"['Fox Searchlight Pictures', 'Scott Rudin Productions', 'Mirage Enterprises', 'Gilbert Films']",['United States of America'],2011-09-30,46495,149.0,['English'],Released,Margaret,6.1,86,2011,9,-13953505,0.0033210714285714284
14000000,43949,en,24.210698,['Reiner / Greisman Productions'],['United States of America'],2010-08-06,1755212,89.0,['English'],Released,Flipped,7.4,418,2010,8,-12244788,0.12537228571428571
14000000,142,en,44.135568,"['River Road Entertainment', 'Alberta Film Entertainment', 'Focus Features', 'Good Machine']","['Canada', 'United States of America']",2005-09-02,178043761,134.0,['English'],Released,Brokeback Mountain,7.5,1480,2005,9,164043761,12.7174115
13500000,10712,en,9.982885,['Clear Blue Sky Productions'],['United States of America'],2002-09-01,29027914,107.0,['English'],Released,Far from Heaven,6.9,144,2002,9,15527914,2.150215851851852
14000000,243938,en,16.618874,"['Paramount Pictures', 'United Artists', 'Metro-Goldwyn-Mayer (MGM)']",['United States of America'],2015-02-20,12314651,93.0,['English'],Released,Hot Tub Time Machine 2,5.0,354,2015,2,-1685349,0.8796179285714286
13500000,10876,en,7.261196,"['Fox Searchlight Pictures', 'Industry Entertainment', 'Walrus & Associates', 'Hollywood Partners', 'Charenton Productions']","['Germany', 'United Kingdom', 'United States of America']",2000-11-22,7060876,124.0,['English'],Released,Quills,6.8,128,2000,11,-6439124,0.5230278518518519
15000000,86838,en,32.306455,"['Blueprint Pictures', 'CBS Films', 'British Film Institute (BFI)', 'Film4']",['United Kingdom'],2012-09-07,19422261,110.0,"['English', 'Tiếng Việt']",Released,Seven Psychopaths,6.7,1206,2012,9,4422261,1.2948174
18339750,613,de,32.445895,"['Degeto Film', 'EOS Entertainment', 'Rai Cinema', 'Österreichischer Rundfunk (ORF)', 'Constantin Film Produktion', 'Westdeutscher Rundfunk (WDR)', 'Norddeutscher Rundfunk (NDR)']","['Austria', 'Germany', 'Italy']",2004-09-08,92180910,156.0,"['Magyar', 'Deutsch', 'Pусский']",Released,Downfall,7.7,1037,2004,9,73841160,5.026290434711488
12806000,1913,es,17.363739,"['Canal Plus', 'Sogecine', 'Himenóptero', 'Eurimages', 'Televisión Española (TVE)', 'Union Générale Cinématographique (UGC)', 'Televisión de Galicia (TVG) S.A.', 'Ministerio de Cultura', 'Sogepaq', 'Eyescreen S.r.l.', 'Filmanova']","['Spain', 'France', 'Italy']",2004-09-03,38535221,125.0,"['Galego', 'Español']",Released,The Sea Inside,7.2,219,2004,9,25729221,3.0091535998750585
13300000,97370,en,29.782161,"['Scottish Screen', 'UK Film Council', 'FilmNation Entertainment', 'Nick Wechsler Productions', 'Creative Scotland', 'British Film Institute', 'Film4', 'Silver Reel', 'JW Films', 'A24']","['United Kingdom', 'Switzerland', 'United States of America']",2014-03-14,5380251,108.0,['English'],Released,Under the Skin,6.0,1102,2014,3,-7919749,0.40453015037593987
13000000,801,en,18.362333,"['Silver Screen Partners III', 'Touchstone Pictures']",['United States of America'],1987-12-23,123922370,121.0,['English'],Released,"Good Morning, Vietnam",7.1,642,1987,12,110922370,9.53249
13400000,70829,en,0.680753,[],[],2010-12-29,16700000,100.0,['한국어/조선말'],Released,The Last Godfather,4.7,7,2010,12,3300000,1.2462686567164178
13000000,54518,en,6.735922,"['Insurge Pictures', 'Magical Elves Productions', 'Scooter Braun Films']",['United States of America'],2011-02-11,98441954,105.0,['English'],Released,Justin Bieber: Never Say Never,4.8,154,2011,2,85441954,7.572458
13000000,44214,en,91.285683,"['Fox Searchlight Pictures', 'Dune Entertainment', 'Protozoa Pictures', 'Cross Creek Pictures']",['United States of America'],2010-12-02,327803731,108.0,"['English', 'Français', 'Italiano']",Released,Black Swan,7.3,4430,2010,12,314803731,25.215671615384615
13000000,240,en,105.792936,"['Paramount Pictures', 'The Coppola Company']",['United States of America'],1974-12-20,47542841,200.0,"['English', 'Italiano', 'Latin', 'Español']",Released,The Godfather: Part II,8.3,3338,1974,12,34542841,3.6571416153846155
13000000,9816,en,9.969624,"['MTV Films', 'Cort/Madden Productions']",['United States of America'],2001-01-12,91038276,112.0,['English'],Released,Save the Last Dance,6.3,352,2001,1,78038276,7.0029443076923075
7000000,10131,en,17.113408,['New Line Cinema'],['United States of America'],1988-08-19,72500000,99.0,['English'],Released,A Nightmare on Elm Street 4: The Dream Master,5.8,281,1988,8,65500000,10.357142857142858
16000000,339984,en,10.248439,"['TriStar Pictures', 'Sony Pictures Entertainment']",['United States of America'],2016-03-17,77000000,117.0,['English'],Released,Miracles from Heaven,6.7,186,2016,3,61000000,4.8125
13000000,8859,en,25.316146,"['Twentieth Century Fox Film Corporation', 'Alcon Entertainment']",['United States of America'],2000-12-15,73180723,83.0,"['English', 'Français', '日本語']",Released,"Dude, Where’s My Car?",5.2,509,2000,12,60180723,5.629286384615384
13000000,11967,en,9.499325,"['Twentieth Century Fox Film Corporation', 'Morgan Creek Productions']",['United States of America'],1988-08-12,44726644,107.0,['English'],Released,Young Guns,6.6,258,1988,8,31726644,3.440511076923077
13000000,239563,en,43.791745,"['The Weinstein Company', 'Crescendo Productions', 'Chernin Entertainment', 'Goldenlight Films']",['United States of America'],2014-10-09,54837234,102.0,['English'],Released,St. Vincent,7.1,763,2014,10,41837234,4.218248769230769
12500000,222899,en,11.828068,"['Screen Gems, Inc.', 'Rainforest Films', 'Olive Bridge Entertainment']",['United States of America'],2014-02-14,49002684,100.0,['English'],Released,About Last Night,6.0,210,2014,2,36502684,3.92021472
16000000,4951,en,54.550275,"['Mad Chance', 'Jaret Entertainment', 'Touchstone Pictures']",['United States of America'],1999-03-30,53478166,97.0,"['English', 'Français']",Released,10 Things I Hate About You,7.3,1701,1999,3,37478166,3.342385375
17000000,332567,en,60.829621,"['Columbia Pictures', 'Ombra Films', 'Weimaraner Republic Pictures']",['United States of America'],2016-06-24,119100758,86.0,['English'],Released,The Shallows,6.2,1567,2016,6,102100758,7.005926941176471
13000000,1954,en,73.307513,"['New Line Cinema', 'FilmEngine', 'Katalyst Films', 'BenderSpink', 'Province of British Columbia Production Services Tax Credit']","['Canada', 'United States of America']",2004-01-22,96060858,113.0,['English'],Released,The Butterfly Effect,7.3,2060,2004,1,83060858,7.38929676923077
12000000,22345,en,4.580081,"['TriStar Pictures', 'Crystal Sky Worldwide', 'Triumph']",['United States of America'],1999-03-12,36450736,97.0,"['English', 'Español']",Released,Baby Geniuses,3.3,75,1999,3,24450736,3.037561333333333
13000000,9448,en,6.425528,['TriStar Pictures'],['United States of America'],1998-04-24,27007143,91.0,['English'],Released,The Big Hit,6.1,109,1998,4,14007143,2.0774725384615387
13000000,11186,en,16.681567,['Universal Pictures'],['United States of America'],1990-11-09,35763605,84.0,"['English', 'Türkçe']",Released,Child's Play 2,5.8,308,1990,11,22763605,2.7510465384615386
13200000,136835,en,24.656068,['Will Packer Productions'],['United States of America'],2014-09-10,53830415,83.0,['English'],Released,No Good Deed,5.6,181,2014,9,40630415,4.078061742424242
18000000,5876,en,37.104353,"['Darkwoods Productions', 'Dimension Films']",['United States of America'],2007-11-21,57096190,126.0,['English'],Released,The Mist,6.7,1399,2007,11,39096190,3.1720105555555556
15000000,264660,en,95.130041,"['DNA Films', 'Universal Pictures International (UPI)', 'Film4', 'A24']",['United Kingdom'],2015-01-21,36869414,108.0,['English'],Released,Ex Machina,7.6,4737,2015,1,21869414,2.457960933333333
13000000,492,en,27.546914,"['Gramercy Pictures', 'Propaganda Films', 'Single Cell Pictures']",['United States of America'],1999-09-30,22863596,112.0,"['English', 'Français']",Released,Being John Malkovich,7.3,1101,1999,9,9863596,1.758738153846154
13000000,238603,en,17.371327,"['Walt Disney Studios Motion Pictures', 'Panay Films']",['United States of America'],2014-06-14,45300000,89.0,['English'],Released,Earth to Echo,5.7,290,2014,6,32300000,3.4846153846153847
13000000,10691,en,6.130096,"['Touchstone Pictures', 'Ufland']",['United States of America'],2001-06-29,16929123,99.0,"['Español', 'English']",Released,Crazy/Beautiful,6.6,96,2001,6,3929123,1.3022402307692307
19000000,1251,en,24.47248,"['DreamWorks SKG', 'Amblin Entertainment', 'Malpaso Productions', 'Warner Bros.']","['Japan', 'United States of America']",2006-12-19,68673228,141.0,"['English', '日本語']",Released,Letters from Iwo Jima,7.2,541,2006,12,49673228,3.6143804210526316
13000000,5172,en,6.764437,['Polish Brothers Construction'],['United States of America'],2006-10-15,11130889,104.0,['English'],Released,The Astronaut Farmer,6.2,123,2006,10,-1869111,0.8562222307692308
13000000,58680,en,1.750054,"['New Line Cinema', 'New Deal Productions', 'Gotham Entertainment Group']",['United States of America'],1998-05-08,8026971,84.0,['English'],Released,Woo,5.5,10,1998,5,-4973029,0.6174593076923077
6000000,264644,en,66.11334,"['Téléfilm Canada', 'Film 4', 'Element Pictures', 'Irish Film Board', 'FilmNation Entertainment', 'No Trace Camping', 'A24', 'Elevation Pictures']","['Canada', 'Ireland']",2015-10-16,35401758,117.0,['English'],Released,Room,8.1,2757,2015,10,29401758,5.900293
13000000,11592,en,6.170139,"['Savoy Pictures', 'Polar Entertainment']",['United States of America'],1994-04-13,7820688,95.0,['English'],Released,Serial Mom,6.4,135,1994,4,-5179312,0.6015913846153846
13000000,16406,en,4.742537,['Columbia Pictures'],"['Canada', 'France', 'United States of America']",1999-08-04,27500000,94.0,"['English', 'Français']",Released,Dick,5.7,67,1999,8,14500000,2.1153846153846154
13000000,3682,en,11.880899,"['Redeemable Features', 'FilmColony', 'Miramax', 'Dollface']",['United States of America'],1998-08-28,16757163,106.0,['English'],Released,54,5.5,135,1998,8,3757163,1.2890125384615385
13000000,107811,en,35.522027,"['Relativity Media', 'Virgin Produced', 'Mandeville Films', 'SkyLand Entertainment']",['United States of America'],2013-03-01,48065672,93.0,['English'],Released,21 & Over,5.7,737,2013,3,35065672,3.6973593846153845
13000000,2266,fr,10.573191,"['Filmazure', 'Pirol Stiftung', 'Victoires International']",['France'],2006-05-16,4857367,120.0,"['Español', 'Français', 'English', '普通话', 'العربية']",Released,"Paris, je t'aime",6.8,207,2006,5,-8142633,0.3736436153846154
13000000,144340,en,17.632446,['Focus Features'],['United States of America'],2013-03-21,18000000,107.0,['English'],Released,Admission,5.4,304,2013,3,5000000,1.3846153846153846
15000000,28211,en,26.373864,"['StudioCanal', 'Montecito Picture Company, The', 'Outpost Studios']","['France', 'United States of America', 'Canada']",2009-03-25,8459458,96.0,['English'],Released,Chloe,5.9,498,2009,3,-6540542,0.5639638666666666
13000000,47502,en,1.647335,"['New Line Cinema', 'Miramax Films']",['United States of America'],1996-04-03,9789900,91.0,['English'],Released,Faithful,4.8,4,1996,4,-3210100,0.7530692307692308
13000000,9950,en,12.321302,['Yari Film Group'],"['Germany', 'United States of America']",2006-03-16,2636637,125.0,"['English', 'Polski']",Released,Find Me Guilty,6.5,138,2006,3,-10363363,0.20281823076923078
13000000,84892,en,43.444135,"['Summit Entertainment', 'Mr. Mudd Production']",['United States of America'],2012-09-20,33400000,102.0,['English'],Released,The Perks of Being a Wallflower,7.7,2968,2012,9,20400000,2.5692307692307694
3000000,24227,en,1.279106,"['New Line Cinema', 'Ian Page Productions', '3 Arts Entertainment']",['United States of America'],1993-05-14,1200000,87.0,['English'],Released,Excessive Force,4.5,10,1993,5,-1800000,0.4
13000000,9672,en,3.680896,"['Killer Films', 'Longfellow Pictures', 'Warner Independent Pictures (WIP)', 'Jack and Henry Productions Inc.']",['United States of America'],2006-11-16,1151330,110.0,"['English', 'Deutsch']",Released,Infamous,6.4,60,2006,11,-11848670,0.08856384615384616
13000000,157544,en,10.475368,"['Lakeshore Entertainment', 'Lionsgate', 'H2F Entertainment', 'Pantelion Films']",['United States of America'],2015-07-24,1784763,91.0,"['English', 'Deutsch']",Released,The Vatican Tapes,4.6,243,2015,7,-11215237,0.13728946153846153
14350531,59678,en,30.952377,"['UK Film Council', 'Studio Canal', 'Film4']",['United Kingdom'],2011-05-12,3964682,88.0,['English'],Released,Attack the Block,6.3,733,2011,5,-10385849,0.2762742368209232
10000000,79777,en,4.267466,['FilmDistrict'],['United States of America'],2011-12-23,303877,127.0,"['Bosanski', 'Hrvatski', 'English', 'Srpski']",Released,In the Land of Blood and Honey,5.8,45,2011,12,-9696123,0.0303877
13000000,158011,en,34.532418,"['TriStar Pictures', 'WWE Studios', 'Troika Pictures', 'Emergency Films', 'Apotheosis Media Group', 'Amasia Entertainment']",['United States of America'],2013-03-14,68572378,94.0,['English'],Released,The Call,6.6,1257,2013,3,55572378,5.274798307692308
13000000,8952,en,19.664699,['EuropaCorp'],['United States of America'],2009-01-18,10652035,98.0,['English'],Released,I Love You Phillip Morris,6.4,503,2009,1,-2347965,0.8193873076923077
12000000,62204,xx,6.537986,"['Belstar Productions', 'Stéphan Films']","['Canada', 'France', 'United States of America']",1981-12-15,55260558,100.0,['No Language'],Released,Quest for Fire,7.1,109,1981,12,43260558,4.6050465
12500000,13435,en,13.349012,"['Fox Searchlight Pictures', 'Mundy Lane Entertainment']",['United States of America'],2002-12-19,23367586,120.0,"['English', '日本語', 'Pусский', 'Español']",Released,Antwone Fisher,6.7,137,2002,12,10867586,1.86940688
12500000,319,en,35.268557,"['Davis-Films', 'August Entertainment', 'Warner Bros.', 'Morgan Creek Productions']",['United States of America'],1993-09-09,12281551,120.0,"['English', 'Italiano']",Released,True Romance,7.5,749,1993,9,-218449,0.98252408
12500000,9504,en,13.939054,"['New Line Cinema', 'GGR', 'Zupnik Cinema Group II']",['United States of America'],1992-09-15,10725228,100.0,['English'],Released,Glengarry Glen Ross,7.5,323,1992,9,-1774772,0.85801824
12500000,26688,en,8.780512,"['Summit Entertainment', 'Karz Entertainment']",['United States of America'],2009-09-09,27206120,101.0,['English'],Released,Sorority Row,5.4,177,2009,9,14706120,2.1764896
12000000,6615,en,15.817096,"['Sidney Kimmel Entertainment', 'Metro-Goldwyn-Mayer (MGM)', 'Lars Productions']",['United States of America'],2007-10-12,11293663,106.0,"['English', 'Español']",Released,Lars and the Real Girl,7.1,509,2007,10,-706337,0.9411385833333333
12500000,14574,en,34.821223,"['Miramax Films', 'BBC Films', 'Heyday Films']","['United Kingdom', 'United States of America']",2008-05-07,20416563,94.0,['English'],Released,The Boy in the Striped Pyjamas,7.7,1451,2008,5,7916563,1.63332504
12800000,16,en,22.022228,"['Fine Line Features', 'Zentropa Entertainments', 'Danmarks Radio (DR)', 'SVT Drama', 'Arte', 'Memfis Film', 'France 3 Cinéma', 'Angel films', 'TV 1000', 'Canal+', 'Constantin Film Produktion', 'Yleisradio (YLE)', 'Arte France Cinéma', 'Westdeutscher Rundfunk (WDR)', 'Blind Spot Pictures Oy', 'Vrijzinnig Protestantse Radio Omroep (VPRO)', 'Film4', 'Liberator Productions', 'Icelandic Film', 'Film i Väst', 'Pain Unlimited GmbH Filmproduktion', 'Trust Film Svenska', 'Cinematograph A/S', 'What Else? B.V', 'Filmek A/S', 'Lantia Cinema & Audiovisivi']","['Argentina', 'Denmark', 'Finland', 'France', 'Germany', 'Iceland', 'Italy', 'Netherlands', 'Norway', 'Sweden', 'United Kingdom', 'United States of America']",2000-05-17,40031879,140.0,['English'],Released,Dancer in the Dark,7.6,377,2000,5,27231879,3.127490546875
12500000,21612,en,2.950618,['C&P Productions'],['United States of America'],1996-01-26,1227324,99.0,"['Italiano', 'English']",Released,The Funeral,7.3,31,1996,1,-11272676,0.09818592
15000000,36691,en,7.497306,"['Smartest Man Productions', 'Millennium Films', 'Paul Schiff Productions']",['United States of America'],2009-09-07,5024782,90.0,['English'],Released,Solitary Man,5.8,84,2009,9,-9975218,0.3349854666666667
20000000,23631,en,26.396191,"['Dune Entertainment', 'Dune Entertainment III', 'Troublemaker Studios', 'Overnight Films']",['United States of America'],2010-09-01,31327899,105.0,"['English', 'Español']",Released,Machete,6.3,1150,2010,9,11327899,1.56639495
12500000,45324,en,6.546037,"['An Olive Branch Productions', 'Rollercoaster Entertainment', 'Vortex Words Pictures', 'Hannibal Pictures', 'Trigger Street Productions', 'Bagman (2009)', 'MCG']",['Canada'],2010-09-16,1083683,108.0,"['English', 'Français']",Released,Casino Jack,6.0,94,2010,9,-11416317,0.08669464
12300000,12144,en,28.670193,"['Lucasfilm', 'Universal Pictures', 'Amblin Entertainment', 'Sullivan Bluth Studios', 'U-Drive Productions', 'Universal City Studios']","['Ireland', 'United States of America']",1988-11-18,84460846,69.0,['English'],Released,The Land Before Time,7.0,640,1988,11,72160846,6.866735447154472
12500000,56601,en,0.903529,"['HighRoad Entertainment', 'Prelude Pictures', 'Lone Runner Entertainment', 'Kenio Films', 'Perfect Game, The']",['United States of America'],2010-04-01,3878993,118.0,['English'],Released,The Perfect Game,6.3,30,2010,4,-8621007,0.31031944
8000000,9552,en,47.584643,"['Warner Bros.', 'Hoya Productions']",['United States of America'],1973-12-26,441306145,122.0,"['Deutsch', 'Français', 'Latin', 'العربية', 'ελληνικά', 'English']",Released,The Exorcist,7.5,2005,1973,12,433306145,55.163268125
7000000,578,en,50.152327,"['Universal Pictures', 'Zanuck/Brown Productions']",['United States of America'],1975-06-18,470654000,124.0,['English'],Released,Jaws,7.5,2542,1975,6,463654000,67.23628571428571
11000000,2105,en,60.767168,"['Universal Pictures', 'Summit Entertainment', 'Newmarket Capital Group', 'Zide-Perry Productions']",['United States of America'],1999-07-09,235483004,95.0,['English'],Released,American Pie,6.4,2296,1999,7,224483004,21.40754581818182
12516654,126319,fr,11.103202,"['StudioCanal', 'La Parti Productions', 'Les Armateurs', 'Melusine Productions', 'Maybe Movies', 'Gkids']","['Belgium', 'France', 'Luxembourg']",2012-12-12,8109160,78.0,['Français'],Released,Ernest & Celestine,7.6,142,2012,12,-4407494,0.6478696303341133
25000000,10136,en,15.26213,['Paramount Pictures'],['United States of America'],1986-12-12,79817939,94.0,"['Český', 'English', 'Italiano']",Released,The Golden Child,5.6,304,1986,12,54817939,3.19271756
12000000,67660,en,6.035152,['Rainforest Films'],['United States of America'],2012-04-16,96070507,122.0,['English'],Released,Think Like a Man,6.9,281,2012,4,84070507,8.005875583333333
12000000,10611,en,10.297189,['Metro-Goldwyn-Mayer (MGM)'],['United States of America'],2002-04-01,75781642,102.0,['English'],Released,Barbershop,6.2,137,2002,4,63781642,6.315136833333334
12000000,154,en,22.434102,['Paramount Pictures'],['United States of America'],1982-06-03,96800000,113.0,['English'],Released,Star Trek II: The Wrath of Khan,7.3,675,1982,6,84800000,8.066666666666666
15000000,3049,en,41.249004,"['Warner Bros.', 'Morgan Creek Productions']",['United States of America'],1994-02-04,107217396,86.0,['English'],Released,Ace Ventura: Pet Detective,6.4,1648,1994,2,92217396,7.1478264
12000000,860,en,23.161754,"['United Artists', 'Sherwood Productions']",['United States of America'],1983-06-03,79567667,114.0,['English'],Released,WarGames,7.0,504,1983,6,67567667,6.630638916666666
12000000,9281,en,19.195399,['Paramount Pictures'],['United States of America'],1985-02-08,68706993,113.0,"['Deutsch', 'English']",Released,Witness,7.0,375,1985,2,56706993,5.72558275
12000000,75674,en,21.958055,"['Relativity Media', 'Bandito Brothers']",['United States of America'],2012-02-24,81272766,110.0,"['English', 'Pусский']",Released,Act of Valor,6.3,417,2012,2,69272766,6.7727305
12000000,9762,en,45.477802,"['Summit Entertainment', 'Offspring Entertainment', 'Touchstone Pictures', 'Eketahuna LLC']",['United States of America'],2006-08-11,114194847,104.0,['English'],Released,Step Up,6.7,1060,2006,8,102194847,9.51623725
12000000,184,en,40.631671,['Miramax Films'],['United States of America'],1997-12-24,39673162,154.0,['English'],Released,Jackie Brown,7.3,1514,1997,12,27673162,3.306096833333333
12000000,13335,en,26.219598,['New Line Cinema'],['United States of America'],2008-04-25,43493123,107.0,['English'],Released,Harold & Kumar Escape from Guantanamo Bay,6.2,497,2008,4,31493123,3.6244269166666667
15000000,76726,en,64.504747,"['Twentieth Century Fox Film Corporation', 'Dune Entertainment', 'Davis Entertainment', 'Adam Schroeder Productions']",['United States of America'],2012-02-01,145000000,84.0,['English'],Released,Chronicle,6.6,1935,2012,2,130000000,9.666666666666666
12000000,10269,en,3.389249,"['United Artists', 'Barwood Films', 'Ladbroke']","['United Kingdom', 'United States of America']",1983-11-18,30400000,132.0,['English'],Released,Yentl,6.2,51,1983,11,18400000,2.533333333333333
5000000,36819,en,14.779537,['Handmade Films Ltd.'],['United Kingdom'],1981-07-13,42365581,116.0,['English'],Released,Time Bandits,6.6,249,1981,7,37365581,8.4731162
12000000,17130,en,6.703319,"['Paramount Pictures', 'MTV Films']",['United States of America'],2002-02-15,61141030,93.0,['English'],Released,Crossroads,4.7,158,2002,2,49141030,5.095085833333333
12000000,57214,en,49.070321,"['Silver Pictures', 'Green Hat Films']",['United States of America'],2012-03-01,100000000,88.0,['English'],Released,Project X,6.5,1564,2012,3,88000000,8.333333333333334
12000000,11202,en,21.933822,['Twentieth Century Fox Film Corporation'],['United States of America'],1970-01-25,89800000,172.0,['English'],Released,Patton,7.3,323,1970,1,77800000,7.483333333333333
12000000,9357,en,20.624896,"['Fox Searchlight Pictures', 'Catch 23 Entertainment']",['United States of America'],2002-08-21,52223306,96.0,['English'],Released,One Hour Photo,6.6,435,2002,8,40223306,4.3519421666666664
12000000,13812,en,8.083995,"['Vertigo Entertainment', 'Screen Gems', 'Andale Pictures']",['United States of America'],2008-10-10,40855419,89.0,['English'],Released,Quarantine,5.5,339,2008,10,28855419,3.40461825
12000000,9030,en,11.135734,"['Paramount Vantage', 'VN Productions']",['United States of America'],2008-02-01,56309766,98.0,"['Español', 'English']",Released,The Eye,5.5,281,2008,2,44309766,4.6924805
12000000,19084,en,4.623609,"['Fox Searchlight Pictures', 'Bird and a Bear Entertainment', 'Hallway Pictures', 'Catch Productions']",['United States of America'],2004-04-07,31179516,97.0,['English'],Released,Johnson Family Vacation,4.7,30,2004,4,19179516,2.598293
12000000,8386,en,11.510281,"['Universal Pictures', 'Jersey Films', 'Native Pictures Productions']",['United States of America'],2001-12-21,31155435,93.0,['English'],Released,How High,6.3,218,2001,12,19155435,2.59628625
12000000,1360,en,18.422327,"['Miramax Films', 'Lions Gate Films', 'Ventanarosa Productions', 'Handprint Entertainment']","['Mexico', 'United States of America', 'Canada']",2002-08-29,56298474,123.0,"['English', 'Français', 'Pусский']",Released,Frida,7.3,383,2002,8,44298474,4.6915395
12000000,101267,en,8.410688,"['Paramount Pictures', 'Imagine Entertainment', 'MTV Films', 'Insurge Pictures']",['United States of America'],2012-06-28,32726956,93.0,['English'],Released,Katy Perry: Part of Me,6.5,85,2012,6,20726956,2.7272463333333334
12000000,222935,en,74.358971,"['Fox 2000 Pictures', 'Temple Hill Entertainment', 'TSG Entertainment']",['United States of America'],2014-05-16,307166834,125.0,['English'],Released,The Fault in Our Stars,7.6,3759,2014,5,295166834,25.597236166666665
12000000,10220,en,18.422008,"['Miramax Films', 'Spanky Pictures']",['United States of America'],1998-09-11,22921898,121.0,"['Pусский', 'English', 'עִבְרִית']",Released,Rounders,6.9,439,1998,9,10921898,1.9101581666666667
12000000,31915,en,8.61659,['Paramount Pictures'],['United States of America'],1979-01-01,54000000,102.0,['English'],Released,Prophecy,5.4,25,1979,1,42000000,4.5
12000000,11601,en,6.044161,['Artisan Entertainment'],['United States of America'],1999-09-10,21133087,99.0,['English'],Released,Stir of Echoes,6.5,330,1999,9,9133087,1.7610905833333332
12000000,205220,en,29.019504,"['BBC Films', 'The Weinstein Company', 'Baby Cow Productions', 'Pathé', 'Yucaipa Films', 'Magnolia Mae Films']",['United Kingdom'],2013-11-01,100129872,98.0,['English'],Released,Philomena,7.4,579,2013,11,88129872,8.344156
12000000,14191,en,16.931846,"['Fox 2000 Pictures', 'Storefront Pictures']","['Australia', 'United States of America']",2006-03-03,23006849,104.0,['English'],Released,Aquamarine,5.8,364,2006,3,11006849,1.9172374166666666
12000000,286565,en,64.610671,['Fox 2000 Pictures'],['United States of America'],2015-06-18,85512300,109.0,['English'],Released,Paper Towns,6.1,1937,2015,6,73512300,7.126025
12000000,129670,en,29.223881,"['Paramount Vantage', 'Bona Fide Productions']",['United States of America'],2013-09-21,17654912,115.0,"['English', 'Español']",Released,Nebraska,7.4,636,2013,9,5654912,1.4712426666666667
12000000,34549,en,1.081822,"['Walt Disney Pictures', 'Karz Entertainment']",['United States of America'],2001-10-05,17292381,86.0,['English'],Released,Max Keeble's Big Move,5.4,33,2001,10,5292381,1.44103175
12000000,57157,en,16.183746,"['Paramount Pictures', 'Denver and Delilah Productions', 'Indian Paintbrush']",['United States of America'],2011-12-16,22939027,94.0,['English'],Released,Young Adult,5.6,364,2011,12,10939027,1.9115855833333333
12000000,1948,en,47.992817,"['Lions Gate Films', 'Lakeshore Entertainment', 'GreeneStreet Films', 'Radical Media']",['United States of America'],2006-08-31,42931041,88.0,"['English', 'Español', '한국어/조선말']",Released,Crank,6.6,1151,2006,8,30931041,3.57758675
12000000,46889,en,0.700792,"['New Line Cinema', 'Jersey Films']",['United States of America'],1998-10-30,12902790,100.0,['English'],Released,Living Out Loud,5.3,11,1998,10,902790,1.0752325
14000000,387,de,26.967494,"['Radiant Film GmbH', 'Süddeutscher Rundfunk', 'Bavaria Film', 'Westdeutscher Rundfunk (WDR)', 'Twin Bros. Productions']",['Germany'],1981-09-16,85000000,149.0,"['Deutsch', 'English', 'Français']",Released,Das Boot,7.9,613,1981,9,71000000,6.071428571428571
12000000,60599,en,16.40512,"['Lionsgate', 'Artina Films', 'Lucky Monkey Pictures', 'Green Room Films', 'Treehouse Pictures', 'Alvernia Studios', 'LB Productions', 'Parlay Films']",['United States of America'],2012-09-14,35485056,100.0,['English'],Released,Arbitrage,6.1,294,2012,9,23485056,2.957088
12000000,227719,en,32.940597,"['Paramount Pictures', 'MTV Films', 'Platinum Dunes', 'Insurge Pictures']",['United States of America'],2015-01-30,32248241,106.0,['English'],Released,Project Almanac,6.4,933,2015,1,20248241,2.687353416666667
8000000,12088,en,8.708229,"['Village Roadshow Pictures', 'Davis Entertainment', 'Fortress Films']","['Australia', 'United States of America']",1992-09-30,6739141,95.0,['English'],Released,Fortress,5.7,168,1992,9,-1260859,0.842392625
12000000,14799,en,4.330428,['Shangri-La Entertainment'],['United States of America'],2006-11-22,5542025,86.0,['English'],Released,For Your Consideration,5.9,43,2006,11,-6457975,0.46183541666666666
12000000,7510,en,4.770195,['TriStar Pictures'],['United States of America'],2006-10-27,6754898,116.0,['English'],Released,Running with Scissors,5.8,78,2006,10,-5245102,0.5629081666666667
12000000,31246,en,1.623338,['19 Entertainment'],['United States of America'],2003-06-20,4922166,90.0,['English'],Released,From Justin to Kelly,3.0,23,2003,6,-7077834,0.4101805
12000000,61752,en,2.993939,"['Fox Searchlight Pictures', '40 Acres & A Mule Filmworks']",['United States of America'],1996-03-22,4939939,108.0,['English'],Released,Girl 6,5.7,16,1996,3,-7060061,0.41166158333333336
12000000,10944,en,10.536092,"['Pathe Productions', 'Red Turtle']","['Australia', 'United States of America']",2003-09-09,23,119.0,['English'],Released,In the Cut,4.6,89,2003,9,-11999977,1.916666666666667e-06
12000000,10362,en,8.290636,"['2929 Productions', 'Wild Bunch', 'Tempesta Films']","['France', 'United States of America']",2008-11-19,3148182,110.0,['English'],Released,Two Lovers,6.6,154,2008,11,-8851818,0.2623485
11000000,1255,ko,27.65527,"['Cineclick Asia', 'Happinet Pictures', 'Cheongeoram', 'CJ Capital Investment']",['South Korea'],2006-07-27,88489643,119.0,['한국어/조선말'],Released,The Host,6.7,537,2006,7,77489643,8.044513
12400000,179144,it,32.523573,"['France 2 Cinéma', 'Indigo Film', 'Mediaset', 'Babe Films', 'Canal+', 'Medusa Film', 'Pathé', ""Fonds Eurimages du Conseil de l'Europe"", 'Programme MEDIA de la Communauté Européenne', 'France Télévisions', 'Regione Lazio', 'Banca Popolare di Vicenza', 'Lazio Film Commission', 'Biscottificio Verona']",['Italy'],2013-05-21,8371085,142.0,"['Italiano', '日本語', 'Español', '普通话']",Released,The Great Beauty,7.3,720,2013,5,-4028915,0.6750875
12000000,86825,en,27.322212,"['Fox Searchlight Pictures', 'Scott Free Productions', 'Indian Paintbrush']",['United States of America'],2013-02-28,12077441,99.0,['English'],Released,Stoker,6.5,882,2013,2,77441,1.0064534166666668
12000000,844,zh,12.664787,"['Paradis Films', 'Orly Films', 'Shanghai Film Group Corporation', 'Jet Tone Films']","['Germany', 'Hong Kong', 'China', 'France', 'Italy']",2004-05-20,19271312,129.0,"['广州话 / 廣州話', '日本語', '普通话']",Released,2046,6.9,206,2004,5,7271312,1.6059426666666667
12000000,38448,en,5.841285,"['Octagon Films', 'Irish Film Board', 'Wayfare Entertainment', 'Little Wave Productions', 'Start Motion Pictures', 'Radio Telefís Éireann (RTÉ)']","['Ireland', 'United States of America']",2009-09-14,1644755,111.0,"['English', 'Français', 'Română']",Released,Ondine,6.5,84,2009,9,-10355245,0.13706291666666667
12000000,327,ja,5.327714,"['Bandai Visual Company', 'Office Kitano', 'Tokyo FM Broadcasting Co.', 'Recorded Picture Company (RPC)', 'Fuzzy Bunny Films (I)', 'Little Brother Inc.']","['United Kingdom', 'Japan', 'United States of America']",2000-09-09,15250000,114.0,"['English', 'Italiano', '日本語', 'Español']",Released,Brother,6.8,107,2000,9,3250000,1.2708333333333333
12000000,21345,zh,4.793348,"['Media Asia Films', 'China Film Group Corporation (CFGC)', 'Stellar Megamedia', 'Jiangsu Broadcasting System', 'Chuan Production Film Studio']","['China', 'Hong Kong']",2009-04-22,10652498,132.0,"['English', 'Deutsch', '日本語', '普通话']",Released,City of Life and Death,7.6,55,2009,4,-1347502,0.8877081666666666
19000000,173931,zh,0.738652,[],[],2011-01-01,2570000,89.0,"['English', 'Deutsch', '普通话', 'Pусский']",Released,Legend of a Rabbit,3.0,3,2011,1,-16430000,0.13526315789473684
12000000,61984,ja,5.158067,"['Tokyo Broadcasting System (TBS)', 'Mainichi Broadcasting System (MBS)', 'Sedic', 'Tokyo FM Broadcasting Co.', 'Hokkaido Broadcasting Co.', 'Sedic International', 'Shogakukan', 'Hakuhodo DY Media Partners', 'Abe Shuji', 'Chubu-nippon Broadcasting Company (CBC)', 'RKB Mainichi Broadcasting Corporation', 'Robot Communications', 'Tohokushinsha Film']",['Japan'],2010-12-01,11212294,131.0,['日本語'],Released,Space Battleship Yamato,6.3,59,2010,12,-787706,0.9343578333333333
20000000,50601,en,5.727602,"['Midnight Sun Pictures', 'Dispictures', 'Georgia International Films', 'Rex Media']",['United States of America'],2011-04-14,17479,113.0,"['English', 'ქართული']",Released,5 Days of War,5.8,62,2011,4,-19982521,0.00087395
12000000,236751,en,11.150261,"['TriStar Pictures', 'Screen Gems', 'Roth Films']",['United States of America'],2014-04-16,101332962,99.0,['English'],Released,Heaven is for Real,6.0,229,2014,4,89332962,8.4444135
10000000,107,en,53.595686,"['Columbia Pictures Corporation', 'Screen Gems', 'SKA Films']","['United Kingdom', 'United States of America']",2000-09-01,83557872,103.0,"['English', 'Pусский']",Released,Snatch,7.7,2912,2000,9,73557872,8.3557872
11500000,8913,en,20.747994,['Paramount Pictures'],['United States of America'],1989-04-21,57469467,103.0,['English'],Released,Pet Sematary,6.4,407,1989,4,45969467,4.997344956521739
11000000,927,en,45.072136,"['Amblin Entertainment', 'Warner Bros.']",['United States of America'],1984-06-07,153083102,106.0,"['English', 'Español']",Released,Gremlins,6.9,1596,1984,6,142083102,13.916645636363636
11000000,11,en,126.393695,"['Lucasfilm', 'Twentieth Century Fox Film Corporation']",['United States of America'],1977-05-25,775398007,121.0,['English'],Released,Star Wars,8.1,6624,1977,5,764398007,70.49072790909091
11500000,291870,en,56.805781,"['Lionsgate', 'Josephson Entertainment', 'QED International', ""Ninjas Runnin' Wild Productions"", 'Covert Media', 'BillBlock Media']",['United States of America'],2016-01-21,94073028,102.0,['English'],Released,Dirty Grandpa,5.7,1406,2016,1,82573028,8.180263304347825
11000000,907,en,12.854853,['Metro-Goldwyn-Mayer (MGM)'],"['Italy', 'United States of America']",1965-12-22,111858363,197.0,"['English', 'Pусский']",Released,Doctor Zhivago,7.4,247,1965,12,100858363,10.168942090909091
25000000,45317,en,31.019381,['Paramount Pictures'],['United States of America'],2010-12-17,93617009,116.0,['English'],Released,The Fighter,7.2,1486,2010,12,68617009,3.74468036
11000000,12094,en,11.227087,['Paramount Pictures'],['United States of America'],2006-09-22,72778712,95.0,['English'],Released,Jackass Number Two,6.4,298,2006,9,61778712,6.616246545454546
11000000,10377,en,19.231507,"['Twentieth Century Fox Film Corporation', 'Palo Vista Productions', 'Peter V. Miller Investment Corp.']",['United States of America'],1992-03-13,64088552,120.0,['English'],Released,My Cousin Vinny,7.3,384,1992,3,53088552,5.826232
11000000,249164,en,31.162838,"['New Line Cinema', 'Metro-Goldwyn-Mayer (MGM)']",['United States of America'],2014-08-21,78874843,106.0,['English'],Released,If I Stay,7.3,1368,2014,8,67874843,7.170440272727273
11000000,9942,en,7.559192,"['Paramount Pictures', 'Mirage Enterprises']",['United States of America'],1989-02-16,49797148,107.0,['English'],Released,Major League,6.6,217,1989,2,38797148,4.527013454545455
13000000,1817,en,38.018085,['Fox 2000 Pictures'],['United States of America'],2002-09-09,97837138,81.0,"['English', 'Kiswahili']",Released,Phone Booth,6.7,1062,2002,9,84837138,7.525933692307692
11000000,10229,en,33.283554,"['DiNovi Pictures', 'Pandora Pictures', 'Gaylord Films', 'Warner Bros.']",['United States of America'],2002-01-25,41227069,101.0,['English'],Released,A Walk to Remember,7.5,1018,2002,1,30227069,3.7479153636363636
11000000,687,en,15.864928,"['Havoc', 'PolyGram Filmed Entertainment', 'Working Title Films']","['United States of America', 'United Kingdom']",1995-12-29,39363635,122.0,['English'],Released,Dead Man Walking,7.3,337,1995,12,28363635,3.5785122727272727
10500000,796,en,23.449703,"['Columbia Pictures', 'Cruel Productions', 'Newmarket Capital Group']",['United States of America'],1999-03-05,75902208,97.0,"['Tiếng Việt', 'English', 'Français']",Released,Cruel Intentions,6.6,827,1999,3,65402208,7.228781714285715
11000000,22804,en,31.900899,"['Lionsgate', 'Twisted Pictures']","['Australia', 'Canada', 'United Kingdom', 'United States of America']",2009-10-22,68233629,90.0,['English'],Released,Saw VI,6.0,722,2009,10,57233629,6.203057181818182
11000000,10156,en,14.282314,"['Twentieth Century Fox Film Corporation', 'Brooksfilms']",['United States of America'],1981-06-12,31672907,92.0,"['Français', 'Latin', 'English']",Released,History of the World: Part I,6.5,204,1981,6,20672907,2.8793551818181817
11000000,12837,en,7.645979,"['Fox Searchlight Pictures', ""Donners' Company"", 'Dune Entertainment III', 'Overbrook Entertainment']",['United States of America'],2008-09-17,38105395,114.0,['English'],Released,The Secret Life of Bees,7.4,158,2008,9,27105395,3.464126818181818
11000000,17708,en,3.495758,"['Robert Simonds Productions', 'Touchstone Pictures']",['United States of America'],2001-10-12,23978402,86.0,"['English', 'Español', 'ภาษาไทย', 'Tiếng Việt']",Released,Corky Romano,4.1,54,2001,10,12978402,2.179854727272727
12000000,13937,en,7.558959,"['Universal Pictures', 'Pacific Western']",['United States of America'],1992-08-07,37170057,91.0,['English'],Released,Raising Cain,5.9,65,1992,8,25170057,3.09750475
11,28932,en,3.375208,"['United Artists', 'chateau productions']",['United States of America'],1978-04-26,11,145.0,['English'],Released,F.I.S.T.,6.4,29,1978,4,0,1.0
12000000,31909,en,4.234269,['Cannon Pictures'],['United States of America'],1986-01-01,4884663,100.0,['English'],Released,Invaders from Mars,5.5,57,1986,1,-7115337,0.40705525
11000000,167073,en,39.337949,"['Wildgaze Films', 'Irish Film Board', 'Item 7', 'Parallel Film Productions']","['Canada', 'Ireland']",2015-10-20,62076141,111.0,['English'],Released,Brooklyn,7.2,1213,2015,10,51076141,5.643285545454545
11000000,3175,en,29.543331,"['Hawk Films', 'Warner Bros.', 'Peregrine']","['United Kingdom', 'United States of America']",1975-12-18,20000000,184.0,"['Deutsch', 'Français', 'English']",Released,Barry Lyndon,7.7,505,1975,12,9000000,1.8181818181818181
24000000,14369,en,4.12064,"['Spyglass Entertainment', ""Donners' Company"", 'Epsilon Motion Pictures', 'Touchstone Pictures']",['United States of America'],2001-11-21,14782676,89.0,['English'],Released,Out Cold,5.8,53,2001,11,-9217324,0.6159448333333334
24000000,16888,en,2.259537,['SNL Studios'],['United States of America'],2000-10-13,13700000,84.0,['English'],Released,The Ladies Man,5.7,34,2000,10,-10300000,0.5708333333333333
11000000,121826,en,7.722021,"['BBC Films', 'Headline Pictures']",['United Kingdom'],2012-09-08,59520298,98.0,"['English', 'Français']",Released,Quartet,6.3,139,2012,9,48520298,5.410936181818182
11000000,10646,en,7.063053,"['Columbia Pictures', 'Revolution Studios']",['United States of America'],2001-03-30,23430766,95.0,['English'],Released,Tomcats,4.9,74,2001,3,12430766,2.130069636363636
11000000,12149,en,16.003958,"['Cinerenta Medienbeteiligungs KG', 'American Entertainment Partners L.P.', 'David Kirschner Productions']","['Germany', 'Italy', 'United States of America']",2001-11-17,13110448,100.0,['English'],Released,Frailty,7.0,334,2001,11,2110448,1.191858909090909
11000000,304357,en,21.204929,"['BBC Films', 'Origin Pictures']","['United Kingdom', 'United States of America']",2015-04-10,61619773,120.0,"['English', 'Deutsch']",Released,Woman in Gold,7.3,440,2015,4,50619773,5.601797545454546
14000000,20009,en,9.371811,"['Sony Pictures', 'Screen Gems']","['Canada', 'United States of America']",2002-02-01,6413915,86.0,['English'],Released,Slackers,5.4,60,2002,2,-7586085,0.45813678571428573
11000000,1587,en,33.282794,['Paramount Pictures'],['United States of America'],1993-12-17,30000000,118.0,['English'],Released,What's Eating Gilbert Grape,7.5,919,1993,12,19000000,2.727272727272727
10000000,30973,en,3.208172,"['Gospel of John Ltd.', 'Toronto Film Studios', 'Visual Bible International']","['Canada', 'United Kingdom']",2003-09-11,4069090,125.0,['English'],Released,The Visual Bible: The Gospel of John,8.2,12,2003,9,-5930910,0.406909
11000000,63020,en,1.187671,"['Samuel Goldwyn Company, The']",['United States of America'],1995-05-12,2832826,113.0,['English'],Released,The Perez Family,6.6,9,1995,5,-8167174,0.25752963636363635
11000000,86829,en,36.319205,"['StudioCanal', 'CBS Films', 'Anton Capital Entertainment (ACE)']","['United States of America', 'France', 'United Kingdom']",2013-10-06,32935319,105.0,['English'],Released,Inside Llewyn Davis,7.2,834,2013,10,21935319,2.994119909090909
11000000,13888,en,9.705589,['Columbia Pictures Corporation'],['Fiji'],1991-08-02,2807854,98.0,['English'],Released,Return to the Blue Lagoon,5.1,153,1991,8,-8192146,0.25525945454545457
11000000,42345,en,1.396985,"['Paramount Pictures', 'Tamm Productions']",['United States of America'],1970-01-27,2200000,124.0,['English'],Released,The Molly Maguires,5.9,16,1970,1,-8800000,0.2
10800000,11917,en,32.943848,"['Lionsgate', 'Twisted Pictures']",['United States of America'],2008-10-23,113857533,92.0,['English'],Released,Saw V,5.9,820,2008,10,103057533,10.542364166666667
7400000,14395,hi,3.246903,"['Yash Raj Films', 'Dharma Productions']",['India'],2006-08-11,17000000,193.0,"['English', 'हिन्दी']",Released,Kabhi Alvida Naa Kehna,6.1,42,2006,8,9600000,2.2972972972972974
14000000,24137,en,4.519523,"['Miramax Films', 'Pyramide Productions']","['United Kingdom', 'United States of America']",1999-04-15,18535191,97.0,['English'],Released,An Ideal Husband,6.3,46,1999,4,4535191,1.3239422142857142
10500000,62,en,86.201184,"['Stanley Kubrick Productions', 'Metro-Goldwyn-Mayer (MGM)']","['United States of America', 'United Kingdom']",1968-04-10,68700000,149.0,"['English', 'Pусский']",Released,2001: A Space Odyssey,7.9,2998,1968,4,58200000,6.542857142857143
10500000,601,en,56.105798,"['Universal Pictures', 'Amblin Entertainment']",['United States of America'],1982-04-03,792910554,115.0,['English'],Released,E.T. the Extra-Terrestrial,7.3,3269,1982,4,782410554,75.51529085714286
10000000,13067,en,12.792446,"['Castle Rock Entertainment', 'Land Films Inc.', 'Anonymous Content']",['United States of America'],2007-04-16,17500000,97.0,['English'],Released,In the Land of Women,5.8,160,2007,4,7500000,1.75
10500000,88641,en,0.037073,['Nelson Entertainment'],['United States of America'],1994-09-02,123509,99.0,['English'],Released,There Goes My Baby,8.5,2,1994,9,-10376491,0.011762761904761904
12000000,96399,en,5.759545,['Dos Corazones'],['Mexico'],2012-06-01,9622846,145.0,"['Español', 'English']",Released,For Greater Glory - The True Story of Cristiada,6.4,35,2012,6,-2377154,0.8019038333333334
10000000,489,en,43.734886,"['Miramax Films', 'Lawrence Bender Productions', 'Be Gentlemen Limited Partnership']","['Canada', 'United States of America']",1997-12-05,225933435,126.0,['English'],Released,Good Will Hunting,7.9,2811,1997,12,215933435,22.5933435
10000000,214,en,33.124871,"['Lions Gate Films', 'Twisted Pictures', 'Evolution Entertainment']",['United States of America'],2006-10-27,163876815,108.0,['English'],Released,Saw III,6.1,1071,2006,10,153876815,16.3876815
10000000,10890,en,10.892398,['Columbia Pictures Industries'],['United States of America'],1981-06-25,85300000,106.0,"['English', 'Pусский', 'Polski']",Released,Stripes,6.5,249,1981,6,75300000,8.53
28000000,1588,en,14.754281,['Beacon Communications'],['United States of America'],2000-08-25,90449929,98.0,['English'],Released,Bring It On,5.8,568,2000,8,62449929,3.230354607142857
10000000,316727,en,53.727146,"['Universal Pictures', 'Why Not Productions', 'Platinum Dunes', 'Blumhouse Productions']","['France', 'United States of America']",2016-06-29,118587880,105.0,['English'],Released,The Purge: Election Year,6.1,1306,2016,6,108587880,11.858788
10000000,10314,en,8.9876,"['Miramax Films', 'Tapestry Films', 'FilmColony']",['United States of America'],1999-01-29,103166989,95.0,['English'],Released,She's All That,5.7,418,1999,1,93166989,10.3166989
10000000,663,en,29.244768,"['Lions Gate Films', 'Twisted Pictures']",['United States of America'],2007-10-25,139352633,93.0,['English'],Released,Saw IV,5.9,903,2007,10,129352633,13.9352633
10000000,11804,en,14.447723,"['Universal Pictures', 'Brightlight Pictures', 'Endgame Entertainment', 'The Movie Network (TMN)', 'Canadian Film or Video Production Tax Credit (CPTC)', 'Province of British Columbia Film Incentive BC', 'Corus', 'Gold Circle Films', 'White Noise UK Ltd.']","['Canada', 'United Kingdom', 'United States of America']",2005-01-07,91196419,101.0,['English'],Released,White Noise,5.6,261,2005,1,81196419,9.1196419
6000000,16781,en,5.882208,['Lions Gate Films'],['United States of America'],2006-02-24,57231524,110.0,"['English', 'Español']",Released,Madea's Family Reunion,6.0,77,2006,2,51231524,9.538587333333334
13800000,11873,en,17.3393,"['Silver Screen Partners', 'Touchstone Pictures']",['United States of America'],1986-10-07,52293982,119.0,"['English', 'Español']",Released,The Color of Money,6.7,291,1986,10,38493982,3.7894189855072464
10000000,9289,en,19.524972,"['Twentieth Century Fox Film Corporation', 'Darryl F. Zanuck Productions']",['United States of America'],1962-09-25,50100000,178.0,"['English', 'Français', 'Deutsch']",Released,The Longest Day,7.2,234,1962,9,40100000,5.01
10000000,10414,en,8.932837,['Walt Disney'],['United States of America'],1992-10-01,50752337,101.0,['English'],Released,The Mighty Ducks,6.4,198,1992,10,40752337,5.0752337
10000000,1970,en,35.695442,"['Ghost House Pictures', 'Vertigo Entertainment', 'Senator International', 'Colombia Pictures', 'Fellah Pictures']","['Japan', 'United States of America']",2004-10-22,183474602,92.0,"['English', '日本語']",Released,The Grudge,5.8,865,2004,10,173474602,18.3474602
12000000,9614,en,26.598884,"['Universal Pictures', 'Brillstein-Grey Entertainment', 'Robert Simonds Productions']",['United States of America'],1996-02-16,41205099,92.0,['English'],Released,Happy Gilmore,6.5,755,1996,2,29205099,3.43375825
10000000,8922,en,23.316208,"['United Artists', 'American Zoetrope', 'Cinerenta Medienbeteiligungs KG', 'Cinerenta-Cinebeta', 'VCL Communications']","['Germany', 'United States of America']",2001-07-01,59217789,90.0,['English'],Released,Jeepers Creepers,6.1,720,2001,7,49217789,5.9217789
10000000,1648,en,25.929893,['Orion Pictures'],['United States of America'],1989-02-17,40485039,90.0,"['English', 'Français', 'Deutsch', 'ελληνικά']",Released,Bill & Ted's Excellent Adventure,6.7,454,1989,2,30485039,4.0485039
10000000,17917,en,8.305998,"['Columbia Pictures Corporation', 'Warwick Film Productions', 'Romulus Films']",['United Kingdom'],1968-09-26,37402877,153.0,['English'],Released,Oliver!,7.0,103,1968,9,27402877,3.7402877
10000000,74534,en,21.258991,"['Participant Media', 'Imagenation Abu Dhabi FZ']","['United Arab Emirates', 'United Kingdom', 'United States of America']",2011-11-28,136836156,124.0,"['हिन्दी', 'English']",Released,The Best Exotic Marigold Hotel,6.9,459,2011,11,126836156,13.6836156
10000000,19405,en,5.699058,"['Walt Disney Television Animation', 'Disney Toon Studio']",['United States of America'],2001-01-27,44460850,83.0,['English'],Released,Recess: School's Out,6.6,67,2001,1,34460850,4.446085
12305523,9355,en,36.582038,['Kennedy Miller Productions'],['Australia'],1985-06-29,36230219,107.0,['English'],Released,Mad Max Beyond Thunderdome,5.9,748,1985,6,23924696,2.9442242316722336
10000000,10999,en,34.224204,"['Twentieth Century Fox Film Corporation', 'SLM Production Group', 'Silver Pictures']",['United States of America'],1985-10-03,57500000,90.0,['English'],Released,Commando,6.4,742,1985,10,47500000,5.75
10000000,321258,en,38.179483,"['Lakeshore Entertainment', 'Vertigo Entertainment', 'Diamond Films', 'Showtime Networks', 'STX Entertainment']","['United States of America', 'China', 'Canada']",2016-01-22,64188367,97.0,['English'],Released,The Boy,5.8,1102,2016,1,54188367,6.4188367
10000000,44040,en,30.934688,"['Universal Pictures', 'Media Rights Capital', 'Night Chronicles', 'Relativity Media']",['United States of America'],2010-01-13,33583175,80.0,"['Español', 'English', 'Український']",Released,Devil,5.8,816,2010,1,23583175,3.3583175
20000000,10426,en,7.499639,['New Line Cinema'],['United States of America'],2002-11-22,33526835,85.0,"['English', 'Français', 'Português']",Released,Friday After Next,6.0,100,2002,11,13526835,1.67634175
10000000,280092,en,45.946524,['Sony Pictures'],"['Canada', 'United States of America']",2015-06-04,104303851,97.0,"['English', 'ภาษาไทย']",Released,Insidious: Chapter 3,6.2,983,2015,6,94303851,10.4303851
10000000,13938,en,4.928777,"['TriStar Pictures', 'Motown Productions', 'Delphi III Productions']",['United States of America'],1985-03-22,25754284,108.0,['English'],Released,The Last Dragon,6.4,69,1985,3,15754284,2.5754284
10000000,10163,en,10.125029,"['New Line Cinema', 'Allied Vision']","['United Kingdom', 'Japan', 'United States of America']",1992-03-05,32101000,108.0,['English'],Released,The Lawnmower Man,5.4,197,1992,3,22101000,3.2101
9000000,12182,en,20.452449,"['Columbia Pictures', 'Mandate Pictures', 'Depth of Field', 'Screen Gems']",['United States of America'],2008-10-03,32973937,89.0,['English'],Released,Nick and Norah's Infinite Playlist,6.4,379,2008,10,23973937,3.6637707777777777
10000000,1832,en,14.543435,"['Lions Gate', 'View Askew Productions']",['United States of America'],1999-11-12,30652890,130.0,['English'],Released,Dogma,6.8,823,1999,11,20652890,3.065289
10000000,15301,en,12.902975,['Warner Bros.'],['United States of America'],1983-06-24,29450919,101.0,"['English', 'Français', 'Deutsch', 'Tiếng Việt']",Released,Twilight Zone: The Movie,6.2,161,1983,6,19450919,2.9450919
15000000,10135,en,6.216203,"['United Artists', 'Star Partners II Ltd.', 'Silver Pictures']",['United States of America'],1989-05-19,30050028,114.0,"['English', 'Português']",Released,Road House,6.3,252,1989,5,15050028,2.0033352
10000000,26352,en,3.290639,"['Caravan Pictures', 'Hollywood Pictures']",['United States of America'],1994-11-23,29392418,100.0,['English'],Released,A Low Down Dirty Shame,6.0,31,1994,11,19392418,2.9392418
8500000,20616,en,4.844451,"['Twentieth Century Fox Film Corporation', 'Greenestreet Films', 'Cobalt Media Group', 'Furthur Films', 'Forrest Films']",['United States of America'],2002-09-06,34411240,84.0,['English'],Released,Swimfan,5.0,70,2002,9,25911240,4.048381176470588
12000000,9794,en,9.559737,['Lionsgate'],['United States of America'],2006-10-06,38368909,103.0,"['English', 'Magyar']",Released,Employee of the Month,5.3,153,2006,10,26368909,3.1974090833333335
10000000,15037,en,11.350382,['Columbia Pictures'],['United States of America'],1998-06-12,25605015,100.0,['English'],Released,Can't Hardly Wait,6.1,122,1998,6,15605015,2.5605015
10000000,227,en,13.455373,"['American Zoetrope', 'Warner Bros.']",['United States of America'],1983-03-25,33697647,91.0,['English'],Released,The Outsiders,6.9,291,1983,3,23697647,3.3697647
65000000,294272,en,31.974359,"['Walt Disney Pictures', 'Walt Disney Studios Motion Pictures']",['United States of America'],2016-08-10,143695338,102.0,['English'],Released,Pete's Dragon,6.2,679,2016,8,78695338,2.210697507692308
10000000,11336,en,16.78512,"['Paramount Pictures', 'Lorimar Film Entertainment', 'Dino De Laurentiis Company']",['United States of America'],1983-10-21,20766616,103.0,"['English', 'Pусский']",Released,The Dead Zone,6.9,311,1983,10,10766616,2.0766616
10000000,283445,en,26.090495,"['Alliance Films', 'Blumhouse Productions', 'IM Global', 'Automatik Entertainment', 'Entertainment One', 'Tank Caterpillar', 'Steady Aim']",['United States of America'],2015-08-19,52882018,97.0,['English'],Released,Sinister 2,5.4,581,2015,8,42882018,5.2882018
14000000,88036,en,2.698185,"['TriStar Pictures', 'Phoenix Pictures', 'Stage 6 Films', 'Akil Production Company']",['United States of America'],2012-08-17,24637469,116.0,"['English', 'Français']",Released,Sparkle,5.8,36,2012,8,10637469,1.7598192142857143
10000000,22824,en,22.888173,"['Universal Pictures', 'Saga Film', 'Focus Films', 'Gold Circle Films', 'Chambara Pictures', 'Dead Crow Productions', 'Fourth Kind Productions']",['United States of America'],2009-11-06,42333295,98.0,['English'],Released,The Fourth Kind,5.8,441,2009,11,32333295,4.2333295
9000000,11545,en,18.289303,['Touchstone Pictures'],['United States of America'],1998-09-17,17096053,93.0,"['Français', 'English', 'Latin', 'Español']",Released,Rushmore,7.5,676,1998,9,8096053,1.8995614444444444
10000000,42684,en,26.268209,"['Rogue Pictures', 'Relativity Media', 'Hydraulx', 'Rat Entertainment', 'Transmission Pictures']",['United States of America'],2010-11-11,66821036,100.0,['English'],Released,Skyline,4.7,507,2010,11,56821036,6.6821036
10000000,268238,en,17.592299,"['Fox Searchlight Pictures', 'Participant Media', 'Blueprint Pictures']","['United Kingdom', 'United States of America']",2015-02-26,85978266,122.0,['English'],Released,The Second Best Exotic Marigold Hotel,6.3,272,2015,2,75978266,8.5978266
10000000,41823,en,3.079862,"['Universal Pictures', '40 Acres & A Mule Filmworks']",['United States of America'],1990-08-03,16153593,129.0,['English'],Released,Mo' Better Blues,6.3,47,1990,8,6153593,1.6153593
11000000,9362,en,32.579697,"['Universal Pictures', 'No Frills Film Production']",['United States of America'],1990-01-19,48572000,96.0,['English'],Released,Tremors,6.6,864,1990,1,37572000,4.415636363636364
12600000,9902,en,33.555764,"['Summit Entertainment', 'Newmarket Capital Group', 'Regency Enterprises', 'Constantin Film Produktion', 'Stan Winston Studio', 'Media Cooperation One', 'DCP Wrong Turn Productions']","['Germany', 'United States of America']",2003-05-30,28650575,84.0,['English'],Released,Wrong Turn,6.0,635,2003,5,16050575,2.2738551587301585
10000000,14729,en,2.959547,['United Artists'],['United States of America'],1980-05-12,15795189,99.0,"['English', 'svenska']",Released,The Long Riders,6.6,50,1980,5,5795189,1.5795189
25000000,9455,en,4.068107,"['New Line Cinema', 'Illusion Entertainment Group']",['United States of America'],1999-03-12,15156200,110.0,"['广州话 / 廣州話', 'English', '普通话']",Released,The Corruptor,6.0,57,1999,3,-9843800,0.606248
10000000,103731,en,17.663353,"['FilmNation Entertainment', 'Everest Entertainment']",['United States of America'],2013-05-01,21587700,130.0,['English'],Released,Mud,7.0,1068,2013,5,11587700,2.15877
10000000,10090,en,4.207456,"['Paramount Pictures', 'Double Feature Films', 'Jersey Films', 'Twentieth Century Fox Film Corporation', 'Comedy Central Films', 'Principato-Young Entertainment', 'High Sierra Carpeting']",['United States of America'],2007-02-23,20342161,84.0,"['English', 'Español']",Released,Reno 911!: Miami,5.6,72,2007,2,10342161,2.0342161
6400000,75900,en,21.006078,"['BBC Films', 'The Weinstein Company', 'UK Film Council', 'Lip Sync Post', 'Trademark Films']",['United Kingdom'],2011-10-17,35057696,99.0,['English'],Released,My Week with Marilyn,6.6,406,2011,10,28657696,5.477765
10000000,9515,en,5.647538,['Miramax Films'],"['Germany', 'United States of America']",2005-05-12,17297244,96.0,"['English', 'Polski']",Released,The Matador,6.2,136,2005,5,7297244,1.7297244
5000000,328425,en,27.247013,"['Blumhouse Productions', 'Blue-Tongue Films', 'Huayi Brothers Media', 'STX Entertainment', 'Ahimsa Films']",['United States of America'],2015-07-30,58978653,108.0,['English'],Released,The Gift,6.7,1049,2015,7,53978653,11.7957306
10000000,1542,en,18.366362,"['Twentieth Century Fox Film Corporation', 'Cubicle Inc.']",['United States of America'],1999-02-19,12827813,89.0,['English'],Released,Office Space,7.4,1050,1999,2,2827813,1.2827813
10000000,10490,en,6.736274,"['New Line Cinema', 'Capella International', 'KC Medien AG']",['United States of America'],1999-07-23,10571408,98.0,['English'],Released,Drop Dead Gorgeous,6.4,86,1999,7,571408,1.0571408
10000000,87093,en,28.570174,"['The Weinstein Company', 'Silverwood Films', 'Electric City Entertainment', 'Tim Burton Productions']","['Canada', 'United States of America']",2014-12-24,28883511,105.0,"['Italiano', 'English', 'Français']",Released,Big Eyes,6.8,1196,2014,12,18883511,2.8883511
30000000,10029,en,5.671691,"['Initial Entertainment Group (IEG)', 'Interscope Communications', 'VBT Productions', 'Ballpark Productions Partnership']",['United States of America'],1998-09-11,9898412,100.0,['English'],Released,Very Bad Things,6.2,179,1998,9,-20101588,0.3299470666666667
10000000,11507,en,9.525626,"['Columbia Pictures Corporation', 'Delphi II Productions']",['United States of America'],1984-10-25,8801940,114.0,['English'],Released,Body Double,6.4,137,1984,10,-1198060,0.880194
10000000,37931,en,14.038512,['Relativity Media'],['United States of America'],2010-05-21,6110000,90.0,"['English', 'Pусский']",Released,MacGruber,5.1,179,2010,5,-3890000,0.611
6000000,87818,en,35.350303,"['Greenestreet Films', 'Relativity Media', 'Virgin Produced', 'Wessler Entertainment', 'Witness Protection Films']",['United States of America'],2013-01-01,32438988,90.0,['English'],Released,Movie 43,4.4,797,2013,1,26438988,5.406498
10000000,88005,en,30.863082,"['Mandate Pictures', 'Indian Paintbrush', 'Anonymous Content', 'Focus Features']",['United States of America'],2012-06-22,9636289,101.0,['English'],Released,Seeking a Friend for the End of the World,6.3,700,2012,6,-363711,0.9636289
20000000,73,en,73.567232,"['New Line Cinema', 'The Turman-Morrissey Company', 'Savoy Pictures']",['United States of America'],1998-10-30,23875127,119.0,['English'],Released,American History X,8.2,3016,1998,10,3875127,1.19375635
18000000,14283,en,6.18869,"['Rhombus Media', 'Channel Four Films']","['Canada', 'Italy', 'United Kingdom']",1998-09-10,9495408,131.0,"['English', 'Français', 'Deutsch', 'Italiano', '普通话', 'Español']",Released,The Red Violin,7.3,99,1998,9,-8504592,0.5275226666666667
9500000,209403,en,14.105392,"['Darko Entertainment', 'Aggregate Film']",['United States of America'],2013-09-06,7800000,88.0,['English'],Released,Bad Words,6.4,334,2013,9,-1700000,0.8210526315789474
10000000,7942,en,14.905357,"['Entertainment Films', 'Material Entertainment', 'Beech Hill Films']",['United Kingdom'],2007-09-06,33000000,100.0,['English'],Released,"Run, Fatboy, Run",6.2,238,2007,9,23000000,3.3
10000000,73247,en,0.518056,['Universal Pictures'],['United States of America'],1981-12-18,2154696,79.0,['English'],Released,Heartbeeps,3.8,6,1981,12,-7845304,0.2154696
9000000,253331,en,12.172131,['Treehouse Pictures'],['United States of America'],2014-09-06,21571189,121.0,['English'],Released,Black or White,6.5,115,2014,9,12571189,2.3967987777777777
10000000,9952,en,17.078656,['Metro-Goldwyn-Mayer (MGM)'],['United States of America'],2006-09-09,7177143,126.0,['English'],Released,Rescue Dawn,6.9,336,2006,9,-2822857,0.7177143
10000000,256924,en,16.318608,"['Big Indie Pictures', 'ShivHans Pictures']",['United States of America'],2015-03-19,10835752,107.0,"['English', 'Italiano']",Released,Danny Collins,6.6,183,2015,3,835752,1.0835752
10000000,82532,en,10.409155,['Indian Paintbrush'],['United States of America'],2011-09-13,4417580,83.0,['English'],Released,"Jeff, Who Lives at Home",6.1,217,2011,9,-5582420,0.441758
11500000,2088,en,4.850402,"['Working Title Films', 'Polygram Filmed Entertainment', 'Hilary Henkin']","['United Kingdom', 'United States of America']",1993-09-13,3275585,100.0,['English'],Released,Romeo Is Bleeding,5.7,36,1993,9,-8224415,0.2848334782608696
10000000,10388,en,8.902102,['Artisan Entertainment'],['United States of America'],1999-05-15,3193102,89.0,"['English', 'Français']",Released,The Limey,6.6,105,1999,5,-6806898,0.3193102
6500000,1640,en,28.223163,"['Blackfriars Bridge Films', 'Yari Film Group', 'Bob Yari Productions', 'ApolloProScreen Filmproduktion', ""Bull's Eye Entertainment"", 'DEJ Productions', 'Harris Company']","['Germany', 'United States of America']",2004-01-13,98410061,112.0,"['English', 'فارسی', 'Español', '普通话', '한국어/조선말']",Released,Crash,7.2,1149,2004,1,91910061,15.140009384615384
10000000,25520,en,3.007816,"['Granada Film Productions', 'Arts Council of England', 'Diaphana Films', 'The Glasgow Film Fund', 'National Lottery', 'Showtime Networks', 'Filmfour', 'Scottish Arts Council, The', 'Three Rivers Production', 'Progres Film Distribution', 'Kinowelt Median']","['United Kingdom', 'France', 'Germany', 'United States of America']",2000-09-23,5164404,140.0,"['English', 'Français']",Released,The House of Mirth,6.4,25,2000,9,-4835596,0.5164404
10000000,329440,en,19.865989,"['Lava Bear Films', 'AI-Film', 'Phantom Four Films']",['United States of America'],2016-01-07,40055439,95.0,['English'],Released,The Forest,4.8,448,2016,1,30055439,4.0055439
14000000,47890,en,0.310513,"['Orion Pictures', 'S & L Films']","['Netherlands', 'United States of America']",1981-02-11,439564,118.0,['English'],Released,Sphinx,6.0,2,1981,2,-13560436,0.03139742857142857
10000000,252512,en,19.263477,"['Scott Rudin Productions', 'A24']",['United States of America'],2015-04-03,7587485,97.0,['English'],Released,While We're Young,5.8,383,2015,4,-2412515,0.7587485
10000000,55720,en,4.123533,"['Summit Entertainment', 'Witt/Thomas Productions', 'Depth of Field', 'McLaughlin Films', 'Lime Orchard Productions']",['United States of America'],2011-06-24,1759252,98.0,"['English', 'Español']",Released,A Better Life,7.0,54,2011,6,-8240748,0.1759252
10000000,29076,en,3.988432,"['Hollywood Pictures', 'Fortis Films']",['United States of America'],2000-02-04,1631839,101.0,['English'],Released,Gun Shy,5.4,24,2000,2,-8368161,0.1631839
20000000,68812,en,19.494703,"['Bleiberg Entertainment', 'Millennium Films']",['United States of America'],2012-09-01,1969193,105.0,['English'],Released,The Iceman,6.4,365,2012,9,-18030807,0.09845965
10000000,73567,en,16.436178,"['Voltage pictures', 'Worldview Entertainment', 'ANA Media', 'Picture Perfect (I)']",['United States of America'],2011-09-10,3665069,102.0,['English'],Released,Killer Joe,6.5,425,2011,9,-6334931,0.3665069
10000000,41479,en,14.979375,"['Echo Lake Productions', 'Premiere Picture']",['United States of America'],2009-09-13,7022728,96.0,"['Český', 'English', 'Français']",Released,The Joneses,6.1,210,2009,9,-2977272,0.7022728
10000000,1989,en,10.733761,"['Block 2 Pictures', 'Jet Tone Production', 'StudioCanal', 'Lou Yi Inc.']","['China', 'France', 'Hong Kong']",2007-05-16,21786738,111.0,['English'],Released,My Blueberry Nights,6.0,190,2007,5,11786738,2.1786738
10000000,12779,en,4.570043,"['Screen Gems', 'SKA Films', 'Codi S.p.a.']","['Italy', 'United Kingdom']",2002-10-11,598645,89.0,"['Italiano', 'ελληνικά', 'English']",Released,Swept Away,4.8,50,2002,10,-9401355,0.0598645
5000000,13191,en,6.265659,[],['Bulgaria'],2008-04-28,1296184,106.0,['English'],Released,"War, Inc.",5.6,86,2008,4,-3703816,0.2592368
7700000,101173,en,7.554799,"['BBC Films', 'Synchronistic Pictures', 'Icon Entertainment International', 'Lipsync Productions', 'Atlantic Swiss Productions', 'Hermetof Pictures', 'Magna Films', 'Kalkronkie', 'Artemis Films', 'Lonely Dragon', 'Magnolia Mae Films']","['Italy', 'Serbia and Montenegro', 'United States of America']",2011-02-14,1072602,123.0,['English'],Released,Coriolanus,5.9,131,2011,2,-6627398,0.13929896103896103
10000000,20178,en,9.805551,"['Magnolia Pictures', 'Jerkschool Productions']",['United States of America'],2009-08-20,295750,99.0,['English'],Released,World's Greatest Dad,6.5,177,2009,8,-9704250,0.029575
10000000,78149,en,0.666218,"['Hollywood Pictures', 'Cinergi Pictures Entertainment']",['United States of America'],1998-02-20,45779,86.0,"['English', 'Pусский']",Released,"An Alan Smithee Film: Burn, Hollywood, Burn",3.0,9,1998,2,-9954221,0.0045779
10000000,245846,en,5.145655,['Worldview Entertainment'],['Australia'],2015-07-01,17472,111.0,['English'],Released,Strangerland,5.1,83,2015,7,-9982528,0.0017472
10000000,25186,en,1.728816,"['Cube Vision', 'Dimension Films']",['United States of America'],2009-10-16,9069,85.0,['English'],Released,Janky Promoters,7.0,5,2009,10,-9990931,0.0009069
10,217708,is,1.617943,"['Filmhuset Gruppen', 'Leiknar Myndir']","['Norway', 'Iceland']",2013-08-30,11,85.0,"['English', 'Íslenska', 'Pусский', 'Español', 'svenska']",Released,Of Horses and Men,6.9,26,2013,8,1,1.1
10,78383,en,10.013629,"['Lions Gate', 'Lions Gate Entertainments']",['United States of America'],2013-09-28,10000000,99.0,['English'],Released,Nurse 3-D,4.9,119,2013,9,9999990,1000000.0
9500000,16614,en,19.978021,"['Miramax Films', 'Sidney Kimmel Entertainment', 'This Is That Productions']",['United States of America'],2009-04-03,17164377,107.0,['English'],Released,Adventureland,6.4,737,2009,4,7664377,1.8067765263157896
9600000,9700,en,3.588529,['Lions Gate Films'],['United States of America'],2005-09-03,4386236,144.0,['English'],Released,The Lost City,6.0,24,2005,9,-5213764,0.45689958333333336
11000000,10471,en,9.337388,['New Line Cinema'],['United States of America'],2000-01-12,59827328,98.0,['English'],Released,Next Friday,6.4,135,2000,1,48827328,5.438848
9500000,667,en,28.675891,['Eon Productions'],['United Kingdom'],1967-06-12,111584787,117.0,"['English', '日本語', 'Pусский']",Released,You Only Live Twice,6.5,531,1967,6,102084787,11.74576705263158
8900000,86837,fr,17.151293,"['Les Films du Losange', 'Wega Film', 'X-Filme Creative Pool']","['France', 'Austria', 'Germany']",2012-07-01,19839492,127.0,['Français'],Released,Amour,7.5,400,2012,7,10939492,2.229156404494382
10500000,10306,en,11.225044,['Metro-Goldwyn-Mayer (MGM)'],['United States of America'],1988-06-10,14144000,98.0,['English'],Released,Poltergeist III,4.5,123,1988,6,3644000,1.347047619047619
9400000,11576,en,14.562991,"['United Artists', 'Casey Productions']",['United States of America'],1963-11-07,60000000,163.0,['English'],Released,"It's a Mad, Mad, Mad, Mad World",7.0,140,1963,11,50600000,6.382978723404255
12899867,219,es,19.747809,['El Deseo'],['Spain'],2006-03-16,85582407,121.0,['Español'],Released,Volver,7.3,406,2006,3,72682540,6.634363517081223
7400000,62215,da,36.173598,"['Zentropa Entertainments', 'Det Danske Filminstitut', 'Danmarks Radio (DR)', 'Memfis Film', 'Eurimages', 'Sveriges Television (SVT)', 'Canal+', 'CinéCinéma', 'Slot Machine', 'Zentropa International Sweden', 'Zentropa International Köln', 'Liberator Productions', 'Swedish Film Institute', ""Centre National du Cinéma et de L'image Animée (CNC)"", 'Film i Väst', 'Filmstiftung Nordrhein-Westfalen', 'Legion Entertainment', 'Edition Video', 'Nordisk Film Distribution']","['Denmark', 'France', 'Germany', 'Sweden']",2011-05-26,21817298,136.0,['English'],Released,Melancholia,7.0,885,2011,5,14417298,2.9482835135135135
11000000,348,en,94.184658,"['Twentieth Century Fox Film Corporation', 'Brandywine Productions']","['United States of America', 'United Kingdom']",1979-05-25,104931801,117.0,"['English', 'Español']",Released,Alien,7.9,4470,1979,5,93931801,9.539254636363637
85000,30497,en,29.262427,"['New Line Cinema', 'Vortex']",['United States of America'],1974-10-01,30859000,83.0,['English'],Released,The Texas Chain Saw Massacre,7.2,590,1974,10,30774000,363.0470588235294
10000000,27586,en,17.611971,"['River Road Entertainment', 'Road Rebel', 'Linson Entertainment']",['United States of America'],2010-03-19,2995811,106.0,['English'],Released,The Runaways,6.3,254,2010,3,-7004189,0.2995811
9000000,14811,en,7.623979,"['United Artists', 'Cartier Productions', 'Mirisch Corporation, The']",['United States of America'],1971-11-03,83304330,181.0,"['English', 'עִבְרִית', 'Pусский']",Released,Fiddler on the Roof,7.4,134,1971,11,74304330,9.256036666666667
5500000,660,en,31.036,"['Eon Productions', 'Metro-Goldwyn-Mayer (MGM)']","['Bahamas', 'France', 'United Kingdom', 'United States of America']",1965-12-16,141195658,130.0,"['English', 'Français']",Released,Thunderball,6.5,562,1965,12,135695658,25.671937818181817
7000000,40794,it,7.720692,['Fandango'],['Italy'],2010-02-12,8220215,110.0,['Italiano'],Released,Loose Cannons,7.0,118,2010,2,1220215,1.1743164285714285
9000000,9400,en,6.717994,['New Line Cinema'],['United States of America'],1996-11-06,41590886,118.0,['English'],Released,Set It Off,6.9,66,1996,11,32590886,4.621209555555556
9000000,16162,en,3.951041,"['Universal Pictures', '40 Acres & A Mule Filmworks']",['United States of America'],1999-10-22,34573780,120.0,['English'],Released,The Best Man,6.8,38,1999,10,25573780,3.8415311111111112
9000000,10585,en,27.600843,['United Artists'],['United States of America'],1988-11-08,44196684,87.0,['English'],Released,Child's Play,6.3,581,1988,11,35196684,4.910742666666667
9000000,2359,en,14.098952,['The Weinstein Company'],['United States of America'],2007-05-18,24538513,123.0,"['English', 'Français', 'Pусский', 'Español']",Released,Sicko,7.3,235,2007,5,15538513,2.7265014444444446
9000000,238636,en,82.975841,"['Universal Pictures', 'Why Not Productions', 'Platinum Dunes', 'Blumhouse Productions', '5150 Action']","['France', 'United States of America']",2014-07-17,108782847,104.0,['English'],Released,The Purge: Anarchy,6.6,1954,2014,7,99782847,12.086983
9000000,11282,en,18.514292,['New Line Cinema'],['United States of America'],2004-05-30,23936908,88.0,"['English', 'हिन्दी']",Released,Harold & Kumar Go to White Castle,6.6,693,2004,5,14936908,2.6596564444444444
26000000,14181,en,11.233081,['New Line Cinema'],['United States of America'],2000-02-18,28780255,118.0,"['English', 'Pусский']",Released,Boiler Room,6.5,201,2000,2,2780255,1.1069328846153845
40600000,1621,en,34.022209,"['Paramount Pictures', 'Cinema Group Ventures']",['United States of America'],1983-06-07,90400000,116.0,"['English', 'Português']",Released,Trading Places,7.1,738,1983,6,49800000,2.226600985221675
9000000,9656,en,4.134327,['Dimension Films'],"['Canada', 'United States of America']",2006-12-25,21510851,84.0,"['English', 'Italiano']",Released,Black Christmas,4.8,119,2006,12,12510851,2.3900945555555557
8500000,1619,en,8.775844,[],['United States of America'],2000-09-08,19125401,119.0,"['English', 'Français']",Released,The Way of the Gun,6.4,100,2000,9,10625401,2.2500471764705883
9000000,9685,en,2.062087,['United Artists'],['United States of America'],2002-09-13,4777465,97.0,['English'],Released,Igby Goes Down,6.5,95,2002,9,-4222535,0.5308294444444445
9000000,14425,en,8.738737,['Paul Schiff Productions'],['United States of America'],1994-04-29,4350774,79.0,['English'],Released,PCU,6.0,41,1994,4,-4649226,0.4834193333333333
9000000,15568,en,2.365328,"['Elevation Filmworks', 'Ursa Major Films LLC']",['United States of America'],2007-06-01,2955039,97.0,['English'],Released,Gracie,6.0,17,2007,6,-6044961,0.3283376666666667
9000000,67675,en,9.933926,"['Twentieth Century Fox Film Corporation', 'Ryan Murphy Productions', 'Twentieth Century Fox Television']",['United States of America'],2011-08-11,18663238,84.0,['English'],Released,Glee: The Concert Movie,6.8,79,2011,8,9663238,2.073693111111111
6000000,250349,fr,5.119593,"['TF1 Films Production', 'Same Player', 'Studio Canal', 'Cinéfrance 1888']",['France'],2014-04-30,14348529,98.0,['Français'],Released,Barbecue,5.8,214,2014,4,8348529,2.3914215
9000000,39806,en,0.717811,"['Island Film Group', 'Trailblazer Films', 'Screen East']",['United States of America'],2010-05-14,771499,130.0,['English'],Released,Princess Kaiulani,4.8,14,2010,5,-8228501,0.08572211111111111
5000000,15699,en,1.458884,['Renaissance Films'],['Australia'],2006-11-22,140666,86.0,['English'],Released,Opal Dream,6.1,7,2006,11,-4859334,0.0281332
9000000,17926,en,2.009597,"['Lakeshore Entertainment', 'Intermedia Films', 'Cinerenta Medienbeteiligungs KG']",['United States of America'],2005-08-26,1046166,97.0,['English'],Released,Undiscovered,4.5,12,2005,8,-7953834,0.11624066666666667
5000000,9671,en,16.072466,"['Paramount Pictures', 'Rimfire Films']",['Australia'],1986-09-26,328203506,97.0,['English'],Released,Crocodile Dundee,6.3,503,1986,9,323203506,65.6407012
86000000,13483,en,18.172736,"['The Weinstein Company', 'Open City Films', 'GreeneStreet Films']",['United States of America'],2007-11-28,14373825,84.0,"['日本語', 'English']",Released,Awake,6.3,395,2007,11,-71626175,0.1671375
8500000,1547,en,24.750909,['Warner Bros.'],['United States of America'],1987-07-31,32222567,97.0,['English'],Released,The Lost Boys,6.8,538,1987,7,23722567,3.7908902352941176
7000000,25196,en,17.697042,"['Fox Searchlight Pictures', ""Butcher's Run Films"", 'Informant Media']",['United States of America'],2009-12-16,39462438,112.0,"['English', 'Español']",Released,Crazy Heart,6.8,274,2009,12,32462438,5.637491142857143
9250000,16323,en,7.000949,['Twentieth Century Fox Film Corporation'],['United States of America'],1979-11-07,29174648,125.0,['English'],Released,The Rose,6.8,28,1979,11,19924648,3.154016
8500000,175528,en,11.436405,['Sneak Preview Productions'],['United States of America'],2013-09-27,22456509,96.0,['English'],Released,Baggage Claim,5.6,85,2013,9,13956509,2.6419422352941178
9000000,8069,en,14.171759,"['Paramount Pictures', 'Dino de Laurentiis Cinematografica', 'Marianne Productions']",['United States of America'],1968-10-10,2500000,98.0,['English'],Released,Barbarella,5.7,146,1968,10,-6500000,0.2777777777777778
12000000,16727,en,3.604863,"['Fox Searchlight Pictures', 'Mirabai Films']","['India', 'United States of America']",2006-09-02,20138836,122.0,"['বাংলা', 'Český', 'English', 'Français', 'हिन्दी']",Released,The Namesake,6.8,50,2006,9,8138836,1.6782363333333334
8500000,272693,en,40.28709,"['Wonderland Sound and Vision', 'CBS Films', 'Vast Entertainment']",['United States of America'],2015-02-20,43528634,100.0,['English'],Released,The DUFF,6.8,1322,2015,2,35028634,5.1210157647058825
22000000,10696,en,3.809131,"['Twentieth Century Fox Film Corporation', 'Laurence Mark Productions', 'Columbia Pictures Corporation', 'Glitter Productions', 'Maroon Entertainment']",['United States of America'],2001-09-21,5271666,104.0,['English'],Released,Glitter,3.4,38,2001,9,-16728334,0.23962118181818182
8500000,29963,en,9.230073,"['BBC Films', 'Pathé Renn Productions', 'UK Film Council', 'Screen Australia', 'Australian Film Finance Corporation (AFFC)', 'Hopscotch Productions', 'Jan Chapman Pictures']","['United Kingdom', 'France', 'Australia']",2009-11-05,4440055,119.0,"['Français', 'English']",Released,Bright Star,6.8,107,2009,11,-4059945,0.5223594117647059
12000000,26022,en,14.719886,"['Fox Searchlight Pictures', 'Red Chillies Entertainment', 'Foxstar']","['India', 'United States of America']",2010-02-12,42345360,145.0,"['English', 'हिन्दी', 'اردو']",Released,My Name Is Khan,7.7,232,2010,2,30345360,3.52878
9000000,152747,en,28.540614,"['Sudden Storm Productions', 'FilmNation Entertainment', 'Treehouse Pictures', 'Before the Door Pictures', 'Washington Square Films', 'Black Bear Pictures']",['United States of America'],2013-10-18,6108720,106.0,['English'],Released,All Is Lost,6.6,671,2013,10,-2891280,0.6787466666666667
8000000,62676,en,0.034259,[],[],1999-06-04,1997807,126.0,['English'],Released,Limbo,7.0,17,1999,6,-6002193,0.249725875
6500000,1116,en,6.787967,"['BIM Distribuzione', 'Matador Pictures', 'Diaphana Films', 'Bórd Scannán na hÉireann', 'Element Films', 'UK Film Council', 'Pathé Distribution', 'Irish Film Board', 'Tornasol Films', 'Sixteen Films', 'Regent Capital', 'EMC Produktion', 'Cinéart', 'TV3 Television Network Ireland', 'Filmcoopi Zürich', 'Oil Flick Films No.2']","['Ireland', 'United Kingdom', 'Germany', 'Italy', 'Spain', 'France', 'Belgium', 'Switzerland']",2006-05-18,22889018,124.0,"['English', 'Gaeilge', 'Latin']",Released,The Wind That Shakes the Barley,7.1,154,2006,5,16389018,3.5213873846153847
7700000,185008,hi,3.353176,['Dharma Productions'],['India'],2013-05-31,46000000,159.0,['हिन्दी'],Released,Yeh Jawaani Hai Deewani,7.2,79,2013,5,38300000,5.974025974025974
8250000,11620,en,7.973109,['Metro-Goldwyn-Mayer (MGM)'],['United States of America'],1951-11-08,30000000,171.0,['English'],Released,Quo Vadis,7.0,63,1951,11,21750000,3.6363636363636362
8000000,680,en,121.463076,"['Miramax Films', 'A Band Apart', 'Jersey Films']",['United States of America'],1994-10-08,213928762,154.0,"['English', 'Español', 'Français']",Released,Pulp Fiction,8.3,8428,1994,10,205928762,26.74109525
8500000,242582,en,89.095538,"['Bold Films', 'Sierra / Affinity']",['United States of America'],2014-10-23,38697217,117.0,['English'],Released,Nightcrawler,7.6,3395,2014,10,30197217,4.552613764705883
8500000,11217,en,2.62082,"['Fox Searchlight Pictures', 'Broken Lizard Industries', 'Coconut Pete Productions']",['United States of America'],2004-02-27,5001655,104.0,['English'],Released,Club Dread,5.1,107,2004,2,-3498345,0.58843
8200000,15121,en,37.960289,"['Twentieth Century Fox Film Corporation', 'Robert Wise Productions', 'Argyle Enterprises']",['United States of America'],1965-03-02,286214286,174.0,"['English', 'Français', 'Italiano']",Released,The Sound of Music,7.4,941,1965,3,278014286,34.904181219512196
8000000,2619,en,21.735068,['Touchstone Pictures'],['United States of America'],1984-03-09,69821334,111.0,"['English', 'Italiano']",Released,Splash,6.1,321,1984,3,61821334,8.72766675
8000000,773,en,14.793177,"['Fox Searchlight Pictures', 'Bona Fide Productions', 'Big Beach Films']",['United States of America'],2006-07-26,100523181,102.0,['English'],Released,Little Miss Sunshine,7.5,1686,2006,7,92523181,12.565397625
8000000,235,en,51.109279,"['Columbia Pictures', 'Act III Communications', 'The Body', 'Act III']",['United States of America'],1986-08-22,52287414,89.0,['English'],Released,Stand by Me,7.8,1522,1986,8,44287414,6.53592675
5000000,170,en,45.490374,"['DNA Films', 'British Film Council']",['United Kingdom'],2002-10-31,82719885,113.0,"['Español', 'English']",Released,28 Days Later,7.1,1777,2002,10,77719885,16.543977
8000000,10734,en,26.356697,"['Paramount Pictures', 'Malpaso Company']",['United States of America'],1979-06-22,43000000,111.0,['English'],Released,Escape from Alcatraz,7.2,561,1979,6,35000000,5.375
8000000,37964,en,3.501158,[],[],2002-10-05,27362712,109.0,[],Released,Brown Sugar,7.0,31,2002,10,19362712,3.420339
8000000,40807,en,33.372828,"['Summit Entertainment', 'Mandate Pictures']",['United States of America'],2011-09-30,39187783,100.0,['English'],Released,50/50,7.0,1261,2011,9,31187783,4.898472875
8000000,225565,en,37.821106,['Treehouse Pictures'],['United States of America'],2014-01-29,26049082,94.0,['English'],Released,That Awkward Moment,6.1,1004,2014,1,18049082,3.25613525
6500000,668,en,25.289665,"['United Artists', 'Eon Productions', 'Danjaq']","['United Kingdom', 'United States of America']",1969-12-12,81974493,142.0,"['English', 'Deutsch']",Released,On Her Majesty's Secret Service,6.5,456,1969,12,75474493,12.611460461538462
14000000,11596,en,14.730796,['New Line Cinema'],['United States of America'],1994-10-13,18090181,112.0,['English'],Released,New Nightmare,6.4,291,1994,10,4090181,1.2921557857142858
8000000,14429,en,4.482714,"['Twentieth Century Fox Film Corporation', 'Grand March Productions', 'Amy Robinson Productions']",['United States of America'],1999-10-01,22593409,91.0,['English'],Released,Drive Me Crazy,5.8,62,1999,10,14593409,2.824176125
8000000,13751,en,4.932893,"['Lions Gate Films', '2929 Productions', 'Out of the Blue... Entertainment', 'Starbucks Entertainment', 'Cinema Gypsy Productions']",['United States of America'],2006-04-28,18948425,112.0,['English'],Released,Akeelah and the Bee,6.7,81,2006,4,10948425,2.368553125
8000000,9490,en,7.894489,['Universal Pictures'],['United States of America'],1998-01-16,17460020,82.0,"['English', 'Türkçe']",Released,Half Baked,6.4,177,1998,1,9460020,2.1825025
8000000,14536,en,13.987772,"['Lionsgate', 'Edmonds Entertainment Group (EEG)', 'Epidemic Pictures', 'The Safran Company', 'Gold Circle Films']","['Canada', 'United States of America']",2009-01-30,29010817,97.0,"['English', 'Español']",Released,New in Town,5.2,99,2009,1,21010817,3.626352125
7000000,1359,en,45.310443,"['Lions Gate Films', 'Edward R. Pressman Film', 'Muse Productions']","['Canada', 'United States of America']",2000-04-13,34266564,102.0,"['English', 'Español', '广州话 / 廣州話']",Released,American Psycho,7.3,2066,2000,4,27266564,4.895223428571429
8000000,9962,en,9.799177,"['Fox Searchlight Pictures', 'Hungry Eye Lowland Pictures B.V.', 'Flan de Coco Films']","['Netherlands', 'Germany', 'United States of America']",2002-01-12,16856124,93.0,['English'],Released,The Good Girl,6.1,181,2002,1,8856124,2.1070155
8000000,15049,fr,5.069095,"['Park Ex Pictures', 'Sortie 22']",['Canada'],2006-07-06,12671300,116.0,"['English', 'Français']",Released,Bon Cop Bad Cop,6.5,42,2006,7,4671300,1.5839125
8000000,22821,en,13.517017,"['Chris Brinker Productions', 'Stage 6 Films']",['United States of America'],2009-11-24,10629321,118.0,"['English', 'Italiano', 'Español']",Released,The Boondock Saints II: All Saints Day,5.9,261,2009,11,2629321,1.328665125
8000000,37735,en,45.395839,"['Screen Gems', 'Olive Bridge Entertainment']",['United States of America'],2010-09-10,74952305,92.0,['English'],Released,Easy A,6.7,2210,2010,9,66952305,9.369038125
8000000,10873,en,5.93923,['Saturn Films'],['United States of America'],2000-05-15,8279017,92.0,"['English', 'Deutsch']",Released,Shadow of the Vampire,6.6,148,2000,5,279017,1.034877125
8000000,51588,en,11.837067,"['Walt Disney Pictures', 'Rickshaw Productions']",['United States of America'],2011-04-29,10130000,104.0,['English'],Released,Prom,5.7,134,2011,4,2130000,1.26625
8000000,291270,en,21.024346,['Starburns Industries'],['United States of America'],2015-12-30,5659286,90.0,['English'],Released,Anomalisa,7.0,459,2015,12,-2340714,0.70741075
8000000,44009,en,7.235794,"['Film4', 'Thin Man Films']",['United Kingdom'],2010-11-05,18124262,129.0,['English'],Released,Another Year,7.0,97,2010,11,10124262,2.26553275
8000000,13154,en,8.403859,"['Original Pictures', 'Warner Bros.']",['United States of America'],1991-08-23,2275557,79.0,"['日本語', 'English']",Released,Showdown in Little Tokyo,5.7,95,1991,8,-5724443,0.284444625
8000000,43923,en,13.143045,['Focus Features'],['United States of America'],2010-07-06,6491240,101.0,['English'],Released,It's Kind of a Funny Story,6.9,672,2010,7,-1508760,0.811405
8000000,26306,en,8.717235,['Hollywood Pictures'],['United States of America'],1997-01-24,589304,106.0,['English'],Released,Prefontaine,6.7,21,1997,1,-7410696,0.073663
8000000,198277,en,35.735689,"['Likely Story', 'Apatow Productions', 'Exclusive Media Group', 'Sycamore Pictures']",['United States of America'],2013-09-07,63464861,104.0,['English'],Released,Begin Again,7.3,1254,2013,9,55464861,7.933107625
8000000,7870,en,7.433574,['Class 5 Films'],['United States of America'],2005-05-13,852872,112.0,"['English', 'Italiano']",Released,Down in the Valley,5.9,63,2005,5,-7147128,0.106609
8000000,13072,en,4.090382,['City Light Films'],['United States of America'],2007-04-30,458232,99.0,['English'],Released,Brooklyn Rules,5.8,18,2007,4,-7541768,0.057279
8000000,10288,en,5.244518,"['Lions Gate Films', 'Astral Media', 'Anagram Pictures Inc.']",['Canada'],2006-09-07,426224,91.0,['English'],Released,Fido,6.6,135,2006,9,-7573776,0.053278
8000000,44147,en,10.791954,"['Matador Pictures', 'Isle of Man Film', 'Magic Light Pictures', 'CinemaNX', 'Cinema Four', 'Regent Capital', 'Entertainment Film Distributors']","['France', 'United Kingdom']",2010-06-17,3453043,98.0,['English'],Released,Wild Target,6.4,215,2010,6,-4546957,0.431630375
8000000,13197,en,3.942464,['Thinkfilm'],['United States of America'],2006-02-19,143451,107.0,['English'],Released,10th & Wolf,6.3,24,2006,2,-7856549,0.017931375
8000000,251321,en,6.500835,"['Arcadia Motion Pictures', 'Wanda Visión S.A.', 'Buffalo Gal Pictures']","['France', 'United States of America', 'Spain']",2014-02-12,53086,112.0,"['Français', 'English']",Released,Aloft,5.1,41,2014,2,-7946914,0.00663575
8000000,149,ja,39.338097,"['Bandai Visual Company', 'Toho Company', 'Mainichi Broadcasting System (MBS)', 'Kodansha', 'Tokyo Movie Shinsha (TMS)', 'TMS Entertainment', 'Akira Committee Company Ltd.', 'Sumitomo Corporation']",['Japan'],1988-07-16,553171,124.0,['日本語'],Released,Akira,7.8,773,1988,7,-7446829,0.069146375
22000000,10425,en,12.893219,"['Eclectic pictures', 'Millennium Films']","['Germany', 'United States of America']",2007-07-23,413454,97.0,['English'],Released,The Death and Life of Bobby Z,5.8,103,2007,7,-21586546,0.018793363636363636
8000000,49081,fr,0.983484,[],['Canada'],2005-10-25,2019009,124.0,"['English', 'Français']",Released,The Rocket: The Legend of Rocket Richard,6.1,17,2005,10,-5980991,0.252376125
7800000,302,en,11.000654,"['France 2 Cinéma', 'Canal Plus', 'Fidélité Productions', 'Gimages', 'FOZ', 'Headforce Ltd.']","['France', 'United Kingdom']",2003-05-18,22441323,102.0,"['English', 'Français']",Released,Swimming Pool,6.4,153,2003,5,14641323,2.8770926923076923
7500000,403,en,19.585801,"['The Zanuck Company', 'Majestic Films International']",['United States of America'],1989-12-13,145793296,99.0,"['English', 'Magyar', 'Polski']",Released,Driving Miss Daisy,7.0,350,1989,12,138293296,19.439106133333333
7500000,33542,cn,17.318839,"['New Line Cinema', 'Golden Harvest Company']",['Hong Kong'],1995-01-30,32392047,91.0,"['广州话 / 廣州話', 'English']",Released,Rumble in the Bronx,6.5,240,1995,1,24892047,4.3189396
6500000,9388,en,29.01153,"['Fox Searchlight Pictures', 'Room 9 Entertainment']",['United States of America'],2005-09-05,24793509,92.0,['English'],Released,Thank You for Smoking,7.1,664,2005,9,18293509,3.814386
10200000,1691,en,20.745052,"['Lions Gate Films', 'Next Entertainment', 'Screen Gems']",['United States of America'],2007-06-08,35619521,93.0,"['English', 'Polski']",Released,Hostel: Part II,5.6,453,2007,6,25419521,3.4921099019607844
7500000,24684,en,16.990308,['BBC Films'],"['United Kingdom', 'United States of America']",2009-10-29,26096852,100.0,['English'],Released,An Education,6.8,409,2009,10,18596852,3.479580266666667
10284523,2610,en,4.820166,"['Epsilon Motion Pictures', 'Hyde Park Films', 'Shopgirl', 'Touchstone Pictures']",['United States of America'],2005-10-21,11588205,104.0,"['English', 'Polski']",Released,Shopgirl,5.7,75,2005,10,1303682,1.1267615425625477
6500000,11022,en,8.526635,"['Paramount Pictures', 'Lions Gate Films', 'Cruise/Wagner Productions']","['Canada', 'United States of America']",2002-01-14,12633747,105.0,"['English', 'Deutsch', 'Polski']",Released,Narc,6.8,142,2002,1,6133747,1.9436533846153845
7500000,34341,en,1.369528,[],['Canada'],2002-09-20,4245870,102.0,['English'],Released,Men with Brooms,4.5,7,2002,9,-3254130,0.566116
7500000,36046,en,0.571663,[],[],2004-11-24,3347647,110.0,['English'],Released,The Work and the Glory,6.1,7,2004,11,-4152353,0.4463529333333333
8000000,12569,en,14.652342,['Miramax Films'],['United States of America'],2009-09-03,10848783,92.0,['English'],Released,Extract,5.7,192,2009,9,2848783,1.356097875
8000000,73873,en,7.802245,['Chrysalis Films'],"['United Kingdom', 'Ireland']",2011-12-21,5634828,113.0,"['English', 'Français']",Released,Albert Nobbs,6.2,132,2011,12,-2365172,0.7043535
7500000,7735,de,25.281197,['Constantin Film Produktion'],['Germany'],2008-03-11,19000000,107.0,['Deutsch'],Released,The Wave,7.5,841,2008,3,11500000,2.533333333333333
7000000,301365,en,38.150787,"['Bold Films', 'Amazon Studios', 'Vendian Entertainment', 'Space Rocket Nation']","['Denmark', 'France', 'United States of America']",2016-06-08,1333124,117.0,['English'],Released,The Neon Demon,6.4,887,2016,6,-5666876,0.1904462857142857
7300000,25941,en,16.829837,"['HanWay Films', 'UK Film Council', 'Marv Films']",['United Kingdom'],2009-11-11,10329747,103.0,['English'],Released,Harry Brown,6.7,348,2009,11,3029747,1.4150338356164383
7500000,7326,en,19.782725,"['Fox Searchlight Pictures', 'Mandate Pictures']",['United States of America'],2007-12-05,231411584,96.0,['English'],Released,Juno,7.0,2244,2007,12,223911584,30.854877866666666
7200000,681,en,34.634181,"['United Artists', 'Eon Productions', 'Danjaq']","['United Kingdom', 'United States of America']",1971-12-13,116019547,120.0,"['English', 'Deutsch']",Released,Diamonds Are Forever,6.3,553,1971,12,108819547,16.113825972222223
6000000,238,en,143.659698,"['Paramount Pictures', 'Alfran Productions']",['United States of America'],1972-03-14,245066411,175.0,"['English', 'Italiano', 'Latin']",Released,The Godfather,8.4,5893,1972,3,239066411,40.844401833333336
4000000,535,en,18.422323,['Paramount Pictures'],['United States of America'],1983-04-14,92921203,95.0,"['English', 'Português']",Released,Flashdance,6.1,302,1983,4,88921203,23.23030075
7500000,19913,en,45.610993,"['Fox Searchlight Pictures', 'Watermark', 'Dune Entertainment III']",['United States of America'],2009-07-17,60722734,95.0,"['English', 'Français', 'svenska']",Released,(500) Days of Summer,7.2,2904,2009,7,53222734,8.096364533333333
7000000,713,en,17.681707,"['New South Wales Film & Television Office', 'The Australian Film Commission', 'CiBy 2000', 'Jan Chapman Productions']","['New Zealand', 'Australia', 'France']",1993-05-19,116700000,121.0,"['English', '']",Released,The Piano,7.1,281,1993,5,109700000,16.67142857142857
7000000,77930,en,35.897151,"['Extension 765', 'Iron Horse Entertainment (II)']",['United States of America'],2012-06-28,167221571,110.0,['English'],Released,Magic Mike,6.1,1040,2012,6,160221571,23.888795857142856
7000000,253,en,30.465138,"['United Artists', 'Eon Productions', 'Danjaq']",['United Kingdom'],1973-07-05,161777836,121.0,"['English', 'Magyar']",Released,Live and Let Die,6.4,533,1973,7,154777836,23.111119428571428
6600000,57119,en,4.492455,"['TriStar Pictures', 'Stage 6 Films', 'Sony Pictures Worldwide Acquisitions (SPWA)', 'TDJ Enterprises / New Dimensions Entertainment', 'Our Stories Films']",['United States of America'],2011-05-06,37710610,112.0,['English'],Released,Jumping the Broom,6.0,56,2011,5,31110610,5.713728787878788
7000000,3291,en,17.717681,"['2929 Productions', 'Participant Productions', 'Warner Independent Pictures (WIP)', 'Davis Films', 'Section Eight Productions', 'Redbus Pictures', 'Tohokushinsha']","['France', 'Japan', 'United Kingdom', 'United States of America']",2005-09-16,54600000,93.0,['English'],Released,"Good Night, and Good Luck.",6.8,273,2005,9,47600000,7.8
7000000,398,en,17.434862,"['Sony Pictures Classics', ""Cooper's Town Productions"", 'Eagle Vision Inc.', 'Manitoba Film and Video Production Tax Credit', 'Province of British Columbia Production Services Tax Credit', 'Infinity Media', 'A-Line Pictures']","['Canada', 'United States of America']",2005-09-30,49084830,114.0,['English'],Released,Capote,6.8,384,2005,9,42084830,7.012118571428571
7000000,8068,en,25.511217,"['Columbia Pictures', 'Los Hooligans Productions']",['United States of America'],1995-08-25,25405445,104.0,['English'],Released,Desperado,6.8,881,1995,8,18405445,3.6293492857142855
9000000,10803,en,12.268143,['Metro-Goldwyn-Mayer (MGM)'],['United States of America'],1976-06-23,25000000,119.0,['English'],Released,Logan's Run,6.6,269,1976,6,16000000,2.7777777777777777
7000000,682,en,30.214716,"['United Artists', 'Eon Productions', 'Danjaq']","['United Kingdom', 'United States of America']",1974-12-01,97572000,125.0,"['ภาษาไทย', '广州话 / 廣州話', 'English']",Released,The Man with the Golden Gun,6.3,524,1974,12,90572000,13.938857142857144
7000000,10117,en,6.872784,"['Silver Pictures', 'Lorimar Motion Pictures']",['United States of America'],1988-02-12,20256975,96.0,"['English', 'Français']",Released,Action Jackson,4.9,50,1988,2,13256975,2.8938535714285716
7000000,79316,en,14.741589,"['Twentieth Century Fox Film Corporation', 'Davis Entertainment', 'TSG Entertainment']",['United States of America'],2014-01-08,36433975,89.0,['English'],Released,Devil's Due,4.4,216,2014,1,29433975,5.204853571428571
7000000,2074,en,5.500324,['Miramax Films'],['United States of America'],1996-03-22,14702438,92.0,['English'],Released,Flirting with Disaster,6.3,66,1996,3,7702438,2.100348285714286
700000,308639,en,29.761163,"[""Forest Whitaker's Significant Productions"", 'Revolt Films', 'IamOTHER Entertainment']",['United States of America'],2015-06-19,17986781,103.0,['English'],Released,Dope,7.2,691,2015,6,17286781,25.69540142857143
7000000,22314,en,2.772178,['Suntaur Entertainment Company'],['United States of America'],1999-08-25,14011454,97.0,"['Italiano', 'English', 'Pусский']",Released,In Too Deep,6.2,17,1999,8,7011454,2.0016362857142855
7000000,2662,en,19.301432,"['Universal Pictures', 'Spectacle Entertainment Group']",['United States of America'],2003-04-11,16829545,89.0,['English'],Released,House of 1000 Corpses,6.0,306,2003,4,9829545,2.404220714285714
7000000,12573,en,23.612409,"['Mike Zoss Productions', 'Studio Canal', 'Relativity Media', 'Focus Features', 'Working Title Films']","['United States of America', 'United Kingdom', 'France']",2009-10-02,31430334,105.0,"['English', 'עִבְרִית', '']",Released,A Serious Man,6.6,483,2009,10,24430334,4.490047714285715
7000000,241771,en,8.079046,"['Relativity Media', 'Homegrown Pictures', 'Black Entertainment Television (BET)', 'Relativity Sports', 'Undisputed Cinema']",['United States of America'],2014-09-10,14618727,116.0,['English'],Released,Beyond the Lights,7.0,139,2014,9,7618727,2.0883895714285714
7000000,11051,en,14.672151,"['Universal Pictures', 'Cineplex-Odeon Films']","['United States of America', 'Canada']",1988-08-12,8373585,164.0,['English'],Released,The Last Temptation of Christ,7.0,201,1988,8,1373585,1.1962264285714286
7000000,14578,en,2.627232,"['Miramax Films', 'Eagle Beach Productions']",['United States of America'],1999-08-16,7292175,96.0,['English'],Released,Outside Providence,5.6,30,1999,8,292175,1.0417392857142858
7,13006,en,4.857028,"['Entertainment', 'Muse Productions', 'Challenge Film Corporation', 'XYZ Funding N.V.']",['United Kingdom'],1992-05-01,5,90.0,['English'],Released,Split Second,5.7,63,1992,5,-2,0.7142857142857143
7000000,16651,en,2.206097,['3Mark Entertainment'],['United States of America'],2001-04-12,4720371,113.0,"['English', '']",Released,The Other Side of Heaven,6.7,14,2001,4,-2279629,0.6743387142857142
7000000,4251,hi,3.721858,['Yash Raj Films'],['India'],2004-11-12,29385320,192.0,['हिन्दी'],Released,Veer-Zaara,7.4,64,2004,11,22385320,4.197902857142857
7000000,14112,en,7.051521,"['Sony Pictures Classics', 'Propaganda Films', 'Good Machine']",['United States of America'],2002-10-18,2062066,104.0,['English'],Released,Auto Focus,6.1,56,2002,10,-4937934,0.29458085714285714
7000000,71859,en,21.276864,"['BBC Films', 'Oscilloscope Laboratories']","['United Kingdom', 'United States of America']",2011-09-28,6038942,112.0,['English'],Released,We Need to Talk About Kevin,7.4,677,2011,9,-961058,0.862706
7000000,33676,en,2.550045,"['Tijuana Productions', 'Tiberius Film Productions']","['Canada', 'United States of America']",1983-04-08,1246141,100.0,"['English', 'Español']",Released,Losin' It,4.5,31,1983,4,-5753859,0.17802014285714285
7000000,30128,en,7.155519,[],[],2009-09-25,1429299,106.0,['English'],Released,I Hope They Serve Beer in Hell,5.7,20,2009,9,-5570701,0.20418557142857144
7000000,44835,en,13.635828,"['DRO Entertainment', 'The Last Picture Company', 'CatchPlay', 'Corner Store Entertainment', 'Filmula', 'Handsomecharlie Films', 'American Work', 'Dreamagine Entertainment']",['United States of America'],2010-01-22,382946,106.0,['English'],Released,Hesher,6.7,212,2010,1,-6617054,0.05470657142857143
7000000,306745,en,8.184588,"['Double Feature Films', 'Endgame Entertainment', 'High Frequency Entertainment']",['United States of America'],2015-10-02,573335,103.0,['English'],Released,Freeheld,7.1,164,2015,10,-6426665,0.081905
7000000,47088,en,2.26778,"['Wild Bunch', 'Likely Story', 'Tax Credit Finance', '3 Arts Entertainment']","['France', 'United States of America']",2010-08-01,453079,108.0,['English'],Released,The Extra Man,5.9,29,2010,8,-6546921,0.06472557142857142
7000000,110402,ru,3.120016,"['Lenfilm Studio', 'Sever Studio', 'Kanal Russia 1']",['Russia'],2013-02-27,1310673,170.0,['Pусский'],Released,Hard to Be a God,6.7,41,2013,2,-5689327,0.187239
7000000,27004,en,8.207425,"['Immortal Thoughts', 'Three Good Men']",['United States of America'],2010-01-01,46488,108.0,"['English', 'Français']",Released,Ca$h,6.0,73,2010,1,-6953512,0.006641142857142857
6000000,8374,en,34.917447,"['Franchise Pictures', 'Brood Syndicate', 'B.D.S. Productions Inc.']","['Canada', 'United States of America']",1999-01-22,30471,108.0,"['English', 'Español']",Released,The Boondock Saints,7.2,837,1999,1,-5969529,0.0050785
7000000,164372,ru,5.33861,['Bazelevs Production'],['Russia'],2012-10-11,12400000,76.0,['Pусский'],Released,The Snow Queen,5.1,47,2012,10,5400000,1.7714285714285714
7000000,13001,en,8.591387,"['Metro-Goldwyn-Mayer (MGM)', 'Kawoosh! Productions DTV I']","['Canada', 'United States of America']",2008-03-11,8900000,97.0,['English'],Released,Stargate: The Ark of Truth,6.9,140,2008,3,1900000,1.2714285714285714
6900000,9571,en,26.181753,"['Gramercy Pictures', 'Alphaville Productions', 'The Criterion Collection']",['United States of America'],1993-09-24,7993039,102.0,['English'],Released,Dazed and Confused,7.4,583,1993,9,1093039,1.1584114492753623
6900000,82505,en,25.613197,"['A Bigger Boat', 'Relativity Media', 'FilmNation Entertainment']",['United States of America'],2012-09-21,44287131,101.0,['English'],Released,House at the End of the Street,5.6,555,2012,9,37387131,6.418424782608696
6800000,46738,fr,21.285206,"['TS Productions', 'Micro scope', 'Phi Group']","['Canada', 'France']",2010-09-04,7103838,130.0,"['Français', 'العربية', 'English']",Released,Incendies,7.9,479,2010,9,303838,1.0446820588235295
6500000,250546,en,60.225219,"['New Line Cinema', 'The Safran Company', 'Evergreen Media Group', 'RatPac-Dune Entertainment']",['United States of America'],2014-10-02,255273813,99.0,['English'],Released,Annabelle,5.6,1517,2014,10,248773813,39.272894307692304
7,38415,en,0.050456,[],[],2009-08-09,7,82.0,[],Released,Bran Nue Dae,5.2,6,2009,8,0,1.0
6500000,650,en,17.705671,['Columbia Pictures Corporation'],['United States of America'],1991-07-12,57504069,112.0,['English'],Released,Boyz n the Hood,7.4,364,1991,7,51004069,8.846779846153845
6500000,16620,en,6.847099,"['Columbia Pictures Corporation', 'New Visions Pictures']",['United States of America'],1987-07-24,54215416,108.0,['English'],Released,La Bamba,6.8,116,1987,7,47715416,8.340833230769231
6500000,11033,en,11.208769,"['Filmways Pictures', 'Cinema 77 Films']",['United States of America'],1980-06-25,31899000,105.0,['English'],Released,Dressed to Kill,6.8,157,1980,6,25399000,4.907538461538461
6500000,9430,en,11.142389,['Columbia Pictures'],['United States of America'],1999-04-09,28451622,98.0,['English'],Released,Go,7.0,196,1999,4,21951622,4.377172615384615
6500000,8998,en,11.885221,['Sony Pictures'],['United States of America'],2006-09-07,13368437,88.0,['English'],Released,Friends with Money,5.1,128,2006,9,6868437,2.056682615384615
6500000,10514,en,12.524953,['Universal Pictures'],['United States of America'],1971-03-12,12376563,131.0,['English'],Released,The Andromeda Strain,7.0,190,1971,3,5876563,1.9040866153846154
6500000,76025,en,40.688426,"['HanWay Films', 'UK Film Council', 'Alliance Films', 'See-Saw Films', 'Film4', 'Lipsync Productions']",['United Kingdom'],2011-10-02,17693675,100.0,['English'],Released,Shame,7.0,875,2011,10,11193675,2.7221038461538463
6500000,4836,en,24.0034,"['Sony Pictures Classics', 'Marv Films']",['United Kingdom'],2004-09-30,11850214,105.0,"['English', 'Română']",Released,Layer Cake,7.0,559,2004,9,5350214,1.8231098461538462
6500000,14631,en,2.639106,[],['United States of America'],2005-10-21,2025032,100.0,['English'],Released,The Work and the Glory II: American Zion,8.0,6,2005,10,-4474968,0.3115433846153846
6500000,87499,en,16.574756,['Scott Free Productions'],"['United Kingdom', 'United States of America']",2013-05-31,2401510,116.0,['English'],Released,The East,6.5,305,2013,5,-4098490,0.36946307692307695
6500000,18923,en,5.483531,"['Killer Films', 'Hart-Sharp Entertainment']",['United States of America'],2004-07-23,1548955,96.0,['English'],Released,A Home at the End of the World,6.8,45,2004,7,-4951045,0.23830076923076923
6500000,28089,en,8.432401,['Oscilloscope Laboratories'],['United States of America'],2009-11-13,1521261,113.0,"['English', 'Español']",Released,The Messenger,7.1,119,2009,11,-4978739,0.23404015384615384
6400000,218,en,74.234793,"['Orion Pictures', 'Pacific Western', 'Hemdale Film', 'Cinema 84', 'Euro Film Funding']","['United Kingdom', 'United States of America']",1984-10-26,78371200,108.0,['English'],Released,The Terminator,7.3,4128,1984,10,71971200,12.2455
4800000,338,de,11.086001,"['WDR', 'Arte', 'X-Filme Creative Pool']",['Germany'],2003-02-09,79384880,121.0,['Deutsch'],Released,"Good bye, Lenin!",7.4,586,2003,2,74584880,16.538516666666666
4000000,10925,en,14.961629,"['Hemdale Film Corporation', 'Fox Films Ltd.', 'Cinema 84']",['United States of America'],1985-05-15,14237000,91.0,['English'],Released,The Return of the Living Dead,7.3,267,1985,5,10237000,3.55925
6000000,2293,en,16.139771,"['Gramercy Pictures', 'Alphaville Films', 'View Askew Productions']",['United States of America'],1995-10-20,2122561,94.0,['English'],Released,Mallrats,6.8,392,1995,10,-3877439,0.35376016666666665
6000000,621,en,67.608041,"['Paramount Pictures', 'Robert Stigwood Organization (RSO)']",['United States of America'],1978-07-07,181813770,110.0,['English'],Released,Grease,7.2,1581,1978,7,175813770,30.302295
6000000,792,en,49.802914,"['Orion Pictures', 'Hemdale Film Corporation']","['United Kingdom', 'United States of America']",1986-12-18,138530565,120.0,"['English', 'Tiếng Việt']",Released,Platoon,7.5,1205,1986,12,132530565,23.0884275
6000000,1777,en,16.20985,"['BIM Distribuzione', 'Fellowship Adventure Group']",['United States of America'],2004-06-25,119114517,122.0,"['العربية', 'English']",Released,Fahrenheit 9/11,6.8,397,2004,6,113114517,19.8524195
6000000,642,en,24.499996,"['Twentieth Century Fox Film Corporation', 'Campanile Productions', 'Newman-Foreman Productions']",['United States of America'],1969-09-23,102308889,110.0,"['English', 'Español']",Released,Butch Cassidy and the Sundance Kid,7.4,650,1969,9,96308889,17.0514815
6000000,433,en,59.961523,['Walt Disney Productions'],['United States of America'],1964-08-27,102272727,139.0,['English'],Released,Mary Poppins,7.4,1183,1964,8,96272727,17.0454545
6000000,1725,en,23.431117,"['United Artists', 'Seven Arts', 'Mirisch Pictures']",['United States of America'],1961-10-18,43656822,152.0,['English'],Released,West Side Story,7.0,389,1961,10,37656822,7.276137
6000000,11977,en,15.929648,"['Orion Pictures', 'Warner Bros.']",['United States of America'],1980-07-25,39846344,98.0,['English'],Released,Caddyshack,6.6,365,1980,7,33846344,6.641057333333333
6000000,16158,en,5.537646,['MTV Films'],['United States of America'],1999-07-16,25059640,106.0,['English'],Released,The Wood,7.1,34,1999,7,19059640,4.176606666666666
6000000,629,en,64.025031,"['Blue Parrot Productions', 'Bad Hat Harry Productions']",['United States of America'],1995-07-19,23341568,106.0,"['Español', 'English', 'Français', 'Magyar']",Released,The Usual Suspects,8.1,3254,1995,7,17341568,3.890261333333333
8000000,10160,en,12.654051,['New Line Cinema'],['United States of America'],1989-08-11,22168359,89.0,['English'],Released,A Nightmare on Elm Street 5: The Dream Child,5.5,245,1989,8,14168359,2.771044875
5000000,11452,en,35.108498,"['Tapestry Films', 'Artisan Entertainment']",['United States of America'],2002-03-29,38275483,92.0,['English'],Released,National Lampoon’s Van Wilder,5.9,858,2002,3,33275483,7.6550966
6000000,12163,en,40.196514,"['Saturn Films', 'Wild Bunch', 'Protozoa Pictures', 'Top Rope']",['United States of America'],2008-09-07,44703995,109.0,['English'],Released,The Wrestler,7.3,1000,2008,9,38703995,7.450665833333334
6000000,32275,en,7.60445,"['The Selznik Studio', 'Vanguard Films']",['United States of America'],1946-12-31,20400000,144.0,['English'],Released,Duel in the Sun,6.2,37,1946,12,14400000,3.4
6000000,1103,en,24.351305,"['AVCO Embassy Pictures', 'Goldcrest Films International', 'International Film Investors', 'City Film']",['United States of America'],1981-05-22,50244700,99.0,['English'],Released,Escape from New York,6.9,703,1981,5,44244700,8.374116666666668
6000000,14144,en,12.601677,"['Revolution Studios', 'TriStar Pictures']",['United States of America'],2007-08-08,18197398,89.0,['English'],Released,Daddy Day Camp,4.4,91,2007,8,12197398,3.0328996666666668
12716953,10622,cn,7.077505,['Golden Harvest Company'],"['Australia', 'Hong Kong']",1997-01-31,18814720,113.0,"['普通话', '广州话 / 廣州話', 'English']",Released,Mr. Nice Guy,6.3,128,1997,1,6097767,1.479499059247919
6000000,13370,en,4.053017,['Castle Rock Entertainment'],['United States of America'],2003-04-16,18750246,91.0,['English'],Released,A Mighty Wind,6.6,74,2003,4,12750246,3.125041
6000000,10215,en,15.639016,"['Paramount Pictures', 'Miramax Films', 'Intermedia Films', 'Mirage Enterprises']","['United Kingdom', 'United States of America']",1998-04-23,58000000,99.0,['English'],Released,Sliding Doors,6.5,354,1998,4,52000000,9.666666666666666
6000000,25066,en,3.89204,"['40 Acres & A Mule Filmworks', 'Savoy Pictures']",['United States of America'],1995-05-24,12000000,98.0,['English'],Released,Tales from the Hood,5.4,32,1995,5,6000000,2.0
6000000,1523,en,26.286954,"['Fox Searchlight Pictures', 'Cowboy Films', 'DNA Films', 'Scottish Screen', 'UK Film Council', 'Filmfour', 'Slate Films', 'Tatfilm']","['United Kingdom', 'Germany', 'United States of America']",2006-09-01,48027970,121.0,"['English', 'Français', 'Deutsch', 'Kiswahili']",Released,The Last King of Scotland,7.4,558,2006,9,42027970,8.004661666666667
5000000,11361,en,8.008844,['Trans Pacific Films'],['United States of America'],1989-10-12,11642254,96.0,['English'],Released,Halloween 5: The Revenge of Michael Myers,5.2,183,1989,10,6642254,2.3284508
5000000,92591,en,12.68514,"['Castle Rock Entertainment', 'Horsethief Pictures', 'Mandalay Vision', 'Wind Dancer Productions', 'Detour Filmproduction']",['United States of America'],2012-04-27,9206470,100.0,['English'],Released,Bernie,6.5,320,2012,4,4206470,1.841294
6000000,57612,en,0.041651,"['3D Entertainment', 'Gavin McKinney Underwater Productions']","['Bahamas', 'United Kingdom']",2008-02-15,7518876,42.0,['English'],Released,Dolphins and Whales: Tribes of the Ocean,8.0,3,2008,2,1518876,1.253146
6000000,15256,en,3.561198,['Paramount Pictures'],['United States of America'],1999-02-26,6852450,101.0,['English'],Released,200 Cigarettes,6.1,44,1999,2,852450,1.142075
6000000,83686,en,14.988746,"['CBS Films', 'Also Known As Pictures']",['United States of America'],2012-09-07,13231461,96.0,"['English', 'Français']",Released,The Words,6.4,379,2012,9,7231461,2.2052435
6000000,28053,en,6.497285,"['Lucky Monkey Pictures', 'CineSon Entertainment', 'Filmsmith Productions', 'Medici Entertainment', 'Gremi Film Production']",['United States of America'],2009-03-06,6670712,104.0,['English'],Released,City Island,6.9,113,2009,3,670712,1.1117853333333334
6000000,67913,en,19.411141,"['UK Film Council', 'Crescendo Productions', 'Element Pictures', 'Irish Film Board', 'Prescience', 'Reprisal Films', 'Aegis Film Fund']",['Ireland'],2011-07-07,19560274,96.0,"['Gaeilge', 'English']",Released,The Guard,6.8,372,2011,7,13560274,3.2600456666666666
7000000,13991,en,7.034618,['Metro-Goldwyn-Mayer (MGM)'],['United States of America'],2008-08-28,6230276,94.0,['English'],Released,College,4.8,48,2008,8,-769724,0.8900394285714286
6000000,1443,en,26.218912,['American Zoetrope'],['United States of America'],1999-04-21,10409377,97.0,['English'],Released,The Virgin Suicides,7.1,817,1999,4,4409377,1.7348961666666667
5500000,231576,en,15.015271,"['Double Feature Films', 'Wild Bunch', 'Worldview Entertainment']",['United States of America'],2014-01-18,5483299,120.0,['English'],Released,Wish I Was Here,6.4,300,2014,1,-16701,0.9969634545454545
6000000,16172,en,5.696491,"['New Regency Pictures', 'Taurus Film', 'Polar Entertainment Corporation']",['United States of America'],1999-02-05,4398989,95.0,"['Français', 'English']",Released,Simply Irresistible,5.5,52,1999,2,-1601011,0.7331648333333334
6000000,15797,en,5.411243,"['Davis Films', 'Freestone Pictures']",['United States of America'],1993-08-27,3283371,99.0,['English'],Released,Only the Strong,6.9,29,1993,8,-2716629,0.5472285
6000000,13537,en,6.27257,"['Lions Gate Films', 'Cruise/Wagner Productions', 'Baumgarten Merims Productions']","['Canada', 'United States of America']",2003-11-14,2944752,94.0,"['English', 'Français', 'Magyar']",Released,Shattered Glass,6.6,111,2003,11,-3055248,0.490792
6000000,20794,en,4.148253,['Numb Gums Production Inc.'],['United States of America'],2001-11-23,2025238,95.0,['English'],Released,Novocaine,6.0,44,2001,11,-3974762,0.3375396666666667
6244087,576,en,14.970654,['Warner Brothers/Seven Arts'],['United States of America'],1969-06-17,638641,145.0,"['English', 'Deutsch', 'Español']",Released,The Wild Bunch,7.6,259,1969,6,-5605446,0.10227932442325034
6000000,13990,en,7.161051,"['SBK Pictures', 'Occupant Entertainment']",['United States of America'],2008-07-03,2899975,99.0,['English'],Released,The Wackness,6.2,94,2008,7,-3100025,0.48332916666666664
6000000,27549,en,1.478505,"['Les Films 21', 'Republic Pictures']",['United States of America'],1991-06-08,869325,107.0,['English'],Released,Beastmaster 2: Through the Portal of Time,4.6,17,1991,6,-5130675,0.1448875
6000000,59728,en,0.215464,"['McCreary Entertainment', 'Angel City Pictures']",['United States of America'],2011-03-25,399611,97.0,['English'],Released,The 5th Quarter,4.7,12,2011,3,-5600389,0.06660183333333333
134005,58882,en,2.260315,['IDG China Media'],['China'],2011-07-15,1332231,104.0,"['普通话', 'English']",Released,Snow Flower and the Secret Fan,5.3,22,2011,7,1198226,9.941651430916757
6000000,13827,en,2.404626,[],['United States of America'],2008-09-05,69497,85.0,"['English', 'Polski']",Released,"Surfer, Dude",4.7,25,2008,9,-5930503,0.011582833333333334
12000000,97614,en,10.19041,"['StudioCanal', 'Mutual Film Company', '2929 Productions', 'Magnolia Pictures', 'Madhouse Entertainment']","['France', 'United States of America']",2012-11-08,66351,95.0,['English'],Released,Deadfall,5.6,224,2012,11,-11933649,0.00552925
5952000,837,en,18.119265,"['Universal Pictures', 'Famous Players Ltd', 'Guardian Trust Company', 'Filmplan International II']",['Canada'],1983-02-04,2120439,87.0,['English'],Released,Videodrome,7.1,454,1983,2,-3831561,0.35625655241935483
5300000,1555,fr,13.034602,['Mate Producciones S.A.'],['France'],2002-05-17,3897799,122.0,"['Italiano', 'Français', 'Español', 'English', 'Català', 'Dansk', 'Deutsch']",Released,The Spanish Apartment,7.0,266,2002,5,-1402201,0.7354337735849057
6000000,244783,en,6.349218,['Worldview Entertainment'],['United States of America'],2014-01-20,32251,86.0,['English'],Released,Song One,5.5,87,2014,1,-5967749,0.005375166666666667
4000000,16564,nl,5.013575,"['Max TV', 'Prime Time', 'Isabella Films B.V.', 'Fu Works', 'Isabella Films']","['Netherlands', 'Belgium']",2008-11-17,530048,103.0,"['Nederlands', 'English', 'Deutsch']",Released,Winter in Wartime,6.8,66,2008,11,-3469952,0.132512
5800000,3482,en,4.49029,"['Les Productions Artistes Associés', 'Les Films Ariane', 'Dear Film Produzione']","['France', 'United States of America']",1964-09-21,6800000,133.0,"['Deutsch', 'English']",Released,The Train,7.2,72,1964,9,1000000,1.1724137931034482
6000000,8982,th,11.81832,"['The Weinstein Company', 'Sahamongkol Film International', 'Vivendi']","['Thailand', 'Australia']",2005-08-11,27165581,108.0,"['English', '普通话', 'ภาษาไทย', 'Tiếng Việt']",Released,The Protector,6.8,167,2005,8,21165581,4.527596833333333
3500159,455,en,22.054546,"['Fox Searchlight Pictures', 'Kintop Pictures', 'Filmförderung Hamburg', 'UK Film Council']","['India', 'Germany', 'United Kingdom', 'United States of America']",2002-04-11,76578641,112.0,"['English', 'ਪੰਜਾਬੀ']",Released,Bend It Like Beckham,6.2,578,2002,4,73078482,21.878617799934233
5800000,14351,en,3.201886,"['360 Pictures', 'Dribble Productions', 'Platinum Equity']",['United States of America'],2006-09-01,7000000,95.0,['English'],Released,Crossover,4.2,10,2006,9,1200000,1.206896551724138
5600000,10664,es,22.341462,['Filmax'],['Spain'],2009-09-15,18469680,85.0,['Español'],Released,[REC]²,6.4,489,2009,9,12869680,3.298157142857143
5500000,9277,en,28.500913,['Universal Pictures'],['United States of America'],1973-12-25,159616327,129.0,['English'],Released,The Sting,7.9,622,1973,12,154116327,29.021150363636362
5500000,9443,en,10.439971,"['Twentieth Century Fox Film Corporation', 'Warner Bros.', 'Enigma Productions', 'The Ladd Company', 'Allied Stars, Ltd.']",['United Kingdom'],1981-05-15,58972904,123.0,"['English', 'Français']",Released,Chariots of Fire,6.8,207,1981,5,53472904,10.722346181818182
5500000,11901,en,19.127239,"['Universal Pictures', 'Malpaso Productions']",['United States of America'],1973-04-19,15700000,105.0,['English'],Released,High Plains Drifter,7.4,278,1973,4,10200000,2.8545454545454545
5500000,33155,en,2.141143,['Marimark Productions'],['United States of America'],1980-06-06,4865000,95.0,['English'],Released,Galaxina,3.3,16,1980,6,-635000,0.8845454545454545
4361898,321,en,2.080741,['icon'],['Canada'],2003-06-06,3031801,92.0,"['English', 'Français', 'Italiano']",Released,Mambo Italiano,5.6,28,2003,6,-1330097,0.6950646255368649
5000000,4997,en,7.79068,['Lions Gate Films'],"['Canada', 'United States of America']",2003-10-23,2466444,104.0,['English'],Released,Wonderland,6.2,73,2003,10,-2533556,0.4932888
6500000,925,en,15.580335,"['Universal Pictures', '40 Acres & A Mule Filmworks']",['United States of America'],1989-06-30,37295445,120.0,['English'],Released,Do the Right Thing,7.6,292,1989,6,30795445,5.7377607692307695
2200000,7913,hi,5.206967,"['Flicks Motion Pictures', 'UTV Motion Pictures']",['India'],2006-01-26,11502151,157.0,['हिन्दी'],Released,Rang De Basanti,7.2,97,2006,1,9302151,5.228250454545455
5500000,230266,en,5.033065,['Maipo Film- og TV Produksjon'],"['United Kingdom', 'Norway']",2014-09-07,5000000,120.0,['English'],Released,Miss Julie,5.9,45,2014,9,-500000,0.9090909090909091
4000000,215,en,42.187986,"['Lions Gate Films', 'Got Films', 'Twisted Pictures', 'Evolution Entertainment', 'Saw 2 Productions']",['United States of America'],2005-10-28,152925093,92.0,['English'],Released,Saw II,6.3,1251,2005,10,148925093,38.23127325
15000000,333371,en,53.698683,"['Paramount Pictures', 'Bad Robot', 'Spectrum Effects']",['United States of America'],2016-03-10,108286421,103.0,['English'],Released,10 Cloverfield Lane,6.8,2468,2016,3,93286421,7.219094733333334
5000000,9012,en,14.752587,"['Paramount Pictures', 'MTV Films', 'Dickhouse Productions', 'Lynch Siderow Productions']",['United States of America'],2002-10-21,64282312,87.0,['English'],Released,Jackass: The Movie,6.1,345,2002,10,59282312,12.8564624
4900000,345911,en,48.170508,"['New Line Productions', 'Matter Productions', 'Atomic Monster']",['United States of America'],2016-07-21,44107032,81.0,['English'],Released,Lights Out,6.3,1129,2016,7,39207032,9.001435102040816
5000000,72571,en,29.15813,"['Paramount Pictures', 'Blumhouse Productions', 'Room 101', 'Solana Films']",['United States of America'],2011-10-19,205703818,83.0,['English'],Released,Paranormal Activity 3,5.9,669,2011,10,200703818,41.1407636
5000000,242512,en,56.30466,"['Universal Pictures', 'Dentsu Inc.', 'Platinum Dunes', 'Media Rights Capital', 'Blumhouse Productions', 'Fuji Television Network', 'Hasbro Studios', '5150 Action', 'White Noise Factory']","['Japan', 'United States of America']",2014-10-24,103590271,89.0,['English'],Released,Ouija,4.9,983,2014,10,98590271,20.7180542
5000000,10072,en,17.304055,"['New Line Cinema', 'Smart Egg Pictures']",['United States of America'],1987-02-27,44793222,96.0,['English'],Released,A Nightmare on Elm Street 3: Dream Warriors,6.5,354,1987,2,39793222,8.9586444
5500000,211954,es,9.59729,"['Filmax', 'Signature Entertainment', 'Pinema', 'Pantelion Films']",['Mexico'],2013-07-20,99067206,115.0,"['Español', 'English']",Released,Instructions Not Included,7.5,205,2013,7,93567206,18.012219272727272
5000000,82990,en,20.326337,"['Paramount Pictures', 'Blumhouse Productions', 'Room 101', 'Solana Films']",['United States of America'],2012-10-17,142817992,95.0,['English'],Released,Paranormal Activity 4,5.2,563,2012,10,137817992,28.5635984
4100000,29912,en,4.028875,['Twentieth Century Fox Film Corporation'],['United States of America'],1953-09-16,36000000,135.0,['English'],Released,The Robe,6.4,42,1953,9,31900000,8.78048780487805
5000000,11843,en,6.470766,"['United Artists', 'Jewel Productions', 'Pimlico Films', 'Incorporated Television Company (ITC)']",['United Kingdom'],1975-05-21,41833347,113.0,['English'],Released,The Return of the Pink Panther,6.7,137,1975,5,36833347,8.3666694
11000000,11284,en,16.856231,['New Line Cinema'],['United States of America'],1991-09-05,34872033,89.0,['English'],Released,Freddy's Dead: The Final Nightmare,5.1,272,1991,9,23872033,3.170184818181818
8000000,504,en,19.683187,['Newmarket Films'],['United States of America'],2003-11-16,60378584,110.0,['English'],Released,Monster,7.0,485,2003,11,52378584,7.547323
5000000,173,en,9.358197,['Walt Disney Productions'],['United States of America'],1954-12-23,28200000,127.0,['English'],Released,"20,000 Leagues Under the Sea",6.8,157,1954,12,23200000,5.64
5000000,227348,en,19.984477,"['Blumhouse Productions', 'Room 101', 'Solana Films']",['United States of America'],2014-01-01,86362372,84.0,['English'],Released,Paranormal Activity: The Marked Ones,5.2,449,2014,1,81362372,17.2724744
5000000,1955,en,30.271066,['Brooksfilms'],"['United Kingdom', 'United States of America']",1980-10-02,26010864,124.0,['English'],Released,The Elephant Man,7.9,719,1980,10,21010864,5.2021728
5000000,152532,en,59.454473,"['Universal Studios', 'Universal Pictures', 'Voltage Pictures', 'Truth Entertainment']",['United States of America'],2013-09-07,55198285,117.0,"['English', '日本語']",Released,Dallas Buyers Club,7.9,2886,2013,9,50198285,11.039657
3300000,243940,en,20.304235,"['Lionsgate', 'Blumhouse Productions', 'Chapter One Films']",['United States of America'],2015-01-29,64110728,83.0,['English'],Released,The Lazarus Effect,5.1,505,2015,1,60810728,19.427493333333334
9000000,77,en,60.715151,"['Summit Entertainment', 'Newmarket Capital Group', 'Team Todd', 'I Remember Productions']",['United States of America'],2000-10-11,39723096,113.0,['English'],Released,Memento,8.1,4028,2000,10,30723096,4.413677333333333
5000000,157547,en,35.871248,"['Intrepid Pictures', 'Blumhouse Productions', 'Relativity Media', 'WWE Studios', 'MICA Entertainment']",['United States of America'],2013-09-08,44030246,104.0,['English'],Released,Oculus,6.3,1050,2013,9,39030246,8.8060492
5000000,2295,en,18.077963,"['The Weinstein Company', 'View Askew Productions']",['United States of America'],2006-05-25,26888376,97.0,['English'],Released,Clerks II,6.9,398,2006,5,21888376,5.3776752
5000000,71,en,20.428237,"['BBC Films', 'Tiger Aspect Productions', 'StudioCanal', 'Arts Council of England', 'Working Title Films', 'WT2 Productions']","['France', 'United Kingdom']",2000-05-18,110000000,110.0,['English'],Released,Billy Elliot,7.4,750,2000,5,105000000,22.0
4600000,147773,en,32.14444,"['Fox Searchlight Pictures', 'Odd Lot Entertainment', 'Sycamore Pictures']",['United States of America'],2013-06-06,23198652,103.0,['English'],Released,The Way Way Back,7.1,688,2013,6,18598652,5.043185217391304
3500000,24266,en,3.656491,['Cambridge Productions'],['Australia'],1982-03-02,20659423,104.0,['English'],Released,The Man from Snowy River,6.8,37,1982,3,17159423,5.902692285714286
10000000,59968,en,15.688439,"['The Weinstein Company', 'Likely Story', 'Big Beach Films', 'Yuk Films']",['United States of America'],2011-08-26,17273593,90.0,['English'],Released,Our Idiot Brother,5.9,365,2011,8,7273593,1.7273593
5000000,323677,en,22.9951,"['Forecast Pictures', 'Solofilms', 'JoBro Productions & Film Finance', 'Trinity Race']","['Canada', 'Germany']",2016-02-19,24804129,134.0,['English'],Released,Race,7.1,478,2016,2,19804129,4.9608258
5000000,256274,en,26.510558,"['Universal Pictures', 'Legendary Pictures', 'Brothers Dowdle Productions']",['United States of America'],2014-08-14,40100000,93.0,['English'],Released,"As Above, So Below",6.1,766,2014,8,35100000,8.02
5000000,284293,en,35.307577,"['Killer Films', 'Big Indie Pictures', 'Backup Media', 'BSM Studio']",['United States of America'],2014-12-05,43884652,99.0,['English'],Released,Still Alice,7.5,1104,2014,12,38884652,8.7769304
5000000,24973,en,4.079111,['Twentieth Century Fox Film Corporation'],['United States of America'],1954-08-25,15000000,139.0,"['ελληνικά', 'English']",Released,The Egyptian,6.0,11,1954,8,10000000,3.0
5000000,21610,en,7.058868,"['Universal Pictures', 'Martin Poll Productions', 'The Production Company']",['United States of America'],1981-03-17,19905359,99.0,"['English', 'Français']",Released,Nighthawks,6.4,86,1981,3,14905359,3.9810718
5000000,10283,en,12.904615,"['Paramount Pictures', 'Sean S. Cunningham Films', 'Horror Inc.']",['United States of America'],1989-07-28,14000000,100.0,['English'],Released,Friday the 13th Part VIII: Jason Takes Manhattan,4.8,191,1989,7,9000000,2.8
5000000,8346,en,18.115566,"['Home Box Office (HBO)', 'Playtone', 'Gold Circle Films', 'Ontario Film Development Corporation', 'MPH Entertainment Productions']","['Canada', 'United States of America']",2002-02-22,368744044,95.0,"['ελληνικά', 'English']",Released,My Big Fat Greek Wedding,6.2,671,2002,2,363744044,73.7488088
5000000,122081,en,62.554173,"['RabbitBandini Productions', 'Division Films', 'Pop Films', 'Radar Pictures', 'Muse Productions', 'MJZ', ""O' Salvation"", 'Iconoclast']","['France', 'United States of America']",2013-01-24,31724284,94.0,['English'],Released,Spring Breakers,5.0,1551,2013,1,26724284,6.3448568
5000000,10987,en,9.483717,['Miramax Films'],['United States of America'],1995-09-29,15116634,88.0,['English'],Released,Halloween: The Curse of Michael Myers,5.0,170,1995,9,10116634,3.0233268
5000000,1391,es,16.890285,"['Bésame Mucho Pictures', 'Producciones Anhelo', 'The Criterion Collection']",['Mexico'],2001-06-08,33616692,106.0,['Español'],Released,Y Tu Mamá También,7.3,315,2001,6,28616692,6.7233384
4000000,747,en,49.12486,"['Universal Pictures', 'Big Talk Productions', 'StudioCanal', 'Film4', 'Working Title Films', 'WT2 Productions', 'De Wolfe Music', 'Inside Track 2']","['United Kingdom', 'United States of America', 'France']",2004-04-09,30039392,99.0,['English'],Released,Shaun of the Dead,7.5,2420,2004,4,26039392,7.509848
5000000,26748,en,5.960149,"['Castle Rock Entertainment', 'Columbia Pictures Corporation', 'Rio Dulce']",['United States of America'],1996-06-21,13269963,135.0,"['English', 'Español']",Released,Lone Star,6.9,77,1996,6,8269963,2.6539926
5000000,11357,en,9.302349,['Dimension Films'],['United States of America'],1988-10-21,17768757,88.0,['English'],Released,Halloween 4: The Return of Michael Myers,5.9,209,1988,10,12768757,3.5537514
5000000,14854,en,8.452666,"['1818', 'Lone Wolf McQuade Associates', 'Topkick Productions']",['United States of America'],1983-04-14,12232628,107.0,"['English', 'Español']",Released,Lone Wolf McQuade,5.5,67,1983,4,7232628,2.4465256
5000000,50357,en,17.028252,"['Bazelevs Production', 'Dimension Films', 'Bekmambetov Projects Ltd.']","['Canada', 'United States of America']",2011-07-20,25562924,86.0,"['Český', 'English']",Released,Apollo 18,5.0,356,2011,7,20562924,5.1125848
5000000,13090,en,19.336367,"['Back Lot Pictures', 'Overture Films', 'Big Beach Films']",['United States of America'],2008-01-18,16174377,102.0,"['English', 'Español']",Released,Sunshine Cleaning,6.5,255,2008,1,11174377,3.2348754
5000000,192141,en,38.006982,"['Bold Films', 'Living Films', 'Brothers Dowdle Productions']",['United States of America'],2015-08-26,54418872,103.0,"['Français', 'English', 'ภาษาไทย']",Released,No Escape,6.7,777,2015,8,49418872,10.8837744
5000000,29996,en,0.835617,['Edward Small Productions'],['United States of America'],1959-12-25,12200000,139.0,['English'],Released,Solomon and Sheba,5.4,8,1959,12,7200000,2.44
20000000,351819,en,14.947588,['Open Road Films (II)'],['United States of America'],2016-01-28,21164799,92.0,['English'],Released,Fifty Shades of Black,4.3,331,2016,1,1164799,1.05823995
4,22649,en,1.199451,['Paramount Pictures'],['United States of America'],1932-12-08,25,89.0,['English'],Released,A Farewell to Arms,6.2,28,1932,12,21,6.25
8000000,11042,fr,3.03091,"['Pyramide Productions', 'Cinémaginaire Inc.', 'Téléfilm Canada', 'The Harold Greenberg Fund', 'Astral Films', 'Canal+', 'Société Radio-Canada', 'Société de Développement des Entreprises Culturelles (SODEC)', 'Centre National de la Cinématographie (CNC)']","['Canada', 'France']",2003-05-21,3432342,99.0,"['English', 'Français']",Released,The Barbarian Invasions,6.7,77,2003,5,-4567658,0.42904275
5000000,17339,en,5.348446,['Columbia Pictures Corporation'],['United Kingdom'],1978-11-01,7230000,118.0,"['English', 'Español']",Released,Force 10 from Navarone,6.4,91,1978,11,2230000,1.446
5000000,335,it,49.333137,"['Paramount Pictures', 'Rafran Cinematografica', 'Finanzia San Marco']","['Italy', 'Spain', 'United States of America']",1968-12-21,5321508,175.0,['English'],Released,Once Upon a Time in the West,8.1,1128,1968,12,321508,1.0643016
5000000,15745,en,4.149628,['Artisan Entertainment'],['United States of America'],2001-07-13,5476060,94.0,['English'],Released,Made,6.3,55,2001,7,476060,1.095212
5000000,17431,en,46.114184,"['Liberty Films UK', 'Lunar Industries', 'Xingu Films', 'Limelight Fund']",['United Kingdom'],2009-06-12,9760104,97.0,"['Español', 'English']",Released,Moon,7.6,1794,2009,6,4760104,1.9520208
5000000,78394,en,4.498368,"['N3D Land Productions', 'Mantello Brothers Productions']","['France', 'United Kingdom']",2010-05-14,4074023,41.0,['English'],Released,Sea Rex 3D: Journey to a Prehistoric World,5.9,11,2010,5,-925977,0.8148046
5000000,10217,en,7.673124,"['Fine Line Features', 'Alliance Communications']",['Canada'],1997-05-14,3263585,112.0,"['English', 'Español']",Released,The Sweet Hereafter,6.8,103,1997,5,-1736415,0.652717
4000000,46332,fr,4.992475,"['Why Not Productions', 'Armada Films', 'France Télévision', 'Cinémage 4', 'Cofinova 6', 'Soficinéma 6']",['France'],2010-05-18,41424067,120.0,"['العربية', 'Français']",Released,Of Gods and Men,6.5,91,2010,5,37424067,10.35601675
5000000,13996,en,6.174435,"['Zininsa Film Production', 'Intellectual Properties Worldwide']",['United States of America'],2008-08-06,4040588,110.0,"['Français', 'English', 'Deutsch']",Released,Bottle Shock,6.6,60,2008,8,-959412,0.8081176
5000000,1024,en,8.753409,"['WingNut Films', 'Miramax Films', 'New Zealand Film Commission', 'Fontana Productions']",['New Zealand'],1994-09-02,3049135,99.0,['English'],Released,Heavenly Creatures,7.0,294,1994,9,-1950865,0.609827
5000000,343795,en,3.943706,"['Emmett/Furla Films', 'Giving Films']",['United States of America'],2015-09-11,4842699,121.0,"['English', 'Português']",Released,90 Minutes in Heaven,5.4,40,2015,9,-157301,0.9685398
5000000,45658,en,9.169411,"['Birdsong Pictures', 'IM Global']",['United States of America'],2010-10-15,2614773,97.0,['English'],Released,Everything Must Go,6.0,208,2010,10,-2385227,0.5229546
5000000,16148,en,2.732031,"['Castle Rock Entertainment', 'Columbia Pictures Corporation', 'Manifest Film Company']",['United States of America'],1998-01-30,1980338,116.0,['English'],Released,Zero Effect,6.0,55,1998,1,-3019662,0.3960676
5000000,4553,en,35.252056,"['Filmax Entertainment', 'Castelao Producciones', 'Canal+ España', 'Instituto de la Cinematografía y de las Artes Audiovisuales (ICAA)', 'ICF']","['United States of America', 'Spain']",2004-02-09,8203235,101.0,['English'],Released,The Machinist,7.3,1247,2004,2,3203235,1.640647
5000000,245916,en,21.343093,"['The Combine', 'Bluegrass Films']",['United States of America'],2014-10-09,2450846,112.0,['English'],Released,Kill the Messenger,6.6,355,2014,10,-2549154,0.4901692
5000000,27585,en,10.095184,['Olympus Pictures'],['United States of America'],2010-12-16,5129058,91.0,['English'],Released,Rabbit Hole,6.9,165,2010,12,129058,1.0258116
5000000,1415,en,4.129165,['ContentFilm'],"['Netherlands', 'United States of America']",2003-09-05,742898,98.0,['English'],Released,Party Monster,5.9,58,2003,9,-4257102,0.1485796
5000000,313922,en,30.001024,"['Film Science', 'Broad Green Pictures']",['United States of America'],2016-04-15,3220371,95.0,['English'],Released,Green Room,6.7,683,2016,4,-1779629,0.6440742
5000000,199933,en,1.731035,['Atlas 3 Productions'],['United States of America'],2014-09-12,846704,99.0,['English'],Released,Atlas Shrugged Part III: Who is John Galt?,3.9,15,2014,9,-4153296,0.1693408
7000000,13685,en,11.700578,"['Gracie Films', 'Columbia Pictures Corporation']",['United States of America'],1996-02-21,560069,91.0,"['Español', 'English']",Released,Bottle Rocket,6.8,281,1996,2,-6439931,0.08000985714285715
5000000,46838,en,19.940245,['Eden Rock Media'],"['Canada', 'United States of America']",2010-01-22,5476793,89.0,['English'],Released,Tucker and Dale vs Evil,7.3,847,2010,1,476793,1.0953586
5000000,298312,en,38.94708,"['Blumhouse Productions', 'Blinding Edge Pictures']",['United States of America'],2015-09-10,98450062,94.0,['English'],Released,The Visit,6.0,1360,2015,9,93450062,19.6900124
5000000,11600,en,3.792015,"['HDNet Films', 'The Film Farm']",['United States of America'],2007-01-01,782102,90.0,"['English', 'Español']",Released,Redacted,6.2,37,2007,1,-4217898,0.1564204
5000000,31175,de,5.461487,"['Corazón International', 'Biograf Jan Svěrák']",['Germany'],2009-09-09,17872796,99.0,"['Deutsch', 'ελληνικά']",Released,Soul Kitchen,7.1,116,2009,9,12872796,3.5745592
1000000,12498,en,14.805264,['Miramax Films'],['United States of America'],1996-08-30,24475416,135.0,['English'],Released,Sling Blade,7.4,231,1996,8,23475416,24.475416
4798235,77949,en,25.30216,"['BBC Films', 'Studio Canal', 'Creative Scotland', 'Origin Pictures', 'Lipsync Productions']",['United Kingdom'],2011-08-17,209696,107.0,"['Français', 'English']",Released,The Awakening,6.3,458,2011,8,-4588539,0.043702736527077145
4800000,1690,en,38.83192,"['International Production Company', 'Raw Nerve', 'Lionsgate', 'Next Entertainment', 'Screen Gems', 'Hostel LLC']",['United States of America'],2005-01-06,80578934,94.0,['English'],Released,Hostel,5.7,887,2005,1,75778934,16.787277916666667
5000000,64720,en,19.807295,"['Hydraulx', 'REI Capital', 'Grove Hill Productions', 'Strange Matter Films']",['United States of America'],2011-11-25,3099314,120.0,['English'],Released,Take Shelter,7.1,471,2011,11,-1900686,0.6198628
4700000,16337,en,9.617777,['Cannon Films'],['United States of America'],1986-08-22,8025872,101.0,['English'],Released,The Texas Chainsaw Massacre 2,5.9,139,1986,8,3325872,1.707632340425532
4638783,11577,en,4.495256,['Metro-Goldwyn-Mayer (MGM)'],['United States of America'],1973-05-23,11000000,106.0,['English'],Released,Pat Garrett & Billy the Kid,7.2,65,1973,5,6361217,2.3713116134123973
4800000,77987,en,35.754865,"['Gaumont', 'Wild Bunch', 'Bold Films', 'Film i Väst', 'A Grand Elephant']","['France', 'Denmark', 'Sweden', 'Thailand', 'United States of America']",2013-05-30,10337387,90.0,"['English', 'ภาษาไทย']",Released,Only God Forgives,5.6,862,2013,5,5537387,2.1536222916666667
4500000,9336,en,15.002502,"['Warner Bros.', 'The Ladd Company']",['United States of America'],1984-03-22,146198896,96.0,['English'],Released,Police Academy,6.5,602,1984,3,141698896,32.488643555555555
4500000,5689,en,22.585384,['Columbia Pictures Corporation'],['United States of America'],1980-07-05,58853106,104.0,['English'],Released,The Blue Lagoon,5.8,408,1980,7,54353106,13.078468
6000000,712,en,29.834065,"['Channel Four Films', 'PolyGram Filmed Entertainment', 'Working Title Films']",['United Kingdom'],1994-03-09,254700832,117.0,['English'],Released,Four Weddings and a Funeral,6.6,632,1994,3,248700832,42.45013866666667
4500000,13342,en,20.403344,"['Universal Pictures', 'Refugee Films']",['United States of America'],1982-08-13,27092880,90.0,['English'],Released,Fast Times at Ridgemont High,7.0,322,1982,8,22592880,6.02064
4500000,10339,en,5.224593,"['Warner Bros.', 'Moulin Productions Inc.']",['United States of America'],1956-06-27,10400000,116.0,['English'],Released,Moby Dick,6.9,89,1956,6,5900000,2.311111111111111
15000000,1429,en,30.196039,"['40 Acres & A Mule Filmworks', 'Touchstone Pictures']",['United States of America'],2002-12-16,13060843,135.0,['English'],Released,25th Hour,7.2,629,2002,12,-1939157,0.8707228666666667
4500000,9303,en,15.359952,"['Dino De Laurentiis Company', 'Spelling Films']",['United States of America'],1996-09-13,7011317,108.0,['English'],Released,Bound,6.9,198,1996,9,2511317,1.5580704444444444
4500000,641,en,11.573034,['Artisan Entertainment'],['United States of America'],2000-10-27,7390108,102.0,['English'],Released,Requiem for a Dream,7.9,2443,2000,10,2890108,1.6422462222222223
5000000,252680,en,10.274542,"['TriStar Pictures', 'Provident Films', 'Pure Flix Entertainment', 'Affirm Films', 'FourBoys Entertainment']",['United States of America'],2014-03-25,10429707,98.0,['English'],Released,Moms' Night Out,5.5,121,2014,3,5429707,2.0859414
6000000,141,en,61.210016,"['Pandora Cinema', 'Flower Films', 'Adam Fields Productions']",['United States of America'],2001-01-18,1270522,113.0,['English'],Released,Donnie Darko,7.7,3452,2001,1,-4729478,0.21175366666666667
4500000,39800,en,3.108881,['Werc Werk Works'],['United States of America'],2009-10-10,744816,97.0,['English'],Released,Life During Wartime,6.3,30,2009,10,-3755184,0.16551466666666667
4500000,36419,en,14.570359,"['Plum Pictures', 'Harbor Light Entertainment', 'Lleju Productions']",['United States of America'],2010-04-09,3606395,104.0,['English'],Released,After.Life,5.4,251,2010,4,-893605,0.8014211111111111
3000000,510,en,127.525581,"['United Artists', 'Fantasy Films', 'Warner Bros.']",['United States of America'],1975-11-18,108981275,133.0,['English'],Released,One Flew Over the Cuckoo's Nest,8.2,2919,1975,11,105981275,36.32709166666667
4500000,375290,hi,2.551559,"['T-Series', 'Hari Om Entertainment Co.', 'Cape Of Good Films']",['India'],2016-01-22,32000000,126.0,"['العربية', 'हिन्दी', '']",Released,Airlift,7.3,57,2016,1,27500000,7.111111111111111
3730500,116613,en,6.938854,"['Vertigo Films', 'Exponential Films', 'Embargo Films']",['United Kingdom'],2012-09-11,6294161,112.0,"['Srpski', 'English']",Released,The Sweeney,5.7,109,2012,9,2563661,1.6872164589197158
8000000,1088,en,12.439495,['South Pacific Pictures'],['New Zealand'],2003-01-30,41400000,101.0,"['English', '']",Released,Whale Rider,7.1,111,2003,1,33400000,5.175
4200000,3040,ru,12.540624,"['Bazelevs Production', 'Channel One Russia', 'TABBAK', 'The First Channel']",['Russia'],2004-06-27,32000000,114.0,"['Deutsch', 'Pусский']",Released,Night Watch,6.3,210,2004,6,27800000,7.619047619047619
3705538,11386,en,8.839651,"['Miramax Films', 'Channel Four Films', 'Palace Pictures', 'Nippon Film Development and Finance Inc.', 'Eurotrustees', 'British Screen Productions']","['Japan', 'United Kingdom', 'Ireland']",1992-09-02,62548947,112.0,['English'],Released,The Crying Game,6.9,176,1992,9,58843409,16.879855772630048
4000000,10246,en,12.891276,"['Melvin Simon Productions', 'Astral Bellevue Pathé']","['United States of America', 'Canada']",1981-11-13,125728258,94.0,['English'],Released,Porky's,6.1,183,1981,11,121728258,31.4320645
114000,10331,en,25.666029,"['Laurel Group', 'Off Color Films', 'Image Ten', 'Market Square Productions']",['United States of America'],1968-10-01,30000000,96.0,['English'],Released,Night of the Living Dead,7.5,580,1968,10,29886000,263.1578947368421
4000000,153,en,45.66662,['American Zoetrope'],"['Japan', 'United States of America']",2003-08-31,119723856,102.0,"['日本語', 'English']",Released,Lost in Translation,7.3,1895,2003,8,115723856,29.930964
4000000,703,en,35.892034,['United Artists'],['United States of America'],1977-04-19,38251425,93.0,"['English', 'Deutsch']",Released,Annie Hall,7.8,1010,1977,4,34251425,9.56285625
4000000,27191,en,8.988455,['Paramount Pictures'],['United States of America'],1952-01-10,36000000,152.0,"['English', 'Deutsch']",Released,The Greatest Show on Earth,6.6,50,1952,1,32000000,9.0
4000000,1365,en,14.042041,"['Lions Gate Films', 'Lee Daniels Entertainment']",['United States of America'],2001-11-11,44909486,111.0,['English'],Released,Monster's Ball,6.5,250,2001,11,40909486,11.2273715
4000000,287424,en,40.016306,"['Lionsgate', 'Grindstone Entertainment Group', 'Silver Reel', 'Sly Predator', 'Matt Baer Films', 'Gold Star Films', 'Lotus Entertainment (I)']","['Switzerland', 'United States of America']",2015-05-08,187112,95.0,['English'],Released,Maggie,5.2,593,2015,5,-3812888,0.046778
3600000,451,en,22.030517,"['United Artists', 'Intial Productions']",['United States of America'],1995-10-27,49800000,112.0,['English'],Released,Leaving Las Vegas,7.1,360,1995,10,46200000,13.833333333333334
4000000,241251,en,24.161735,"['Universal Pictures', 'Nuyorican Productions', 'Blumhouse Productions', 'Smart Entertainment']",['United States of America'],2015-01-23,52425855,91.0,['English'],Released,The Boy Next Door,4.1,1022,2015,1,48425855,13.10646375
4000000,40494,en,1.379354,['Joanna Productions'],['United States of America'],1956-05-30,14400000,105.0,"['English', 'Italiano']",Released,Trapeze,6.4,22,1956,5,10400000,3.6
3500000,39781,en,15.338211,"['Mandalay Vision', '10th Hole Productions', 'Focus Features', 'Gilbert Films', 'Saint Aire Production', 'Artist International', 'Antidote Films (I)', 'Artist International Management']",['United States of America'],2010-07-09,34705850,106.0,['English'],Released,The Kids Are All Right,6.5,506,2010,7,31205850,9.915957142857144
4000000,8337,en,29.852608,"['Universal Pictures', 'Alive Films', 'Larry Franco Productions']",['United States of America'],1988-11-23,13008928,94.0,['English'],Released,They Live,7.1,550,1988,11,9008928,3.252232
4000000,5925,en,35.061467,"['United Artists', 'The Mirisch Corporation']",['United States of America'],1963-06-20,11744471,172.0,"['English', 'Deutsch', 'Français', 'Pусский']",Released,The Great Escape,7.8,717,1963,6,7744471,2.93611775
5000000,146203,en,10.605752,"['StudioCanal', 'CBS Films']",['United States of America'],2013-02-28,15179302,88.0,['English'],Released,The Last Exorcism Part II,4.4,203,2013,2,10179302,3.0358604
4000000,85350,en,43.40352,"['IFC Films', 'Detour Filmproduction']",['United States of America'],2014-06-05,44349000,164.0,"['Español', 'English']",Released,Boyhood,7.5,1971,2014,6,40349000,11.08725
4000000,512,en,17.229537,"['BBC Films', 'Ingenious Film Partners', 'Ingenious Media', 'Perdido Prod.']",['United Kingdom'],2006-07-27,31584901,96.0,['English'],Released,Scoop,6.4,420,2006,7,27584901,7.89622525
7000000,13408,en,2.453459,['Lionsgate'],['United States of America'],2001-11-16,10229331,93.0,['English'],Released,The Wash,5.3,26,2001,11,3229331,1.461333
6000000,47816,en,1.433692,[],['United States of America'],2000-03-01,9000000,82.0,['English'],Released,3 Strikes,5.9,15,2000,3,3000000,1.5
4000000,11536,en,2.930058,"['United Artists', 'Seven Arts Productions']",['United States of America'],1961-01-01,8200000,124.0,['English'],Released,The Misfits,6.8,72,1961,1,4200000,2.05
4000000,2370,en,5.975604,['Universal Pictures'],['United States of America'],1969-12-18,6000000,143.0,"['English', 'Français', 'Pусский', 'Español']",Released,Topaz,6.1,77,1969,12,2000000,1.5
4000000,9809,en,4.59841,['Universal Pictures'],['United States of America'],2006-11-17,4630045,84.0,"['English', 'Polski', 'Português', 'Español']",Released,Let's Go to Prison,5.5,69,2006,11,630045,1.15751125
4000000,5,en,22.87623,"['Miramax Films', 'A Band Apart']",['United States of America'],1995-12-09,4300000,98.0,['English'],Released,Four Rooms,6.5,530,1995,12,300000,1.075
4000000,11013,en,19.107285,"['Slough Pond', 'double A Films']",['United States of America'],2002-01-11,9304609,104.0,['English'],Released,Secretary,6.7,376,2002,1,5304609,2.32615225
4000000,10132,en,4.541908,"['Cineplex-Odeon Films', 'Ten-Four Productions']","['Canada', 'United States of America']",1988-12-21,3468572,110.0,['English'],Released,Talk Radio,6.7,46,1988,12,-531428,0.867143
4000000,8141,en,6.091951,"['Echo Lake Productions', 'Bi-polar Pictures', 'Code Entertainment', 'Independent Film Group', 'Carol Baum Productions', 'Dillinger Productions', 'Green Tulip Productions']",['United States of America'],2007-02-09,2426851,90.0,['English'],Released,You Kill Me,6.2,80,2007,2,-1573149,0.60671275
4000000,48572,en,12.062371,"['The Harvey Boys', 'NVSH Productions', 'Phase 4 Films']",['United States of America'],2011-08-19,1104682,88.0,['English'],Released,Red State,5.9,316,2011,8,-2895318,0.2761705
4000000,14517,en,7.758188,"['Destination Films', 'Jim Henson Company, The']","['United Kingdom', 'United States of America']",2005-01-25,866999,101.0,['English'],Released,Mirrormask,6.6,102,2005,1,-3133001,0.21674975
4000000,157847,en,22.987897,"['Worldview Entertainment', 'Muskat Filmed Properties', 'Dreambridge Films', 'Rough House Pictures']",['United States of America'],2014-04-11,2365467,118.0,['English'],Released,Joe,6.5,338,2014,4,-1634533,0.59136675
3000000,25719,en,1.204941,"['Arts Council of England', 'National Lottery', 'Gruber Bros.', 'Tomboy Films', 'Winchester Multimedia PLC']",['United Kingdom'],1997-08-22,302204,109.0,['English'],Released,Shooting Fish,7.0,23,1997,8,-2697796,0.10073466666666667
1300000,48309,en,7.605291,['Empire Pictures'],['United States of America'],1988-03-04,354704,102.0,['English'],Released,Prison,6.7,27,1988,3,-945296,0.2728492307692308
9500000,44945,en,21.230737,"['Nu Image Films', 'Millennium Films', 'Dark Harbor Stories']",['United States of America'],2010-09-10,120000,104.0,['English'],Released,Trust,6.6,307,2010,9,-9380000,0.01263157894736842
16000000,111190,en,18.790221,"['Gaumont', 'Ciné@', 'Canal+', 'Screen Australia', 'Screen NSW', 'France Télévisions', 'France 2 Cinéma', 'Hopscotch Features', 'Mon Voisin Productions']","['France', 'Australia']",2013-04-03,318982,100.0,['English'],Released,Adore,6.1,291,2013,4,-15681018,0.019936375
4000000,54580,es,3.663108,"['Vía Digital', 'Eurimages', 'Continental Producciones', 'Instituto de la Cinematografía y de las Artes Audiovisuales (ICAA)', 'Televisión de Galicia (TVG) S.A.', 'Antena 3 Televisión', 'Sogepaq', 'Elías Querejeta Producciones Cinematográficas S.L.', 'Mediapro', 'Quo Vadis Cinéma', 'Eyescreen S.r.l.']","['Spain', 'France', 'Italy']",2002-09-27,146402,113.0,"['Español', 'Deutsch']",Released,Mondays in the Sun,7.1,36,2002,9,-3853598,0.0366005
650000,52015,en,12.496261,"['Glass Eye Pix', 'Belladonna Productions', 'Off Hollywood Pictures']",['United States of America'],2010-09-30,33245,98.0,['English'],Released,Stake Land,6.2,285,2010,9,-616755,0.05114615384615385
4000000,60422,en,3.238466,['Filmula'],['United States of America'],2011-11-18,355688,119.0,"['English', 'Français', 'Deutsch']",Released,Another Happy Day,6.2,37,2011,11,-3644312,0.088922
4000000,81390,en,8.30723,"['Carnaby International', 'Molinare Studios', 'Eigerwand Pictures']",['United Kingdom'],2011-04-09,25345000,99.0,"['English', 'Italiano']",Released,A Lonely Place to Die,6.2,157,2011,4,21345000,6.33625
3950000,22301,en,8.484123,['The Caddo Company'],['United States of America'],1930-11-15,8000000,127.0,"['Français', 'English', 'Deutsch']",Released,Hell's Angels,6.1,19,1930,11,4050000,2.0253164556962027
3900000,874,en,9.541688,"['Columbia Pictures Corporation', 'Highland Films']",['United Kingdom'],1966-12-12,28350000,120.0,"['English', 'Français', 'Latin', 'Español']",Released,A Man for All Seasons,7.5,89,1966,12,24450000,7.269230769230769
3800000,10774,en,17.234745,"['United Artists', 'Metro-Goldwyn-Mayer (MGM)']",['United States of America'],1976-11-01,23689877,121.0,"['English', 'Deutsch']",Released,Network,7.7,381,1976,11,19889877,6.234178157894737
4000000,770,en,48.98255,"['Selznick International Pictures', 'Metro-Goldwyn-Mayer (MGM)']",['United States of America'],1939-12-15,400176459,238.0,['English'],Released,Gone with the Wind,7.7,970,1939,12,396176459,100.04411475
3800000,29715,en,3.490215,"['Columbia Pictures Corporation', 'Jerry Bresler Productions']",['United States of America'],1965-04-07,14873,123.0,"['English', 'Français', 'Español']",Released,Major Dundee,6.2,38,1965,4,-3785127,0.003913947368421052
3768785,25209,en,1.726175,['Metro-Goldwyn-Mayer (MGM)'],['United States of America'],1950-05-17,8000000,107.0,['English'],Released,Annie Get Your Gun,7.3,22,1950,5,4231215,2.122700021359669
967686,37495,en,20.544999,"['Film4', 'Drafthouse Films', 'Warp Films', 'Wild Bunch Distribution']",['United Kingdom'],2010-05-07,4270000,101.0,"['العربية', 'English', 'اردو']",Released,Four Lions,7.0,423,2010,5,3302314,4.412588380941751
3500000,34769,en,8.45342,"['Alliance Films', 'Darius Films', 'Insight Film Releasing']","['Canada', 'United Kingdom', 'United States of America']",2009-09-12,44462,101.0,['English'],Released,Defendor,6.5,195,2009,9,-3455538,0.012703428571428572
3700000,35032,en,0.90522,['Metro-Goldwyn-Mayer (MGM)'],['United States of America'],1948-06-11,2956000,102.0,['English'],Released,The Pirate,6.6,17,1948,6,-744000,0.798918918918919
4000000,8618,en,3.771652,"['DNA Films', 'BBC Films', 'UK Film Council']",['United Kingdom'],2006-10-02,13401952,109.0,['English'],Released,The History Boys,6.6,66,2006,10,9401952,3.350488
3600000,3116,en,21.119209,"['United Artists', 'Florin Productions', 'Jerome Hellman Productions']",['United States of America'],1969-05-25,44785053,113.0,"['English', 'Italiano']",Released,Midnight Cowboy,7.4,299,1969,5,41185053,12.4402925
3500000,9427,en,17.002623,"['Channel Four Films', 'Twentieth Century Fox Film Corporation', 'Redwave Films']",['United Kingdom'],1997-08-13,257850122,91.0,['English'],Released,The Full Monty,6.8,363,1997,8,254350122,73.67146342857143
3500000,813,en,46.116885,['Paramount Pictures'],['United States of America'],1980-07-02,83453539,88.0,['English'],Released,Airplane!,7.1,1074,1980,7,79953539,23.843868285714287
3500000,10634,en,25.5748,['New Line Cinema'],['United States of America'],1995-04-26,28215918,91.0,['English'],Released,Friday,7.0,503,1995,4,24715918,8.061690857142857
3500000,9516,en,3.418871,['New Line Cinema'],['United States of America'],1993-05-26,27900000,97.0,['English'],Released,Menace II Society,7.2,173,1993,5,24400000,7.9714285714285715
3500000,16288,en,10.729884,"['New World Pictures', 'Laurel Entertainment Inc.']",['United States of America'],1987-05-01,14000000,92.0,['English'],Released,Creepshow 2,5.9,129,1987,5,10500000,4.0
3716946,23330,en,2.676535,['Warner Bros.'],['United States of America'],1970-05-13,5000000,121.0,['English'],Released,The Ballad of Cable Hogue,6.9,47,1970,5,1283054,1.3451903794136368
3500000,18900,en,7.821438,"['Columbia Pictures Corporation', 'Pax Enterprises']",['United States of America'],1967-12-14,13007551,134.0,['English'],Released,In Cold Blood,7.4,82,1967,12,9507551,3.716443142857143
3500000,27029,en,3.281509,['Warner Bros.'],['United States of America'],1959-06-18,12800000,149.0,['English'],Released,The Nun's Story,7.4,46,1959,6,9300000,3.657142857142857
3500000,26268,en,2.938973,['Warner Bros.'],['United States of America'],1966-02-23,12000000,121.0,['English'],Released,Harper,6.2,35,1966,2,8500000,3.4285714285714284
3500000,573,en,10.219942,['Universal Pictures'],['United Kingdom'],1972-05-25,12600000,116.0,['English'],Released,Frenzy,7.1,158,1972,5,9100000,3.6
3500000,310131,en,50.319662,"['Parts and Labor', 'RT Features', 'Rooks Nest Entertainment', 'Maiden Voyage Pictures', 'Pulse Films', 'Scythia Films', 'Code Red Productions', 'Mott Street Pictures', 'Very Special Projects']","['Canada', 'United States of America']",2016-02-19,40423945,92.0,['English'],Released,The Witch,6.3,1434,2016,2,36923945,11.549698571428571
3500000,11363,en,8.406025,['Fox Searchlight Pictures'],['United States of America'],1996-08-26,9482579,96.0,"['English', 'Français']",Released,She's the One,5.7,70,1996,8,5982579,2.7093082857142856
10000000,3033,en,5.588652,"['Lions Gate Films', 'Flashpoint (I)', 'Showtime Networks']","['United Kingdom', 'United States of America']",1998-01-21,6451628,105.0,"['English', 'Magyar']",Released,Gods and Monsters,6.8,81,1998,1,-3548372,0.6451628
2000000,25376,es,25.894065,"['100 Bares', 'Haddock Films S.R.L.', 'Instituto Nacional de Cine y Artes Audiovisuales (INCAA)', 'Televisión Española (TVE)', 'Tornasol Films', 'Canal+ España', 'Ministerio de Cultura', 'Instituto de Crédito Oficial (ICO)', 'Televisión Federal (Telefe)']","['Argentina', 'Spain']",2009-08-13,33965843,129.0,['Español'],Released,The Secret in Their Eyes,7.8,626,2009,8,31965843,16.9829215
3600000,765,en,35.674774,"['Renaissance Films', 'Rosebud Productions']",['United States of America'],1987-03-13,5923044,84.0,['English'],Released,Evil Dead II,7.6,742,1987,3,2323044,1.64529
3500000,46146,nb,12.982319,"['Filmkameratene A/S', 'Film Fund FUZZ', 'SF Norge A/S']",['Norway'],2010-10-29,4159678,103.0,['Norsk'],Released,Troll Hunter,6.7,583,2010,10,659678,1.1884794285714286
3500000,14256,en,3.643608,"['Yari Film Group', 'Stratus Film Co.']",['United States of America'],2006-02-07,113783,98.0,['English'],Released,Winter Passing,6.7,28,2006,2,-3386217,0.03250942857142857
3400000,12535,en,5.690619,"['Twentieth Century Fox Film Corporation', 'Crossbow Productions']",['United States of America'],1977-12-25,31063038,94.0,"['English', 'Magyar']",Released,High Anxiety,6.5,84,1977,12,27663038,9.136187647058824
8000000,1667,fr,17.537154,"['Wild Bunch', 'Canal+', 'Buena Vista International Film Production France', 'Alliance de Production Cinematographique (APC)', ""L'Institut Polare Français Paul-Émile Victor"", 'National Geographic Films', 'Bonne Pioche']",['France'],2005-01-26,127392239,80.0,"['Français', 'English']",Released,March of the Penguins,6.9,358,2005,1,119392239,15.924029875
3500000,50839,en,26.259389,"['Benaroya Pictures', 'Before the Door Pictures', 'Washington Square Films', 'Untitled Entertainment']",['United States of America'],2011-09-28,19504039,107.0,['English'],Released,Margin Call,6.7,524,2011,9,16004039,5.572582571428572
3000000,13973,en,11.637458,"['Fox Searchlight Pictures', 'Contrafilm', 'ATO Pictures', 'Aramid Entertainment Fund', 'Dune Entertainment III', 'Choke Film']",['United States of America'],2008-09-26,3830137,92.0,['English'],Released,Choke,6.0,127,2008,9,830137,1.2767123333333332
3300000,244786,en,192.528841,"['Bold Films', 'Blumhouse Productions', 'Right of Way Films']",['United States of America'],2014-10-10,13092000,105.0,['English'],Released,Whiplash,8.3,4254,2014,10,9792000,3.9672727272727273
3300000,598,pt,44.356711,"['O2 Filmes', 'VideoFilmes', 'Wild Bunch', 'Globo filmes', 'Lumiere', 'Hank Levine Film', 'Lereby Productions']","['Brazil', 'France']",2002-02-05,30641770,130.0,['Português'],Released,City of God,8.1,1814,2002,2,27341770,9.28538484848485
600000,11129,en,4.859873,['Irish Screen'],"['United Kingdom', 'Ireland']",1999-06-04,4000000,99.0,['English'],Released,Human Traffic,6.8,97,1999,6,3400000,6.666666666666667
3800000,103663,da,21.826888,"['Zentropa Entertainments', 'Det Danske Filminstitut', 'Danmarks Radio (DR)', 'Eurimages', 'MEDIA Programme of the European Union', 'Sveriges Television (SVT)', 'Svenska Filminstitutet (SFI)', 'Nordisk Film- & TV-Fond', 'Film Väst']","['Denmark', 'Sweden']",2012-08-28,16800000,115.0,"['Dansk', 'Polski', 'English']",Released,The Hunt,7.9,927,2012,8,13000000,4.421052631578948
3300000,301748,en,2.964785,"['Magna Global Entertainment', 'Verdi Productions']",['United States of America'],2014-11-08,45000,96.0,['English'],Released,The Opposite Sex,4.1,9,2014,11,-3255000,0.013636363636363636
2000000,108346,en,0.11615,['Fox Entertainment Group'],"['United Kingdom', 'United States of America']",1999-10-29,7,92.0,['English'],Released,Dreaming of Joseph Lees,8.0,1,1999,10,-1999993,3.5e-06
3200000,805,en,26.180367,"['Paramount Pictures', 'William Castle Productions']",['United States of America'],1968-06-12,33395426,136.0,['English'],Released,Rosemary's Baby,7.5,863,1968,6,30195426,10.436070625
3200000,11697,en,11.735287,"['Paramount Pictures', 'John Ford Productions']",['United States of America'],1962-04-22,8000000,123.0,['English'],Released,The Man Who Shot Liberty Valance,7.4,265,1962,4,4800000,2.5
3200000,55347,en,11.933449,"['Parts and Labor', 'Olympus Pictures', 'Focus Features']",['United States of America'],2010-09-11,5332926,105.0,"['English', 'Français']",Released,Beginners,6.8,347,2010,9,2132926,1.666539375
2700000,8469,en,17.332585,"['Universal Pictures', 'Oregon Film Factory', 'Stage III Productions']",['United States of America'],1978-07-27,141000000,109.0,['English'],Released,Animal House,7.0,418,1978,7,138300000,52.22222222222222
2500000,658,en,47.812466,"['United Artists', 'Eon Productions', 'Danjaq']","['United Kingdom', 'United States of America']",1964-09-17,124881062,110.0,"['普通话', 'English', 'Español']",Released,Goldfinger,7.2,987,1964,9,122381062,49.9524248
3180000,1585,en,42.868495,"['RKO Radio Pictures', 'Liberty Films (II)']",['United States of America'],1946-12-20,9644124,130.0,['English'],Released,It's a Wonderful Life,8.0,1076,1946,12,6464124,3.032743396226415
4000000,627,en,63.513324,"['Miramax Films', 'Channel Four Films', 'Noel Gay Motion Picture Company', 'Figment Films', 'Film4']",['United Kingdom'],1996-02-23,16491080,93.0,['English'],Released,Trainspotting,7.8,2655,1996,2,12491080,4.12277
3000000,41436,en,22.789649,"['Paramount Pictures', 'Blumhouse Productions', 'Solana Films']",['United States of America'],2010-10-20,177512032,91.0,['English'],Released,Paranormal Activity 2,5.7,722,2010,10,174512032,59.17067733333333
4000000,1430,en,11.414843,"['Alliance Atlantis Communications', 'TiMe Film- und TV-Produktions GmbH', 'Vif Babelsberger Filmproduktion GmbH & Co. Zweite KG', 'Dog Eat Dog Films', 'Iconolatry Productions Inc.', 'Salter Street Films International', 'United Broadcasting Inc.']",['United States of America'],2002-10-09,35564473,120.0,['English'],Released,Bowling for Columbine,7.3,453,2002,10,31564473,8.89111825
3000000,10014,en,21.607228,"['New Line Cinema', 'Smart Egg Pictures']",['United States of America'],1985-10-31,29999213,87.0,['English'],Released,A Nightmare on Elm Street Part 2: Freddy's Revenge,5.7,361,1985,10,26999213,9.999737666666666
3000000,11257,en,7.961559,"['Goldcrest Films International', 'National Film Finance Corporation (NFFC)', 'Curzon Film Distributors']",['United Kingdom'],1985-12-13,20966644,117.0,"['English', 'Italiano']",Released,A Room with a View,6.9,156,1985,12,17966644,6.9888813333333335
3000000,158015,en,54.403033,"['Universal Pictures', 'Why Not Productions', 'Platinum Dunes', 'Blumhouse Productions', '20th Century Fox Russia']","['France', 'United States of America']",2013-05-31,89328627,86.0,['English'],Released,The Purge,6.0,2428,2013,5,86328627,29.776209
3000000,82507,en,41.045084,"['Alliance Films', 'Blumhouse Productions', 'IM Global', 'Automatik Entertainment', 'Possessed Pictures']",['United States of America'],2012-03-29,77712439,110.0,"['English', 'Português', 'Français', '']",Released,Sinister,6.7,1573,2012,3,74712439,25.904146333333333
3000000,20337,en,0.295226,[],['United States of America'],2002-08-01,19184015,113.0,['English'],Released,Martin Lawrence Live: Runteldat,5.0,1,2002,8,16184015,6.3946716666666665
3000000,261,en,16.553594,"['Avon Production', 'Metro-Goldwyn-Mayer (MGM)']",['United States of America'],1958-02-17,17570324,108.0,['English'],Released,Cat on a Hot Tin Roof,7.6,165,1958,2,14570324,5.8567746666666665
3000000,1685,en,24.393296,"['Twentieth Century Fox Film Corporation', 'APJAC Productions']",['United States of America'],1970-05-01,18999718,95.0,['English'],Released,Beneath the Planet of the Apes,6.2,361,1970,5,15999718,6.333239333333333
3000000,20737,en,11.241802,['Walt Disney Pictures'],"['Canada', 'United States of America']",1997-08-01,23144499,98.0,['English'],Released,Air Bud,5.3,106,1997,8,20144499,7.714833
16000000,10991,ja,9.18885,"['TV Tokyo', '4 Kids Entertainment', 'Nintendo', 'Pikachu Project', 'Oriental Light and Magic (OLM)', ""Kids' WB"", 'Pikachu Project 2001', 'Shoakuken']",['Japan'],2000-07-08,68411275,93.0,['English'],Released,Pokémon: Spell of the Unknown,5.9,137,2000,7,52411275,4.2757046875
3000000,10225,en,11.158167,['Paramount Pictures'],['United States of America'],1986-08-01,19472057,86.0,['English'],Released,Friday the 13th Part VI: Jason Lives,5.7,216,1986,8,16472057,6.490685666666667
3000000,826,en,23.109959,"['Columbia Pictures Corporation', 'Horizon Pictures (II)']","['United Kingdom', 'United States of America']",1957-10-02,33300000,161.0,"['日本語', 'ภาษาไทย', 'English']",Released,The Bridge on the River Kwai,7.7,542,1957,10,30300000,11.1
3000000,34086,en,1.586598,"['Touchstone Pictures', 'Silver Screen Partners IV']",['United States of America'],1990-04-27,15369573,100.0,['English'],Released,Spaced Invaders,4.7,25,1990,4,12369573,5.123191
2000000,5854,en,3.832858,['Universal Pictures'],['United States of America'],1976-04-09,7900000,121.0,['English'],Released,Family Plot,6.7,86,1976,4,5900000,3.95
3000000,284,en,22.889294,"['United Artists', 'The Mirisch Company']",['United States of America'],1960-06-15,25000000,125.0,['English'],Released,The Apartment,8.1,483,1960,6,22000000,8.333333333333334
3000000,10285,en,10.341982,"['New Line Cinema', 'Sean S. Cunningham Films']",['United States of America'],1993-08-13,15938065,87.0,['English'],Released,Jason Goes to Hell: The Final Friday,4.2,193,1993,8,12938065,5.312688333333333
3000000,5780,en,7.924982,['Universal Pictures'],['United States of America'],1966-07-13,13000000,128.0,"['English', 'Deutsch', 'Norsk', 'svenska']",Released,Torn Curtain,6.4,120,1966,7,10000000,4.333333333333333
3000000,292,en,1.697846,['Yari Film Group'],['United States of America'],2005-09-12,11718595,100.0,"['English', 'Deutsch']",Released,Dave Chappelle's Block Party,6.4,28,2005,9,8718595,3.906198333333333
3000000,22013,en,6.734965,['United Artists'],['United States of America'],1960-06-19,10400000,146.0,['English'],Released,Elmer Gantry,7.3,41,1960,6,7400000,3.466666666666667
3000000,821,en,13.338539,"['United Artists', 'Roxlom Films']","['Germany', 'United States of America']",1961-12-01,10000000,186.0,['English'],Released,Judgment at Nuremberg,7.6,155,1961,12,7000000,3.3333333333333335
3000000,3089,en,5.344815,"['United Artists', 'Monterey Productions', 'Charles K. Feldman Group']",['United States of America'],1948-08-26,9012000,133.0,"['English', 'Deutsch', 'Italiano', 'Español']",Released,Red River,7.3,82,1948,8,6012000,3.004
3000000,132344,en,23.299907,"['Castle Rock Entertainment', 'Detour Filmproduction', 'Faliro House Productions', 'Venture Forth']","['Greece', 'United States of America']",2013-04-05,11176469,108.0,"['English', 'ελληνικά', 'Français']",Released,Before Midnight,7.4,568,2013,4,8176469,3.725489666666667
3000000,15158,en,5.003615,"['Universal Pictures', 'Spacegate Productions', 'Starway International Inc.']",['United States of America'],1988-07-08,7282851,97.0,['English'],Released,Phantasm II,6.3,94,1988,7,4282851,2.427617
3000000,44634,en,0.019984,[],['United States of America'],2004-09-30,6804016,94.0,['English'],Released,Woman Thou Art Loosed,5.0,3,2004,9,3804016,2.2680053333333334
3800000,10557,en,3.667372,"['BBC', 'Assassin Films', 'Film4']",['United Kingdom'],1999-05-14,28200000,97.0,"['English', 'Pусский', 'اردو']",Released,East Is East,6.5,59,1999,5,24400000,7.421052631578948
3000000,28005,en,3.937939,"['Mirabai Films', 'NDF International']","['United Kingdom', 'India', 'United States of America', 'Japan', 'Germany']",1996-09-11,4109095,117.0,['English'],Released,Kama Sutra - A Tale of Love,5.7,35,1996,9,1109095,1.3696983333333332
3000000,252,en,23.981601,"['Paramount Pictures', 'David L. Wolper Productions']",['United States of America'],1971-06-29,4000000,100.0,"['English', 'Français', 'Deutsch']",Released,Willy Wonka & the Chocolate Factory,7.4,798,1971,6,1000000,1.3333333333333333
3000000,18892,en,4.337685,"['TriStar Pictures', 'Crossroads Films', 'Kramer-Tornell Productions']",['United States of America'],1999-01-30,3076820,87.0,['English'],Released,Jawbreaker,5.9,90,1999,1,76820,1.0256066666666668
2962051,549,en,3.636634,"['Miramax', 'Eleventh Street Production', 'Jon Kilik']",['United States of America'],1996-08-09,3011195,108.0,"['English', 'Español']",Released,Basquiat,6.6,94,1996,8,49144,1.016591206565991
3000000,868,af,2.504169,"['Movieworld Productions', 'Industrial Development Corporation of South Africa', 'UK Film & TV Production Company', 'National Film & Video Foundation of South Africa']",['South Africa'],2005-08-18,9879971,94.0,"['Afrikaans', '', 'isiZulu']",Released,Tsotsi,6.9,94,2005,8,6879971,3.2933236666666668
3000000,10683,en,10.757539,"['Killer Films', 'Good Machine']",['United States of America'],1998-10-16,2807390,139.0,"['English', 'Pусский']",Released,Happiness,7.4,194,1998,10,-192610,0.9357966666666667
2800000,246403,en,15.754614,"['Phase 4 Films', 'Demarest Films', 'SModcast Pictures', 'A24']",['United States of America'],2014-09-19,1826705,102.0,['English'],Released,Tusk,5.1,366,2014,9,-973295,0.6523946428571429
3000000,670,ko,56.76349,"['Egg Films', 'Show East']",['South Korea'],2003-01-01,14980005,120.0,['한국어/조선말'],Released,Oldboy,8.0,1945,2003,1,11980005,4.993335
3000000,49010,en,16.900433,"['Rhombus Media', 'Yer Dead Productions', 'Telefilm Canada', 'Whizbang Films']","['United States of America', 'Canada']",2011-05-06,748453,86.0,['English'],Released,Hobo with a Shotgun,5.7,211,2011,5,-2251547,0.24948433333333334
3000000,24469,en,12.68672,"['BBC Films', 'Kasander Film Company', 'ContentFilm', 'UK Film Council']","['United Kingdom', 'Netherlands']",2009-05-14,2357852,123.0,['English'],Released,Fish Tank,6.9,250,2009,5,-642148,0.7859506666666667
3000000,84174,en,20.95282,"['Gary Sanchez Productions', 'BCDF Pictures']",['United States of America'],2012-08-06,11947954,87.0,['English'],Released,Bachelorette,5.3,444,2012,8,8947954,3.9826513333333335
3000000,38541,en,11.882563,"['Instinctive Film', 'Manitoba Film and Video Production Tax Credit', 'Preferred Content', 'Julijette', 'Ink Connection', 'BR Group', 'Manitoba Film & Music']","['Canada', 'Germany', 'United States of America']",2011-03-13,22000,112.0,['English'],Released,The Divide,5.7,197,2011,3,-2978000,0.007333333333333333
3000000,234212,en,12.564554,"['Icon Entertainment International', 'Dimension Films', 'First Point Entertainment', 'IM Global']","['United Kingdom', 'United States of America']",2015-02-12,3387000,83.0,['English'],Released,Demonic,4.9,148,2015,2,387000,1.129
2500000,26039,en,5.164423,"['Metro-Goldwyn-Mayer (MGM)', 'Winkler Films']",['United States of America'],1967-08-30,3200000,92.0,['English'],Released,Point Blank,7.1,95,1967,8,700000,1.28
2900000,666,pt,5.928937,"['MACT Productions', 'Videofilms', 'Riofilm']",['Brazil'],1998-01-16,5596708,113.0,['Português'],Released,Central Station,7.6,126,1998,1,2696708,1.9298993103448276
2900000,248,en,3.370225,['Franton Production'],['United States of America'],1961-12-18,5000000,136.0,"['English', 'Español']",Released,Pocketful of Miracles,7.3,25,1961,12,2100000,1.7241379310344827
3000000,43942,en,1.781462,"['Chad Troutwine Films', 'Green Film Company', 'Human Worldwide', 'Loki Films']",['United States of America'],2010-10-01,103735,93.0,['English'],Released,Freakonomics,6.6,36,2010,10,-2896265,0.034578333333333336
8000000,10476,en,6.39503,['MTV Films'],['United States of America'],2005-07-22,23563727,116.0,['English'],Released,Hustle & Flow,6.9,99,2005,7,15563727,2.945465875
2883848,239,en,39.30982,"['The Mirisch Corporation', 'Ashton Productions']",['United States of America'],1959-03-18,25000000,122.0,['English'],Released,Some Like It Hot,8.0,808,1959,3,22116152,8.668972844615944
2800000,10281,en,9.070842,['Paramount Pictures'],['United States of America'],1988-05-13,19170001,88.0,['English'],Released,Friday the 13th Part VII: The New Blood,5.3,192,1988,5,16370001,6.846428928571428
2777000,630,en,67.417542,"[""Loew's Incorporated""]",['United States of America'],1939-08-15,33754967,102.0,['English'],Released,The Wizard of Oz,7.4,1642,1939,8,30977967,12.15519157364062
2800000,3034,en,36.444894,"['Twentieth Century Fox Film Corporation', 'Crossbow Productions', 'Gruskoff/Venture Films', 'Jouer Limited']",['United States of America'],1974-12-15,86273333,106.0,"['English', 'Deutsch']",Released,Young Frankenstein,7.7,854,1974,12,83473333,30.811904642857144
2000000,13025,en,15.351412,['Artfire Films'],['United States of America'],2007-09-08,5364858,95.0,['English'],Released,Diary of the Dead,5.4,190,2007,9,3364858,2.682429
2700000,17264,en,11.35972,['United Artists'],['United States of America'],1979-10-17,37799643,118.0,"['العربية', 'English', 'Italiano']",Released,The Black Stallion,7.0,59,1979,10,35099643,13.999867777777778
2686000,15875,en,1.897263,['Paramount Pictures'],['United States of America'],1963-06-12,6600000,109.0,"['English', 'Français']",Released,Donovan's Reef,6.0,30,1963,6,3914000,2.4571854058078926
2627000,43306,en,0.531444,['Metro-Goldwyn-Mayer (MGM)'],['United States of America'],1944-03-01,5363000,120.0,['English'],Released,A Guy Named Joe,6.0,8,1944,3,2736000,2.041492196421774
2600000,11072,en,22.793929,"['Crossbow Productions', 'Warner Bros.']",['United States of America'],1974-02-07,119500000,93.0,"['English', 'Deutsch', '']",Released,Blazing Saddles,7.2,609,1974,2,116900000,45.96153846153846
2600000,9730,en,14.013414,"['Paramount Pictures', 'Friday Four, Inc.']",['United States of America'],1984-04-13,32980880,91.0,"['English', 'Español']",Released,Friday the 13th: The Final Chapter,5.9,237,1984,4,30380880,12.684953846153846
2159280,209274,pl,13.265432,"['Danish Film Institute', 'Portobello Pictures', 'Eurimages', 'Canal+ Polska', 'Opus Film', 'Polski Instytut Sztuki Filmowej', 'Phoenix Film Investments', 'City of Lodz', 'Phoenix Film Poland']","['Denmark', 'France', 'Poland', 'United Kingdom']",2013-10-25,10700000,80.0,['Polski'],Released,Ida,7.1,260,2013,10,8540720,4.955355488866659
2600000,291,en,0.895946,[],"['France', 'United States of America']",2004-07-09,3166000,105.0,['English'],Released,Riding Giants,7.6,23,2004,7,566000,1.2176923076923076
2600000,14139,es,19.02965,"['Arsénico Producciones', 'Zip Films', 'Fine Productions', 'Karbo Vantas Entertainment']",['Spain'],2007-09-20,553198,92.0,['Español'],Released,Timecrimes,7.0,308,2007,9,-2046802,0.21276846153846155
2540800,872,en,36.556954,['Metro-Goldwyn-Mayer (MGM)'],['United States of America'],1952-04-10,7200000,103.0,['English'],Released,Singin' in the Rain,7.8,727,1952,4,4659200,2.8337531486146097
2500000,139038,en,18.661541,"['Endgame Entertainment', 'Wayans Bros. Entertainment', 'IM Global', 'Open Road Films']",['United States of America'],2013-01-11,60141683,86.0,['English'],Released,A Haunted House,5.4,516,2013,1,57641683,24.0566732
2500000,126509,en,0.973582,[],['United States of America'],2012-07-13,33400000,87.0,['English'],Released,2016: Obama's America,4.6,19,2012,7,30900000,13.36
2500000,10676,en,12.030456,['Universal Pictures'],['United States of America'],1982-10-22,14400000,98.0,['English'],Released,Halloween III: Season of the Witch,5.0,229,1982,10,11900000,5.76
2500000,1687,en,18.30961,"['Twentieth Century Fox Film Corporation', 'APJAC Productions']",['United States of America'],1971-05-20,12348905,98.0,['English'],Released,Escape from the Planet of the Apes,6.3,264,1971,5,9848905,4.939562
2500000,24748,en,6.82919,['Paramount Pictures'],['United States of America'],1963-05-29,10000000,112.0,['English'],Released,Hud,7.5,66,1963,5,7500000,4.0
2500000,401,en,30.583959,"['Fox Searchlight Pictures', 'Double Feature Films', 'Jersey Films', 'Camelot Pictures', ""Large's Ark Productions""]",['United States of America'],2004-07-28,26781723,102.0,['English'],Released,Garden State,7.1,618,2004,7,24281723,10.7126892
2500000,76,en,23.672571,['Detour Film Production'],"['Austria', 'Switzerland', 'United States of America']",1995-01-27,5535405,105.0,"['English', 'Deutsch', 'Français']",Released,Before Sunrise,7.7,959,1995,1,3035405,2.214162
2500000,84329,en,23.419061,"['Samuel Goldwyn Films', 'Stage 6 Films', 'Park Pictures', 'TBB', 'Dog Run Pictures', 'White Hat']",['United States of America'],2012-08-16,3325038,85.0,['English'],Released,Robot & Frank,6.8,450,2012,8,825038,1.3300152
2500000,157386,en,25.722747,"['21 Laps Entertainment', 'Andrew Lauren Productions (ALP)', 'Global Produce', 'A24']",['United States of America'],2013-08-02,6854611,95.0,['English'],Released,The Spectacular Now,6.8,1048,2013,8,4354611,2.7418444
2500000,46849,en,0.301884,"['Gold/Miller Productions', '120dB Films', 'Paradise Productions', 'Quantum Entertainment', 'MovieBank', 'Galaxy Productions']",['United States of America'],2007-08-24,71904,100.0,['English'],Released,Eye of the Dolphin,7.1,7,2007,8,-2428096,0.0287616
2500000,20764,en,4.624691,['Likely Story'],"['Mexico', 'United States of America']",2008-12-10,107559,90.0,"['English', 'Español']",Released,Sleep Dealer,6.0,40,2008,12,-2392441,0.0430236
2500000,45132,en,12.204569,"['This Is That Productions', 'Ambush Entertainment', 'Crimson Bolt']",['United States of America'],2010-09-09,324138,96.0,['English'],Released,Super,6.6,441,2010,9,-2175862,0.1296552
2400000,49471,en,4.623059,"['Columbia Pictures', '40 Acres & A Mule Filmworks']",['United States of America'],1996-10-16,5731103,120.0,['English'],Released,Get on the Bus,7.0,11,1996,10,3331103,2.387959583333333
30000000,7512,en,27.940093,"['Twentieth Century Fox Film Corporation', 'Ternion Pictures']",['United States of America'],2006-09-01,495303,84.0,['English'],Released,Idiocracy,6.3,664,2006,9,-29504697,0.0165101
2380000,11798,en,8.395624,"['EM Media', 'UK Film Council', 'Screen Yorkshire', 'Big Arty Productions']",['United Kingdom'],2006-09-12,8176544,101.0,['English'],Released,This Is England,7.4,363,2006,9,5796544,3.43552268907563
2361000,43546,en,0.628051,['Metro-Goldwyn-Mayer (MGM)'],['United States of America'],1944-07-01,6892000,101.0,"['English', 'Español', 'Français']",Released,Bathing Beauty,7.0,4,1944,7,4531000,2.919102075391783
2300000,17820,en,1.606314,['Metro-Goldwyn-Mayer (MGM)'],['United States of America'],1951-07-13,11000000,107.0,['English'],Released,Show Boat,6.9,18,1951,7,8700000,4.782608695652174
2280000,756,en,32.875469,['Walt Disney Pictures'],['United States of America'],1940-11-13,83320000,124.0,['English'],Released,Fantasia,7.2,808,1940,11,81040000,36.54385964912281
4000000,9728,en,14.206525,"['Paramount Pictures', 'Jason Productions']",['United States of America'],1982-08-13,36690067,95.0,['English'],Released,Friday the 13th Part III,5.7,254,1982,8,32690067,9.17251675
2200000,9731,en,12.639469,"['Paramount Pictures', 'Georgetown Productions Inc.']",['United States of America'],1985-03-22,21930418,92.0,['English'],Released,Friday the 13th: A New Beginning,5.1,196,1985,3,19730418,9.968371818181819
2160000,43610,en,0.1813,['Metro-Goldwyn-Mayer (MGM)'],['United States of America'],1945-06-01,9132000,119.0,['English'],Released,The Valley of Decision,5.8,4,1945,6,6972000,4.227777777777778
2100000,887,en,8.38717,"['Samuel Goldwyn Company, The']",['United States of America'],1946-12-25,23650000,172.0,['English'],Released,The Best Years of Our Lives,7.6,143,1946,12,21550000,11.261904761904763
2100000,364083,en,0.039007,['Industrial House Films'],['United States of America'],2015-10-16,3330,126.0,"['Español', 'English']",Released,Mi America,0.0,0,2015,10,-2096670,0.0015857142857142858
1500000,8329,es,31.691617,['Filmax'],['Spain'],2007-04-10,30448000,78.0,"['日本語', 'Español']",Released,[REC],7.1,934,2007,4,28948000,20.298666666666666
2000000,657,en,41.298723,"['United Artists', 'Eon Productions', 'Danjaq']",['United Kingdom'],1963-10-11,78898765,115.0,"['English', 'Pусский', 'Türkçe', 'Română']",Released,From Russia with Love,6.9,760,1963,10,76898765,39.4493825
2000000,11561,en,10.664202,['Rollins-Joffe Productions'],['United States of America'],1973-12-17,18344729,89.0,"['English', '']",Released,Sleeper,7.0,200,1973,12,16344729,9.1723645
2000000,270303,en,100.876794,"['Northern Lights Films', 'Animal Kingdom', 'Two Flints']",['United States of America'],2015-02-04,14674076,100.0,['English'],Released,It Follows,6.6,1832,2015,2,12674076,7.337038
2000000,11624,en,13.223111,['United Artists'],['United States of America'],1972-08-06,18016290,88.0,"['English', 'Italiano']",Released,Everything You Always Wanted to Know About Sex *But Were Afraid to Ask,6.6,215,1972,8,16016290,9.008145
2000000,595,en,22.139842,['Universal Pictures'],['United States of America'],1962-12-25,13129846,129.0,['English'],Released,To Kill a Mockingbird,8.0,657,1962,12,11129846,6.564923
2000000,8810,en,37.117362,['Kennedy Miller Productions'],['Australia'],1981-12-24,24600832,95.0,['English'],Released,Mad Max 2: The Road Warrior,7.3,957,1981,12,22600832,12.300416
2000000,226,en,15.557144,"['Fox Searchlight Pictures', 'The Independent Film Channel Productions', 'IFC Films', 'Killer Films', 'Hart-Sharp Entertainment']",['United States of America'],1999-09-02,11540607,118.0,['English'],Released,Boys Don't Cry,7.2,353,1999,9,9540607,5.7703035
2000000,92182,en,11.66632,"['Elle Driver', 'Tazora Films']","['France', 'United States of America']",2011-01-21,13101672,85.0,['English'],Released,Silent House,5.2,125,2011,1,11101672,6.550836
2000000,582,de,34.938177,"['Arte', 'Wiedemann & Berg Filmproduktion', 'Creado Film', 'Bayerischer Rundfunk (BR)']",['Germany'],2006-03-15,70000000,137.0,['Deutsch'],Released,The Lives of Others,7.9,958,2006,3,68000000,35.0
1000000,72213,en,5.961119,"['TriStar Pictures', 'Provident Films', 'Affirm Films', 'Sherwood Pictures', 'Alabama Production Group']",['United States of America'],2011-09-30,34522221,129.0,['English'],Released,Courageous,6.8,77,2011,9,33522221,34.522221
2000000,990,en,17.639478,"['Twentieth Century Fox Film Corporation', 'Rossen Films']",['United States of America'],1961-09-25,7600000,134.0,['English'],Released,The Hustler,7.6,240,1961,9,5600000,3.8
2000000,55604,en,1.867004,['Metro-Goldwyn-Mayer (MGM)'],['United States of America'],1940-08-30,9172000,119.0,['English'],Released,Boom Town,6.5,8,1940,8,7172000,4.586
8000000,9662,fr,13.944645,"['Sony Pictures Classics', 'Production Champion', 'Vivi Film']","['France', 'Belgium', 'Canada', 'United Kingdom']",2003-06-11,1477676,80.0,"['Français', 'Português']",Released,The Triplets of Belleville,7.3,231,2003,6,-6522324,0.1847095
2700000,80,en,14.799323,"['Castle Rock Entertainment', 'Detour Film Production', 'Warner Independent Pictures (WIP)']",['United States of America'],2004-02-10,15992615,80.0,"['English', 'Français']",Released,Before Sunset,7.6,718,2004,2,13292615,5.923190740740741
2000000,55,es,23.281616,"['Altavista Films', 'Zeta Film']",['Mexico'],2000-06-16,20908467,154.0,['Español'],Released,Amores perros,7.6,521,2000,6,18908467,10.4542335
2000000,11023,en,20.331593,"['Fox Searchlight Pictures', 'Sound for Film', 'Working Title Films', 'Antidote Films (I)']",['United States of America'],2003-08-20,4601043,100.0,"['English', 'Português', 'Español']",Released,Thirteen,6.7,339,2003,8,2601043,2.3005215
2000000,33667,en,5.381536,['Twentieth Century Fox Film Corporation'],['United States of America'],1947-11-11,7800000,118.0,['English'],Released,Gentleman's Agreement,6.8,47,1947,11,5800000,3.9
2000000,39013,en,20.834883,"['Anonymous Content', ""Winter's Bone Productions""]",['United States of America'],2010-06-11,13831503,100.0,['English'],Released,Winter's Bone,6.8,565,2010,6,11831503,6.9157515
2000000,43839,en,0.483974,['Twentieth Century Fox Film Corporation'],['United States of America'],1938-05-24,4000000,106.0,['English'],Released,Alexander's Ragtime Band,4.8,6,1938,5,2000000,2.0
2000000,44639,en,16.930914,"['Sony Pictures Classics', 'Sony Pictures Home Entertainment']",['United States of America'],2010-10-08,7871522,109.0,['English'],Released,Inside Job,7.7,286,2010,10,5871522,3.935761
6000000,301351,en,28.819424,['Working Title Films'],"['United Kingdom', 'United States of America', 'France']",2015-08-26,11122090,96.0,"['English', 'Italiano']",Released,We Are Your Friends,6.3,658,2015,8,5122090,1.8536816666666667
2000000,7873,en,12.999023,['The Weinstein Company'],['United States of America'],2005-09-11,5967038,120.0,"['English', 'Español', '한국어/조선말']",Released,Harsh Times,6.3,197,2005,9,3967038,2.983519
2000000,331190,en,6.728882,"['Itaca Films', 'BN Films', 'Brightside Entertainment', '1019 Entertainment', 'Yoruba Saxon Productions']",['United States of America'],2015-09-17,2801508,97.0,['English'],Released,Captive,5.6,92,2015,9,801508,1.400754
2000000,15186,en,1.95686,"['Miramax Films', 'Populist Pictures', 'Monophonic Inc.']",['United States of America'],2002-08-02,2506446,96.0,['English'],Released,Full Frontal,4.8,26,2002,8,506446,1.253223
2000000,1378,en,14.846001,"['Fortissimo Films', 'Process Productions', 'Q Television']",['United States of America'],2006-05-20,5179037,101.0,['English'],Released,Shortbus,6.3,140,2006,5,3179037,2.5895185
2000000,8885,he,14.08251,"[""Les Films d'Ici"", 'Bridgit Folman Film Gang', 'Razor Film Produktion']","['Israel', 'France', 'Germany']",2008-06-25,11125849,90.0,"['עִבְרִית', 'العربية', 'Deutsch', 'English']",Released,Waltz with Bashir,7.8,291,2008,6,9125849,5.5629245
2000000,48382,en,0.031947,[],[],2003-09-12,1672730,120.0,[],Released,"The Book of Mormon Movie, Volume 1: The Journey",5.0,2,2003,9,-327270,0.836365
2000000,12901,en,2.283796,[],[],2007-07-27,1431623,102.0,['English'],Released,No End in Sight,7.2,23,2007,7,-568377,0.7158115
2000000,250124,en,18.224326,"['Caviar Films', 'Cold Iron Pictures', 'Archer Gray']",['United States of America'],2015-08-07,1477002,98.0,['English'],Released,The Diary of a Teenage Girl,6.8,279,2015,8,-522998,0.738501
2000000,12228,en,3.980072,[],['United States of America'],2005-02-11,653621,92.0,['English'],Released,Inside Deep Throat,6.8,31,2005,2,-1346379,0.3268105
2000000,42889,en,3.125382,"['Gary Sanchez Productions', 'Principato-Young Entertainment']",['United States of America'],2010-09-10,563706,120.0,"['English', 'Français']",Released,The Virginity Hit,4.6,19,2010,9,-1436294,0.281853
2000000,10656,fr,5.261065,['Gaumont'],['France'],1985-04-10,390659,104.0,['Français'],Released,Subway,6.3,86,1985,4,-1609341,0.1953295
2000000,24746,en,1.892183,['HSX Films'],['United States of America'],1998-09-18,124494,91.0,['English'],Released,Six-String Samurai,5.8,36,1998,9,-1875506,0.062247
2000000,12109,en,3.911445,[],"['Canada', 'United Kingdom']",2004-09-12,120620,90.0,['English'],Released,It's All Gone Pete Tong,7.1,52,2004,9,-1879380,0.06031
3800000,27023,en,2.559806,[],['United States of America'],2009-06-10,111731,84.0,"['English', 'Italiano']",Released,Saint John of Las Vegas,5.9,18,2009,6,-3688269,0.029402894736842104
13500000,273899,en,5.16023,"['Centropolis Entertainment', ""Mel's Cite du Cinema""]",['United States of America'],2015-09-18,187674,129.0,['English'],Released,Stonewall,5.2,32,2015,9,-13312326,0.013901777777777779
7000000,20653,en,0.253595,"['Walt Disney Pictures', 'Yash Raj Films', 'Walt Disney Studios Motion Pictures', 'Disney World Cinema']","['India', 'United States of America']",2008-10-24,1100000,93.0,"['English', 'हिन्दी']",Released,Roadside Romeo,6.7,3,2008,10,-5900000,0.15714285714285714
2000000,28260,en,7.502934,['Ozla Productions'],['United States of America'],1993-10-01,54207,97.0,"['Český', 'English', 'Italiano']",Released,Return of the Living Dead 3,5.9,88,1993,10,-1945793,0.0271035
2000000,13075,en,4.261509,['Red Envelope Entertainment'],['United States of America'],2006-09-08,622806,96.0,['English'],Released,Sherrybaby,6.3,41,2006,9,-1377194,0.311403
100000,115210,en,7.447714,"['Bórd Scannán na hÉireann', 'Irish Film Board', 'Fantastic Films', 'MPI Media Group', 'Tailored Films', 'Solid Entertainment']",['Ireland'],2012-05-19,95000,86.0,['English'],Released,Stitches,5.5,92,2012,5,-5000,0.95
2000000,11302,en,5.941852,"['United Artists', 'Jack Rollins & Charles H. Joffe Productions']",['United States of America'],1971-04-28,11833696,82.0,"['', 'English']",Released,Bananas,6.7,165,1971,4,9833696,5.916848
1987650,26388,en,32.841229,"['Studio 37', 'Versus Entertainment', 'The Safran Company', 'Dark Trick Films']","['Spain', 'United States of America', 'France']",2010-09-24,19152480,94.0,['English'],Released,Buried,6.6,827,2010,9,17164830,9.635740698815184
1800000,38358,en,14.838986,"['Strike Entertainment', 'StudioCanal', 'Arcade Pictures']","['United States of America', 'France']",2010-08-27,67738090,87.0,['English'],Released,The Last Exorcism,5.6,328,2010,8,65938090,37.63227222222222
1800000,702,en,14.884756,"['Charles K. Feldman Group', 'Warner Bros.']",['United States of America'],1951-09-18,8000000,125.0,['English'],Released,A Streetcar Named Desire,7.6,281,1951,9,6200000,4.444444444444445
1800000,935,en,41.996783,"['Hawk Films', 'Columbia Pictures Corporation']","['United Kingdom', 'United States of America']",1964-01-29,9440272,95.0,['English'],Released,Dr. Strangelove or: How I Learned to Stop Worrying and Love the Bomb,8.0,1442,1964,1,7640272,5.244595555555556
1800000,84175,en,12.471239,"['Journeyman Pictures', 'Court 13 Pictures', 'Cinereach']",['United States of America'],2012-06-29,21107746,93.0,['English'],Released,Beasts of the Southern Wild,6.8,403,2012,6,19307746,11.726525555555556
1700000,1705,en,13.315383,"['Twentieth Century Fox Film Corporation', 'Apjac International']",['United States of America'],1973-06-15,8844595,93.0,['English'],Released,Battle for the Planet of the Apes,5.5,215,1973,6,7144595,5.2027029411764705
2000000,50875,en,1.699101,[],['United States of America'],2011-08-26,841733,109.0,['English'],Post Production,Higher Ground,5.3,14,2011,8,-1158267,0.4208665
1800000,4929,en,11.756943,['United Artists'],['United States of America'],1968-07-31,6800000,114.0,['English'],Released,Hang 'em High,6.7,192,1968,7,5000000,3.7777777777777777
1530000,104,de,27.36562,"['X-Filme Creative Pool', 'Westdeutscher Rundfunk (WDR)']",['Germany'],1998-08-20,7267585,81.0,"['Deutsch', 'English', '日本語']",Released,Run Lola Run,7.2,664,1998,8,5737585,4.750055555555556
500000,10894,en,8.650779,"['A Loopy Production LLC', '2 Loop Films']",['United States of America'],2002-01-13,150277,93.0,['English'],Released,May,6.3,152,2002,1,-349723,0.300554
1700000,1688,en,18.828683,"['Twentieth Century Fox Film Corporation', 'APJAC Productions']",['United States of America'],1972-06-29,9700000,88.0,['English'],Released,Conquest of the Planet of the Apes,6.1,236,1972,6,8000000,5.705882352941177
2000000,43947,en,26.281839,"['Anchor Bay Films', 'Cinetel Films', 'Family of the Year Productions']",['United States of America'],2010-06-17,572809,108.0,['English'],Released,I Spit on Your Grave,6.3,519,2010,6,-1427191,0.2864045
1700000,24066,en,2.079125,"['Miramax Films', 'Marked Entertainment']",['United States of America'],1999-12-03,1943649,98.0,['English'],Released,"Happy, Texas",5.5,39,1999,12,243649,1.1433229411764705
1000000,191714,hi,14.017809,['UTV Motion Pictures'],"['India', 'France', 'Germany']",2013-09-19,4235151,104.0,"['English', 'हिन्दी']",Released,The Lunchbox,7.3,221,2013,9,3235151,4.235151
1644736,34106,en,3.426314,['Columbia Pictures'],['United States of America'],1938-08-23,7433101,126.0,"['English', 'Pусский']",Released,You Can't Take It With You,7.2,79,1938,8,5788365,4.5193277218957935
1650000,11426,en,6.915201,['Columbia Pictures Corporation'],['United States of America'],1953-08-04,30500000,118.0,['English'],Released,From Here to Eternity,7.2,133,1953,8,28850000,18.484848484848484
1600000,13909,en,8.535178,['RKO Radio Pictures'],['United States of America'],1949-10-22,5400000,103.0,['English'],Released,She Wore a Yellow Ribbon,7.1,61,1949,10,3800000,3.375
1600000,592,en,20.810292,"['Paramount Pictures', 'The Coppola Company', 'The Directors Company']",['United States of America'],1974-04-07,4420000,113.0,['English'],Released,The Conversation,7.5,372,1974,4,2820000,2.7625
2000000,10758,en,9.67299,['Night and Day Pictures'],['United States of America'],2007-05-25,22179430,108.0,['English'],Released,Waitress,6.7,129,2007,5,20179430,11.089715
1500000,11690,en,17.49699,['Cannon Films'],['United States of America'],1988-02-26,11806119,92.0,['English'],Released,Bloodsport,6.6,363,1988,2,10306119,7.870746
1500000,3083,en,12.2624,['Columbia Pictures'],['United States of America'],1939-10-19,9600000,129.0,['English'],Released,Mr. Smith Goes to Washington,7.9,241,1939,10,8100000,6.4
1500000,9344,en,13.291991,['Miramax Films'],['United States of America'],1995-07-28,7412216,91.0,['English'],Released,Kids,6.8,279,1995,7,5912216,4.941477333333333
1500000,10707,en,13.788054,"['Destination Films', 'Samuel Goldwyn Films', 'Sony Pictures International']",['United States of America'],2005-10-05,11098131,81.0,"['English', 'Français']",Released,The Squid and the Whale,6.9,226,2005,10,9598131,7.398754
1000000,15647,en,3.990215,"['Fox Searchlight Pictures', 'Eden Wurmfeld Films', 'Cineric', 'Michael Alden Productions', 'Brad Zions Films']",['United States of America'],2001-04-21,10013424,97.0,['English'],Released,Kissing Jessica Stein,5.9,48,2001,4,9013424,10.013424
1500000,4174,en,11.145915,['Selznick International Pictures'],['United States of America'],1945-12-28,7000000,111.0,['English'],Released,Spellbound,7.3,160,1945,12,5500000,4.666666666666667
1500000,9464,en,10.009994,[],['United States of America'],1998-01-20,2375097,110.0,['English'],Released,Buffalo '66,7.1,166,1998,1,875097,1.583398
1500000,49018,en,58.594852,"['Alliance Films', 'IM Global', 'Stage 6 Films', 'Haunted Movies']","['United States of America', 'Canada']",2010-09-13,97009150,103.0,['English'],Released,Insidious,6.8,1737,2010,9,95509150,64.67276666666666
1500000,13820,en,11.35344,['Edge City'],['United States of America'],1984-02-20,2300000,92.0,['English'],Released,Repo Man,6.7,144,1984,2,800000,1.5333333333333334
1500000,17113,en,3.618646,"['Elevation Filmworks', 'Initial Entertainment Group (IEG)', 'IFC Productions', 'Jack and Rose Productions']",['United States of America'],2005-03-25,712294,111.0,['English'],Released,The Ballad of Jack and Rose,6.5,43,2005,3,-787706,0.47486266666666666
1500000,129139,en,15.017068,"['3 Arts Entertainment', 'The Mark Gordon Company']",['United States of America'],2013-07-24,3566225,104.0,['English'],Released,The To Do List,5.5,342,2013,7,2066225,2.377483333333333
1500000,507,en,5.817519,['Live Entertainment'],"['France', 'United States of America']",1993-10-01,418961,96.0,"['English', 'Français']",Released,Killing Zoe,6.1,111,1993,10,-1081039,0.27930733333333335
1500000,4012,en,9.856826,"['Fuller Films', 'Seven Arts Pictures']",['United States of America'],2001-01-19,416925,98.0,"['English', 'עִבְרִית', 'Magyar']",Released,The Believer,6.8,151,2001,1,-1083075,0.27795
1500000,10972,en,11.064228,"['October Films', 'USA Films', 'Scout Productions']",['United States of America'],2001-08-10,373967,100.0,['English'],Released,Session 9,6.2,251,2001,8,-1126033,0.24931133333333333
1,3082,en,28.27648,"['United Artists', 'Charles Chaplin Productions']",['United States of America'],1936-02-05,8500000,87.0,['English'],Released,Modern Times,8.1,856,1936,2,8499999,8500000.0
1500000,1961,en,7.5591,"['Dark Horse Entertainment', 'Image Entertainment']",['United States of America'],2007-10-01,173066,86.0,['English'],Released,My Name Is Bruce,5.9,107,2007,10,-1326934,0.11537733333333333
1500000,23963,en,4.680206,"['Ponty Up Pictures', 'Shadow Shows']",['Canada'],2009-03-06,32000,93.0,"['', 'English', 'Français']",Released,Pontypool,6.6,183,2009,3,-1468000,0.021333333333333333
1500000,104755,en,14.504326,"['Alliance Films', 'Blumhouse Productions', 'IM Global', 'Automatik Entertainment', 'Haunted Movies']","['Canada', 'United States of America', 'United Kingdom']",2012-09-10,1165882,101.0,['English'],Released,The Lords of Salem,5.1,242,2012,9,-334118,0.7772546666666666
1488423,408,en,80.171283,['Walt Disney Productions'],['United States of America'],1937-12-20,184925486,83.0,['English'],Released,Snow White and the Seven Dwarfs,6.9,1914,1937,12,183437063,124.24256142239135
1455000,39209,en,3.598457,"['Central Cinema Company Film', 'Palomar Pictures International', 'Kingston Film Productions Ltd.']","['United States of America', 'Germany']",1968-11-06,2620000,113.0,"['Deutsch', 'English', 'Español']",Released,Shalako,5.4,12,1968,11,1165000,1.8006872852233677
1350000,100,en,16.032594,"['Handmade Films Ltd.', 'Summit Entertainment', 'PolyGram Filmed Entertainment', 'SKA Films', 'The Steve Tisch Company']",['United Kingdom'],1998-03-05,3897569,105.0,['English'],Released,"Lock, Stock and Two Smoking Barrels",7.5,1648,1998,3,2547569,2.8870881481481483
1300000,25784,vi,0.072066,[],[],2006-02-22,639000,135.0,"['English', 'Tiếng Việt']",Released,Journey from the Fall,5.0,1,2006,2,-661000,0.49153846153846154
1288000,223,en,18.426825,['Selznick International Pictures'],['United States of America'],1940-04-12,6000000,130.0,"['English', 'Français']",Released,Rebecca,7.7,336,1940,4,4712000,4.658385093167702
1250000,9725,en,16.517777,"['Paramount Pictures', 'Georgetown Productions, Inc.']",['United States of America'],1981-05-01,21722776,87.0,['English'],Released,Friday the 13th Part 2,6.0,315,1981,5,20472776,17.3782208
1250000,28580,en,6.903314,['Paramount'],['United States of America'],1945-11-25,11000000,101.0,['English'],Released,The Lost Weekend,7.4,112,1945,11,9750000,8.8
1250000,23730,en,4.45544,"['New World Pictures', 'C.H.U.D. Productions']",['United States of America'],1984-08-31,3412497,88.0,['English'],Released,C.H.U.D.,5.3,62,1984,8,2162497,2.7299976
1250000,19997,en,9.903992,['Twentieth Century Fox Film Corporation'],['United States of America'],1953-01-21,8500000,92.0,['English'],Released,Niagara,6.7,79,1953,1,7250000,6.8
1250000,43266,en,7.70019,['Twentieth Century Fox Film Corporation'],['United States of America'],1941-10-28,6000000,118.0,"['English', 'Cymraeg']",Released,How Green Was My Valley,6.8,72,1941,10,4750000,4.8
1200000,176,en,63.655973,"['Lions Gate Films', 'Twisted Pictures', 'Evolution Entertainment', 'Saw Productions Inc.']",['United States of America'],2004-10-01,103911669,103.0,['English'],Released,Saw,7.2,2184,2004,10,102711669,86.5930575
3000000,39939,en,16.312803,"['Fox Searchlight Pictures', 'Broken Lizard Industries']",['United States of America'],2001-01-18,18492362,100.0,['English'],Released,Super Troopers,6.6,362,2001,1,15492362,6.164120666666666
1200000,11219,en,6.920873,"['Paramount Pictures', 'Alfred J. Hitchcock Productions']",['United States of America'],1955-10-03,7000000,99.0,['English'],Released,The Trouble with Harry,6.9,149,1955,10,5800000,5.833333333333333
1200000,176124,en,3.085411,"['Samuel Goldwyn', 'Provident Films']",['United States of America'],2013-04-19,2861020,114.0,"['English', 'Deutsch']",Released,Home Run,6.3,24,2013,4,1661020,2.3841833333333335
1200000,500,en,66.925866,"['Live Entertainment', 'Lionsgate', 'Dog Eat Dog Productions Inc.']",['United States of America'],1992-09-02,14661007,99.0,['English'],Released,Reservoir Dogs,8.0,3697,1992,9,13461007,12.217505833333334
1200000,429,it,88.377076,"['United Artists', 'Constantin Film Produktion', 'Produzioni Europee Associati (PEA)', 'Arturo González Producciones Cinematográficas S.A.']","['United States of America', 'Italy', 'Spain', 'Germany']",1966-12-23,6000000,161.0,['Italiano'],Released,"The Good, the Bad and the Ugly",8.1,2311,1966,12,4800000,5.0
900000,89750,en,0.097913,['National Film Board of Canada (NFB)'],"['United States of America', 'Canada']",2011-09-11,25000,97.0,['English'],Released,"Pink Ribbons, Inc.",6.8,6,2011,9,-875000,0.027777777777777776
1200000,43884,en,2.968235,['Warner Bros.'],['United States of America'],1936-10-20,2736000,115.0,['English'],Released,The Charge of the Light Brigade,6.8,18,1936,10,1536000,2.28
2600000,13064,en,8.001156,[],['United States of America'],1993-09-17,2850263,91.0,['English'],Released,Airborne,6.1,20,1993,9,250263,1.096255
3000000,7553,en,10.230583,"['L.I.F.T. Production', 'Eden Rock Media']",['United States of America'],2005-10-07,18637690,94.0,"['English', 'Pусский']",Released,Waiting...,6.2,237,2005,10,15637690,6.212563333333334
1100000,39895,en,1.220072,['Conquest Productions'],['United States of America'],1987-09-25,1400000,99.0,"['English', 'Deutsch']",Released,From a Whisper to a Scream,6.8,15,1987,9,300000,1.2727272727272727
1100000,94329,id,40.285095,"['Celluloid Dreams', 'Pt. Merantau Films', 'XYZ Films']","['Indonesia', 'United States of America', 'France']",2011-09-08,4105187,101.0,['Bahasa indonesia'],Released,The Raid,7.3,1055,2011,9,3005187,3.7319881818181817
878000,289,en,43.729123,['Warner Bros.'],['United States of America'],1942-11-26,10462500,102.0,"['Deutsch', 'Français', 'Italiano', 'English']",Released,Casablanca,7.9,1422,1942,11,9584500,11.916287015945331
1000000,1366,en,72.19808,['United Artists'],['United States of America'],1976-11-21,117235147,119.0,['English'],Released,Rocky,7.5,1791,1976,11,116235147,117.235147
1000000,5769,en,2.833166,['Woodfall Film Productions'],['United Kingdom'],1963-10-06,37600000,128.0,['English'],Released,Tom Jones,6.1,39,1963,10,36600000,37.6
1000000,277685,en,41.972329,"['Bazelevs Production', 'Blumhouse Productions']",['United States of America'],2015-04-17,62882090,82.0,['English'],Released,Unfriended,5.5,1047,2015,4,61882090,62.88209
1300000,103,en,58.845025,"['Columbia Pictures Corporation', 'Italo/Judeo Productions', 'Bill/Phillips']",['United States of America'],1976-02-07,28262574,114.0,"['English', 'Español']",Released,Taxi Driver,8.0,2535,1976,2,26962574,21.74044153846154
1000000,11298,en,6.532855,"['AVCO Embassy Pictures', 'International Film Investors', 'Wescom Productions']",['United States of America'],1981-04-03,17985893,91.0,['English'],Released,The Howling,6.4,161,1981,4,16985893,17.985893
950000,646,en,48.901542,"['United Artists', 'Eon Productions']","['Jamaica', 'United Kingdom']",1962-10-04,59600000,110.0,"['English', 'Français']",Released,Dr. No,6.9,940,1962,10,58650000,62.73684210526316
1000000,9003,en,22.583834,"['New World Pictures', 'Cinemarque Entertainment BV', 'Film Futures', 'Rivdel Films']",['United Kingdom'],1987-09-11,14564027,94.0,['English'],Released,Hellraiser,6.9,449,1987,9,13564027,14.564027
5000000,347126,en,6.96858,['Pure Flix Productions'],['United States of America'],2016-04-01,23507567,121.0,['English'],Released,God's Not Dead 2,5.7,72,2016,4,18507567,4.7015134
1000000,10092,en,6.926926,['Universal Pictures'],['United States of America'],2005-09-16,10047674,90.0,"['English', 'Deutsch', 'Português']",Released,Cry_Wolf,5.6,126,2005,9,9047674,10.047674
1000000,10643,ja,3.322721,['Toho Film (Eiga) Co. Ltd.'],['Japan'],1999-12-11,10037390,107.0,['日本語'],Released,Godzilla 2000,5.9,43,1999,12,9037390,10.03739
3500000,46705,en,26.881611,"['Hunting Lane Films', 'Silverwood Films', 'Incentive Filmed Entertainment', 'Chrysler Corporation', 'Shade Pictures', 'Motel Movies', 'Cottage Industries']",['United States of America'],2010-12-27,16566240,112.0,['English'],Released,Blue Valentine,6.9,890,2010,12,13066240,4.733211428571429
1000000,546,en,9.773398,"['IFC Films', 'The Weinstein Company']",['United States of America'],2005-12-23,13350369,103.0,['English'],Released,Transamerica,6.9,144,2005,12,12350369,13.350369
1000000,76487,en,13.152822,"['Room 101', 'Prototype']",['United States of America'],2012-01-06,101758490,83.0,['English'],Released,The Devil Inside,4.6,262,2012,1,100758490,101.75849
2090000,5722,en,4.289003,['Twentieth Century Fox Film Corporation'],['United States of America'],1970-07-17,40000000,109.0,['English'],Released,Beyond the Valley of the Dolls,6.6,53,1970,7,37910000,19.138755980861244
1000000,39833,en,1.444258,['Twentieth Century Fox Film Corporation'],['United States of America'],1956-11-15,9000000,89.0,['English'],Released,Love Me Tender,5.5,21,1956,11,8000000,9.0
1000000,1781,en,14.139004,"['Lawrence Bender Productions', 'Paramount Classics', 'Participant Media']",['United States of America'],2006-01-24,46243000,100.0,['English'],Released,An Inconvenient Truth,6.7,251,2006,1,45243000,46.243
1000000,18712,en,3.851,['Republic Pictures (I)'],['United States of America'],1949-12-14,7800000,100.0,['English'],Released,Sands of Iwo Jima,6.2,33,1949,12,6800000,7.8
5000000,171424,en,17.845161,"['Worldview Entertainment', 'Dragonfly Entertainment', 'Sobras International Pictures', 'Top Hat Releasing', 'BH Tilt']","['Canada', 'Chile', 'United States of America']",2014-09-04,6833445,100.0,['English'],Released,The Green Inferno,5.0,349,2014,9,1833445,1.366689
1000000,113947,en,9.115486,"['Rhino Films', 'Such Much Films']",['United States of America'],2012-05-02,9138338,98.0,['English'],Released,The Sessions,6.6,179,2012,5,8138338,9.138338
1000000,32456,en,4.86805,['Fox Searchlight Pictures'],['United States of America'],1997-09-07,2057193,84.0,['English'],Released,Two Girls and a Guy,5.4,24,1997,9,1057193,2.057193
1000000,13508,en,5.323184,"['Electric Entertainment', 'Plinyminor', 'Papercut Films']",['United States of America'],2006-08-04,1678874,92.0,"['English', 'Français', 'Magyar']",Released,Who Killed the Electric Car?,7.2,59,2006,8,678874,1.678874
1000000,22597,en,3.424158,[],['United States of America'],2000-02-01,1744858,94.0,"['English', 'Français', 'Pусский']",Released,The Broken Hearts Club: A Romantic Comedy,6.3,25,2000,2,744858,1.744858
1000000,26791,en,0.280083,['Main Street Movie Company'],['United States of America'],2001-03-30,852206,119.0,['English'],Released,Brigham City,7.3,4,2001,3,-147794,0.852206
1000000,56666,hi,0.043023,[],['India'],2000-09-08,623791,170.0,"['हिन्दी', 'اردو']",Released,Fiza,6.1,7,2000,9,-376209,0.623791
1000000,46989,en,0.672695,[],[],2002-01-11,464000,92.0,['English'],Released,Blue Car,6.7,13,2002,1,-536000,0.464
1000000,123678,id,8.887411,"['Spring Films', 'Final Cut for Real', 'Piraya Film A/S', 'Novaya Zemlya']","['Denmark', 'Norway', 'United Kingdom']",2012-08-31,444575,115.0,"['English', 'Bahasa indonesia']",Released,The Act of Killing,7.5,210,2012,8,-555425,0.444575
1000000,13362,en,0.748565,['Jigsaw Productions'],['United Kingdom'],2007-04-30,274661,106.0,['English'],Released,Taxi to the Dark Side,6.6,53,2007,4,-725339,0.274661
1000000,18206,en,2.175696,"['The Weinstein Company', 'Pin Hole Productions LLC']",['United States of America'],2006-04-28,10018,78.0,"['English', 'Español']",Released,Alone With Her,6.2,20,2006,4,-989982,0.010018
1000000,13856,en,1.260314,['Rival Pictures'],['United States of America'],2006-01-30,7202,81.0,['English'],Released,Special,6.6,32,2006,1,-992798,0.007202
950000,29146,en,0.178689,"['ABC Pictures', 'Cinerama Releasing Corporation']",['United States of America'],1968-09-23,814666,103.0,['English'],Released,Charly,6.6,28,1968,9,-135334,0.8575431578947369
910000,654,en,16.015599,"['Columbia Pictures', 'Horizon Pictures']",['United States of America'],1954-06-22,9600000,108.0,['English'],Released,On the Waterfront,8.0,357,1954,6,8690000,10.54945054945055
930000,91070,en,5.974156,"['Stardust Pictures', 'Dot Dot Dot Productions']","['Canada', 'United States of America']",2011-06-18,30905,100.0,['English'],Released,L!fe Happens,5.3,66,2011,6,-899095,0.03323118279569892
852510,2009,ro,9.270133,"['Saga Film', 'Mobra Films', 'Mindshare Media', 'Centrul National al Cinematografiei (CNC)', 'McCann-Erickson', 'Televiziunea Romana (TVR1)', 'Hubert Bals Fund of the Rotterdam Festival, The']","['Belgium', 'Romania']",2007-08-24,1185783,113.0,['Română'],Released,"4 Months, 3 Weeks and 2 Days",7.3,156,2007,8,333273,1.3909314846746665
950000,2652,en,25.918007,['Vulcan Productions Inc.'],['United States of America'],2005-01-14,7022209,103.0,['English'],Released,Hard Candy,6.8,701,2005,1,6072209,7.391798947368421
900000,9813,en,4.0971,['Destination Films'],['United States of America'],2005-09-12,381420,96.0,['English'],Released,The Quiet,6.1,73,2005,9,-518580,0.4238
858000,3170,en,47.651878,['Walt Disney Productions'],['United States of America'],1942-08-14,267447150,70.0,['English'],Released,Bambi,6.8,1405,1942,8,266589150,311.709965034965
850000,15708,en,5.424916,['TLA Releasing'],['United States of America'],2003-07-10,819939,107.0,['English'],Released,Latter Days,6.7,56,2003,7,-30061,0.9646341176470589
850000,84200,en,14.238376,['AdScott Pictures'],['United States of America'],2012-08-31,1243961,85.0,['English'],Released,"For a Good Time, Call...",5.8,110,2012,8,393961,1.4634835294117647
800000,47889,en,0.59424,"['Ruby in Paradise', 'Full Crew/Say Yea']",['United States of America'],1993-10-08,1001437,114.0,['English'],Released,Ruby in Paradise,5.6,10,1993,10,201437,1.25179625
800000,25461,en,3.643662,[],['United States of America'],2002-05-16,2816116,88.0,"['English', 'Español']",Released,Raising Victor Vargas,7.8,13,2002,5,2016116,3.520145
800000,26899,en,5.292536,[],['United States of America'],2003-01-17,62852,94.0,['English'],Released,The Mudge Boy,7.3,23,2003,1,-737148,0.078565
800000,14451,no,11.205726,"['Euforia Film', 'FilmCamp', 'Miho Film', 'Barentsfilm', 'Yellow Bastard Production', 'News On Request (NOR)', 'Zwart Arbeid']",['Norway'],2009-01-09,1984662,91.0,['Norsk'],Released,Dead Snow,6.1,311,2009,1,1184662,2.4808275
777000,838,en,19.326115,"['Lucasfilm', 'Universal Pictures', 'The Coppola Company']",['United States of America'],1973-08-01,140000000,110.0,['English'],Released,American Graffiti,6.9,324,1973,8,139223000,180.18018018018017
750000,84332,en,25.186002,"['Duplass Brothers Productions', 'Big Beach Films']",['United States of America'],2012-06-08,4007792,85.0,['English'],Released,Safety Not Guaranteed,6.8,556,2012,6,3257792,5.343722666666666
500000,74725,en,12.203041,"['Rook Films', 'Warp X']",['United Kingdom'],2011-09-02,171760,95.0,"['svenska', 'English']",Released,Kill List,6.0,210,2011,9,-328240,0.34352
750000,58428,en,14.386807,"['Glass Eye Pix', 'Dark Sky Films']",['United States of America'],2011-12-01,78396,102.0,['English'],Released,The Innkeepers,5.4,219,2011,12,-671604,0.104528
730000,288,en,18.644023,"['United Artists', 'Stanley Kramer Productions']",['United States of America'],1952-03-27,8000000,85.0,['English'],Released,High Noon,7.6,334,1952,3,7270000,10.95890410958904
700000,14275,en,9.188431,"['Fine Line Features', 'Kartemquin Films']",['United States of America'],1994-09-12,7830611,171.0,['English'],Released,Hoop Dreams,7.7,87,1994,9,7130611,11.186587142857142
700000,18734,en,7.731064,[],['United States of America'],2001-01-20,1667192,97.0,['English'],Released,L.I.E.,6.7,31,2001,1,967192,2.3817028571428573
700000,7859,en,12.378031,"['Thinkfilm', 'Hunting Lane Films', 'Journeyman Pictures', 'Original Media', 'Silverwood Films', 'Traction Media']",['United States of America'],2006-08-11,4911725,107.0,['English'],Released,Half Nelson,6.5,240,2006,8,4211725,7.01675
700000,302579,en,0.578798,['Red-horse Native'],['United States of America'],1999-10-08,10508,107.0,['English'],Released,Naturally Native,0.0,0,1999,10,-689492,0.015011428571428571
609000,3080,en,3.898498,['RKO Radio Pictures'],['United States of America'],1935-09-06,3202000,101.0,"['English', 'Italiano']",Released,Top Hat,7.4,59,1935,9,2593000,5.257799671592775
60000,2667,en,41.690578,"['Artisan Entertainment', 'Haxan Films']",['United States of America'],1999-07-14,248000000,81.0,['English'],Released,The Blair Witch Project,6.3,1055,1999,7,247940000,4133.333333333333
600000,9459,en,3.409764,"['Wadleigh-Maurice', 'Warner Bros.']",['United States of America'],1970-03-26,34505110,225.0,['English'],Released,Woodstock,7.1,66,1970,3,33905110,57.508516666666665
560000,704,en,10.730056,"['Proscenium Films', 'Walter Shenson Films', 'Maljack Productions']",['United Kingdom'],1964-07-06,12299668,88.0,['English'],Released,A Hard Day's Night,7.3,168,1964,7,11739668,21.963692857142856
500000,14438,en,6.093989,"['Carmel Entertainment', 'Provident Films', 'Samuel Goldwyn Films', 'Affirm Films', 'Sherwood Pictures']",['United States of America'],2008-09-26,33456317,122.0,['English'],Released,Fireproof,7.0,100,2008,9,32956317,66.912634
130000,83,en,15.611857,['Plunge Pictures LLC'],['United States of America'],2004-08-06,54667954,79.0,['English'],Released,Open Water,5.4,315,2004,8,54537954,420.52272307692306
500000,30315,en,2.537032,['Arachnid Productions Ltd.'],['United States of America'],1977-08-24,17000000,97.0,['English'],Released,Kingdom of the Spiders,5.7,30,1977,8,16500000,34.0
500000,2056,en,11.578545,"['Next Wednesday Productions', 'SenArt Films']",['United States of America'],2003-01-26,8679814,88.0,['English'],Released,The Station Agent,7.4,210,2003,1,8179814,17.359628
2053648,14271,en,2.778633,"['Imagine Entertainment', 'Universal Pictures', 'Lionsgate']",['United States of America'],1999-10-22,500000,102.0,['English'],Released,Beyond the Mat,7.8,17,1999,10,-1553648,0.24346918264473755
500000,84401,en,0.109579,[],[],2012-02-24,845188,93.0,[],Released,Sholem Aleichem: Laughing In The Darkness,7.0,2,2012,2,345188,1.690376
500000,12281,en,8.519202,['Whitewater Films'],['United States of America'],2004-01-15,603943,90.0,['English'],Released,Mean Creek,6.9,106,2004,1,103943,1.207886
2000000,346,ja,39.756748,['Toho Company'],['Japan'],1954-04-26,271841,207.0,['日本語'],Released,Seven Samurai,8.2,878,1954,4,-1728159,0.1359205
500000,45649,en,9.108949,"['Canal+', 'Backup Films', 'Arte France', 'Arte France Cinéma', 'Elle Driver', '1.85 Films', 'Realitism Films', 'Sindika Dokolo']","['France', 'Angola']",2010-07-09,98017,85.0,['English'],Released,Rubber,5.7,251,2010,7,-401983,0.196034
500000,43933,en,26.406001,['Vertigo Entertainment'],['United Kingdom'],2010-06-18,4242978,94.0,"['Español', 'English']",Released,Monsters,6.2,587,2010,6,3742978,8.485956
450000,15624,en,4.442355,"['Prophecy Pictures Ltd.', 'Gordonstreet Pictures']","['United Kingdom', 'United States of America']",2006-06-07,973525,84.0,['English'],Released,Conversations with Other Women,6.2,38,2006,6,523525,2.163388888888889
439000,3062,en,1.933366,['Warner Bros.'],['United States of America'],1933-02-02,2281000,89.0,['English'],Released,42nd Street,6.1,37,1933,2,1842000,5.195899772209567
400000,8193,en,23.603514,"['Paramount Pictures', 'Fox Searchlight Pictures', 'MTV Films', 'Access Films', 'Napoleon Pictures Limited', 'Carnival Films']",['United States of America'],2004-06-11,46118097,95.0,['English'],Released,Napoleon Dynamite,6.7,554,2004,6,45718097,115.2952425
15000,23827,en,47.456823,"['Blumhouse Productions', 'Solana Films']",['United States of America'],2007-09-14,193355800,86.0,['English'],Released,Paranormal Activity,5.9,1316,2007,9,193340800,12890.386666666667
400000,762,en,64.782984,"['Python (Monty) Pictures Limited', 'Michael White Productions', 'National Film Trustee Company', 'Twickenham Film Studios']",['United Kingdom'],1975-03-13,5028948,91.0,"['Français', 'Latin', 'English']",Released,Monty Python and the Holy Grail,7.8,1708,1975,3,4628948,12.57237
218,1435,en,1.063439,[],['United States of America'],2003-10-19,1162014,91.0,['English'],Released,Tarnation,7.5,22,2003,10,1161796,5330.339449541284
35000000,9029,da,38.100488,"['Twentieth Century Fox Film Corporation', 'Regency Enterprises', 'Mosaic Media Group', '21 Laps Entertainment', 'Penn Station Entertainment', 'Dune Entertainment III']",['United States of America'],2008-05-07,170000000,99.0,"['English', '']",Released,What Happens in Vegas,5.8,923,2008,5,135000000,4.857142857142857
860000,11240,en,3.703005,"['Channel Four Films', 'Working Title Films', 'SAF Productions']",['United Kingdom'],1985-09-07,2451545,97.0,['English'],Released,My Beautiful Laundrette,6.6,51,1985,9,1591545,2.8506337209302326
385907,3059,en,3.232447,"['Triangle Film Corporation', 'Wark Producing Corp.']",['United States of America'],1916-09-04,8394751,197.0,['English'],Released,Intolerance,7.4,60,1916,9,8008844,21.75330066570443
379000,65203,en,0.968865,['Metro-Goldwyn-Mayer (MGM)'],['United States of America'],1929-02-08,4358000,100.0,['English'],Released,The Broadway Melody,5.0,19,1929,2,3979000,11.49868073878628
350000,764,en,35.037625,['Renaissance Pictures'],['United States of America'],1981-10-15,29400000,85.0,['English'],Released,The Evil Dead,7.3,894,1981,10,29050000,84.0
6000000,103620,en,19.331884,"['La Petite Reine', 'Studio 37', 'Canal+', 'Ciné+']","['France', 'United States of America']",2012-12-26,31081,89.0,['English'],Released,Maniac,6.0,316,2012,12,-5968919,0.005180166666666666
300000,14278,en,1.085909,['Thinkfilm'],['United States of America'],2005-07-22,1750211,88.0,['English'],Released,Murderball,6.9,23,2005,7,1450211,5.834036666666667
350000,389,en,59.259204,"['United Artists', 'Orion-Nova Productions']",['United States of America'],1957-03-25,1000000,96.0,['English'],Released,12 Angry Men,8.2,2078,1957,3,650000,2.857142857142857
325000,3078,en,11.871424,['Columbia Pictures Corporation'],['United States of America'],1934-02-22,4500000,105.0,['English'],Released,It Happened One Night,7.7,275,1934,2,4175000,13.846153846153847
300000,21525,en,1.314576,"['Paramount Pictures', 'MTV Films']",['United States of America'],2003-01-23,7808524,112.0,['English'],Released,Tupac: Resurrection,8.0,26,2003,1,7508524,26.028413333333333
312000,55123,en,1.505703,['Fine Line Features'],['United States of America'],1999-11-28,1281176,102.0,['English'],Released,Tumbleweeds,6.2,11,1999,11,969176,4.106333333333334
8,11980,en,11.818333,['Dimension Films'],['United States of America'],1995-09-01,16,98.0,['English'],Released,The Prophecy,6.4,138,1995,9,8,2.0
300000,73981,en,0.055868,"['Pandora Filmproduktion', 'Monsoon Films Private Limited', 'Pan Nalin Pictures', 'Sunrise Filmvertriebs AG']","['India', 'Switzerland', 'Germany']",2001-09-20,2074000,101.0,"['English', 'हिन्दी']",Released,Ayurveda: Art of Being,5.5,3,2001,9,1774000,6.913333333333333
300000,118452,en,0.374291,"['Forensic Films', 'Toast Films']",['United States of America'],1998-08-07,40542,94.0,['English'],Released,"First Love, Last Rites",3.0,1,1998,8,-259458,0.13514
300000,13282,en,6.473667,['New World Pictures'],['United States of America'],1975-04-27,8000000,80.0,['English'],Released,Death Race 2000,5.9,124,1975,4,7700000,26.666666666666668
250000,2255,en,20.601483,"['Miramax Films', 'View Askew Productions']",['United States of America'],1997-04-04,12021272,113.0,['English'],Released,Chasing Amy,6.7,433,1997,4,11771272,48.085088
250000,50035,en,1.45917,[],['United States of America'],2001-08-31,4186931,91.0,['English'],Released,Lovely & Amazing,6.3,23,2001,8,3936931,16.747724
250000,431,en,44.656151,"['Téléfilm Canada', 'Feature Film Project', 'Cube Libre', 'Harold Greenberg Fund', 'Odeon Films', 'Ontario Film Development Corporation', 'Viacom Canada']",['Canada'],1997-09-09,501818,90.0,"['Deutsch', 'English']",Released,Cube,6.9,1069,1997,9,251818,2.007272
250,51942,en,0.293649,['Bill Plympton Studios'],['United States of America'],1998-08-28,203,72.0,['English'],Released,I Married a Strange Person!,7.5,12,1998,8,-47,0.812
250000,60420,en,21.825564,"['Paramount Vantage', 'Andrea Sperling Productions', 'Indian Paintbrush', 'Super Crispy Entertainment', 'Ascension Productions']",['United States of America'],2011-10-28,3542353,90.0,['English'],Released,Like Crazy,6.4,381,2011,10,3292353,14.169412
250000,109729,en,6.978907,"['Filmworks/FX', 'Prettybird', 'Post Empire Films', 'Sodium Fox']",['United States of America'],2013-07-29,56825,99.0,['English'],Released,The Canyons,4.1,75,2013,7,-193175,0.2273
245000,3060,en,0.785744,['Metro-Goldwyn-Mayer (MGM)'],['United States of America'],1925-11-05,22000000,151.0,[],Released,The Big Parade,7.0,21,1925,11,21755000,89.79591836734694
230000,18533,en,18.450613,"['EM Media', 'Aramid Entertainment Fund', 'Vertigo Films', 'Str8jacket Creations', '4DH Films', 'Perfume Films']",['United Kingdom'],2008-10-09,2260712,92.0,['English'],Released,Bronson,6.9,733,2008,10,2030712,9.829182608695652
225000,139948,en,0.126676,['Apostle Productions'],['United States of America'],2012-11-01,111300,86.0,['English'],Released,Burn,6.9,6,2012,11,-113700,0.49466666666666664
100000,70478,en,1.183892,[],[],1969-07-25,27000000,69.0,[],Released,The Stewardesses,4.3,5,1969,7,26900000,270.0
210000,35073,en,2.043661,['Jack Dietz Productions'],['United States of America'],1953-06-13,5000000,80.0,"['English', 'Français']",Released,"The Beast from 20,000 Fathoms",6.7,41,1953,6,4790000,23.80952380952381
400000,9659,en,33.142185,"['Kennedy Miller Productions', 'Mad Max Films', 'Crossroads']",['Australia'],1979-04-12,100000000,93.0,['English'],Released,Mad Max,6.6,1213,1979,4,99600000,250.0
200000,10218,en,13.971674,"['Miramax Films', 'Independent Pictures (II)', 'The Alfred Shay Company Inc.']",['United States of America'],1996-10-18,4505922,94.0,['English'],Released,Swingers,6.8,253,1996,10,4305922,22.52961
200000,391,it,38.771062,"['United Artists', 'Constantin Film Produktion', 'Jolly Film', 'Ocean Films']","['Italy', 'Germany', 'Spain']",1964-09-12,14500000,99.0,"['Italiano', 'Español']",Released,A Fistful of Dollars,7.6,883,1964,9,14300000,72.5
200000,43595,en,0.622752,['Paramount Pictures'],['United States of America'],1933-02-09,2200000,66.0,['English'],Released,She Done Him Wrong,5.1,27,1933,2,2000000,11.0
200000,54897,en,0.616283,['GraceWorks Pictures'],['United States of America'],2011-02-25,2295733,101.0,['English'],Released,The Grace Card,6.5,10,2011,2,2095733,11.478665
180000,21334,fa,7.072118,['The Institute for the Intellectual Development of Children & Young Adults'],['Iran'],1997-08-01,900000,89.0,['فارسی'],Released,Children of Heaven,7.8,112,1997,8,720000,5.0
8000,79120,en,1.041254,"['EM Media', 'The Bureau', 'Glendale Picture Company', 'Synchronicity Films']",['United Kingdom'],2011-09-22,469947,96.0,['English'],Released,Weekend,7.4,163,2011,9,461947,58.743375
100000,55420,en,25.402697,['Artists Public Domain'],['United States of America'],2011-07-22,1776935,92.0,['English'],Released,Another Earth,6.8,527,2011,7,1676935,17.76935
150000,5822,en,0.132878,['Yeah'],['United States of America'],1971-04-23,15200000,97.0,['English'],Released,Sweet Sweetback's Baadasssss Song,4.6,18,1971,4,15050000,101.33333333333333
150000,39141,en,8.570328,"['IFC Productions', 'InDigEnt (Independent Digital Entertainment)', 'Miramax', 'Dolly Hall Productions']",['United States of America'],2002-11-01,2891288,78.0,"['English', 'Français']",Released,Tadpole,5.5,19,2002,11,2741288,19.275253333333332
160000,5723,en,19.052179,"['Summit Entertainment', 'Samson Films', 'RTE']",['Ireland'],2007-03-23,20710513,85.0,['English'],Released,Once,7.3,453,2007,3,20550513,129.44070625
160000,1779,en,3.284903,"['Warner Bros.', 'Dog Eat Dog Films']",['United States of America'],1989-09-01,6706368,91.0,['English'],Released,Roger & Me,7.4,90,1989,9,6546368,41.9148
125000,84355,en,12.833247,['Ada Films'],['United States of America'],2011-09-11,3200000,90.0,['English'],Released,Your Sister's Sister,6.5,137,2011,9,3075000,25.6
8500000,339408,en,9.452808,"['Phantom Four', 'Mandalay Pictures', 'Bron Studios', 'Tiny Giant Entertainment']",['United States of America'],2016-09-09,15861566,120.0,['English'],Released,The Birth of a Nation,6.5,178,2016,9,7361566,1.866066588235294
100000,18925,en,4.563698,['Destination Films'],['United States of America'],2006-09-29,10178331,111.0,['English'],Released,Facing the Giants,6.6,64,2006,9,10078331,101.78331
100000,299245,en,18.045782,"['New Line Cinema', 'Blumhouse Productions', 'Management 360', 'Tremendum Pictures']",['United States of America'],2015-07-10,42664410,87.0,['English'],Released,The Gallows,4.9,361,2015,7,42564410,426.6441
10000,985,en,20.399578,"['American Film Institute (AFI)', 'Libra Films']",['United States of America'],1977-03-19,7000000,89.0,['English'],Released,Eraserhead,7.5,485,1977,3,6990000,700.0
60000,473,en,27.788067,"['Truth and Soul Pictures Inc', 'Protozoa Pictures', 'Harvest Filmworks', 'Plantain Films']",['United States of America'],1998-07-10,3221152,84.0,['English'],Released,Pi,7.1,586,1998,7,3161152,53.68586666666667
65000,9372,en,10.400603,['Kathbur Pictures'],['United States of America'],2004-01-17,28575078,100.0,['English'],Released,Super Size Me,6.6,506,2004,1,28510078,439.6165846153846
65000,47607,en,2.380332,['Tiny Ponies'],['United States of America'],2010-11-12,416498,99.0,['English'],Released,Tiny Furniture,5.6,59,2010,11,351498,6.4076615384615385
4000000,242095,en,27.662696,"['Automatik Entertainment', 'Low Spark Films', 'Signal Film Group']",['United States of America'],2014-03-15,600896,95.0,['English'],Released,The Signal,5.8,631,2014,3,-3399104,0.150224
31192,42151,en,1.330379,[],['United Kingdom'],2009-09-01,10000,89.0,['English'],Released,Down Terrace,6.3,26,2009,9,-21192,0.32059502436522186
27000,2292,en,19.748658,"['Miramax Films', 'View Askew Productions']",['United States of America'],1994-09-13,3151130,92.0,['English'],Released,Clerks,7.4,755,1994,9,3124130,116.70851851851852
12000,692,en,4.553644,['Dreamland Productions'],['United States of America'],1972-03-12,6000000,93.0,['English'],Released,Pink Flamingos,6.2,110,1972,3,5988000,500.0
20000,36095,ja,0.212443,['Daiei Studios'],['Japan'],1997-11-06,99000,111.0,['日本語'],Released,Cure,7.4,63,1997,11,79000,4.95
7000,14337,en,23.307949,['Thinkfilm'],['United States of America'],2004-10-08,424760,77.0,['English'],Released,Primer,6.9,658,2004,10,417760,60.68
220000,9367,es,14.269792,['Columbia Pictures'],"['Mexico', 'United States of America']",1992-09-04,2040920,81.0,['Español'],Released,El Mariachi,6.6,238,1992,9,1820920,9.276909090909092
